id,full_name,email,gender,location.city,location.country,birthday,employer,salary,remarks,record_date
1,Christy Switzer,cswitzer0@fema.gov,M,Pujilí,Ecuador,12/27/1982,Topdrive,109477.12,"Morbi porttitor lorem id ligula. Suspendisse ornare consequat lectus. In est risus, auctor sed, tristique in, tempus sit amet, sem.",2018-07-03 03:39:35
2,Consalve Loughran,cloughran1@marketwatch.com,M,Shuangqiaoping,China,3/17/1980,Riffpedia,14602.96,"Phasellus sit amet erat. Nulla tempus. Vivamus in felis eu sapien cursus vestibulum.

Proin eu mi. Nulla ac enim. In tempor, turpis nec euismod scelerisque, quam turpis adipiscing lorem, vitae mattis nibh ligula nec sem.

Duis aliquam convallis nunc. Proin at turpis a pede posuere nonummy. Integer non velit.",2017-10-27 00:45:38
3,Susette Aldwich,saldwich2@statcounter.com,F,Lebao,Indonesia,11/27/2004,Leexo,62780.85,"Cras mi pede, malesuada in, imperdiet et, commodo vulputate, justo. In blandit ultrices enim. Lorem ipsum dolor sit amet, consectetuer adipiscing elit.",2018-01-02 22:41:31
4,Marla Brewett,mbrewett3@vimeo.com,F,Arauco,Chile,1/4/1960,Dabjam,171979.22,"Cum sociis natoque penatibus et magnis dis parturient montes, nascetur ridiculus mus. Vivamus vestibulum sagittis sapien. Cum sociis natoque penatibus et magnis dis parturient montes, nascetur ridiculus mus.

Etiam vel augue. Vestibulum rutrum rutrum neque. Aenean auctor gravida sem.

Praesent id massa id nisl venenatis lacinia. Aenean sit amet justo. Morbi ut odio.",2018-03-15 11:33:59
5,Jermaine Rickis,jrickis4@google.nl,M,Cachadinha,Portugal,9/2/1995,Skajo,121836.48,"In quis justo. Maecenas rhoncus aliquam lacus. Morbi quis tortor id nulla ultrices aliquet.

Maecenas leo odio, condimentum id, luctus nec, molestie sed, justo. Pellentesque viverra pede ac diam. Cras pellentesque volutpat dui.

Maecenas tristique, est et tempus semper, est quam pharetra magna, ac consequat metus sapien ut nunc. Vestibulum ante ipsum primis in faucibus orci luctus et ultrices posuere cubilia Curae; Mauris viverra diam vitae quam. Suspendisse potenti.",2018-08-02 18:45:31
6,Maurise Pellissier,mpellissier5@4shared.com,F,Jankomir,Croatia,11/23/1963,Jayo,16921.02,"Quisque id justo sit amet sapien dignissim vestibulum. Vestibulum ante ipsum primis in faucibus orci luctus et ultrices posuere cubilia Curae; Nulla dapibus dolor vel est. Donec odio justo, sollicitudin ut, suscipit a, feugiat et, eros.",2018-02-01 06:50:56
7,Zorine Lorence,zlorence6@flavors.me,F,Santa Ana,El Salvador,7/3/2004,Skibox,42807.16,"Fusce posuere felis sed lacus. Morbi sem mauris, laoreet ut, rhoncus aliquet, pulvinar sed, nisl. Nunc rhoncus dui vel sem.

Sed sagittis. Nam congue, risus semper porta volutpat, quam pede lobortis ligula, sit amet eleifend pede libero quis orci. Nullam molestie nibh in lectus.

Pellentesque at nulla. Suspendisse potenti. Cras in purus eu magna vulputate luctus.",2018-09-30 06:20:05
8,Johannah Pallent,,F,Barang,Indonesia,6/14/1991,,158381.65,"Sed ante. Vivamus tortor. Duis mattis egestas metus.

Aenean fermentum. Donec ut mauris eget massa tempor convallis. Nulla neque libero, convallis eget, eleifend luctus, ultricies eu, nibh.

Quisque id justo sit amet sapien dignissim vestibulum. Vestibulum ante ipsum primis in faucibus orci luctus et ultrices posuere cubilia Curae; Nulla dapibus dolor vel est. Donec odio justo, sollicitudin ut, suscipit a, feugiat et, eros.",2018-05-01 15:29:58
9,Yuma Kniveton,ykniveton8@mail.ru,M,Mīrābād,Afghanistan,9/11/1962,Oyondu,94184.61,"Nam ultrices, libero non mattis pulvinar, nulla pede ullamcorper augue, a suscipit nulla elit ac nulla. Sed vel enim sit amet nunc viverra dapibus. Nulla suscipit ligula in lacus.",2018-08-09 17:38:34
10,Ab Astman,aastman9@cisco.com,M,Hongqi,China,1/29/2000,Thoughtsphere,39265.02,"Cum sociis natoque penatibus et magnis dis parturient montes, nascetur ridiculus mus. Vivamus vestibulum sagittis sapien. Cum sociis natoque penatibus et magnis dis parturient montes, nascetur ridiculus mus.",2018-05-28 13:36:18
11,Roshelle Schottli,rschottlia@tripadvisor.com,F,Lipnik,Poland,6/5/1952,Yoveo,137005.25,"Quisque porta volutpat erat. Quisque erat eros, viverra eget, congue eget, semper rutrum, nulla. Nunc purus.

Phasellus in felis. Donec semper sapien a libero. Nam dui.",2018-09-18 04:58:40
12,Alanah Dillinger,adillingerb@netscape.com,F,Xiaqiao,China,12/26/1973,Latz,188874.21,"Quisque id justo sit amet sapien dignissim vestibulum. Vestibulum ante ipsum primis in faucibus orci luctus et ultrices posuere cubilia Curae; Nulla dapibus dolor vel est. Donec odio justo, sollicitudin ut, suscipit a, feugiat et, eros.

Vestibulum ac est lacinia nisi venenatis tristique. Fusce congue, diam id ornare imperdiet, sapien urna pretium nisl, ut volutpat sapien arcu sed augue. Aliquam erat volutpat.

In congue. Etiam justo. Etiam pretium iaculis justo.",2018-01-10 11:25:25
13,Simonette Steuart,ssteuartc@vimeo.com,F,Sirnarasa,Indonesia,3/12/1983,Meetz,11523.16,"Maecenas leo odio, condimentum id, luctus nec, molestie sed, justo. Pellentesque viverra pede ac diam. Cras pellentesque volutpat dui.",2018-09-05 00:55:14
14,Towney Brookshaw,tbrookshawd@posterous.com,M,Hucheng,China,8/12/1967,Yacero,59083.74,Suspendisse potenti. In eleifend quam a odio. In hac habitasse platea dictumst.,2018-05-12 23:32:15
15,Margaretha Bushnell,mbushnelle@goo.ne.jp,F,Oliveira,Brazil,11/4/1991,Skimia,53862.61,"Nulla ut erat id mauris vulputate elementum. Nullam varius. Nulla facilisi.

Cras non velit nec nisi vulputate nonummy. Maecenas tincidunt lacus at velit. Vivamus vel nulla eget eros elementum pellentesque.",2017-11-22 18:25:58
16,Franchot Morter,fmorterf@dell.com,M,Presa,Portugal,10/20/1995,Plambee,38486.32,"Mauris enim leo, rhoncus sed, vestibulum sit amet, cursus id, turpis. Integer aliquet, massa id lobortis convallis, tortor risus dapibus augue, vel accumsan tellus nisi eu orci. Mauris lacinia sapien quis libero.

Nullam sit amet turpis elementum ligula vehicula consequat. Morbi a ipsum. Integer a nibh.

In quis justo. Maecenas rhoncus aliquam lacus. Morbi quis tortor id nulla ultrices aliquet.",2018-09-15 18:47:27
17,Rikki Sterry,rsterryg@virginia.edu,F,Gayam,Indonesia,12/22/1969,Vinte,94410.98,"Phasellus sit amet erat. Nulla tempus. Vivamus in felis eu sapien cursus vestibulum.

Proin eu mi. Nulla ac enim. In tempor, turpis nec euismod scelerisque, quam turpis adipiscing lorem, vitae mattis nibh ligula nec sem.

Duis aliquam convallis nunc. Proin at turpis a pede posuere nonummy. Integer non velit.",2017-11-09 17:05:05
18,Harwell Planque,hplanqueh@washington.edu,M,Francisco Villa,Mexico,9/26/1978,Rhynoodle,176876.27,Duis bibendum. Morbi non quam nec dui luctus rutrum. Nulla tellus.,2018-01-26 01:28:52
19,Petr Fleeman,pfleemani@ucla.edu,M,Azurduy,Bolivia,3/28/2010,Devcast,48105.6,"Nullam porttitor lacus at turpis. Donec posuere metus vitae ipsum. Aliquam non mauris.

Morbi non lectus. Aliquam sit amet diam in magna bibendum imperdiet. Nullam orci pede, venenatis non, sodales sed, tincidunt eu, felis.",2018-02-12 02:15:43
20,Abdel Buggs,,M,Masaguisi,Philippines,11/23/1997,,93167.16,"In hac habitasse platea dictumst. Morbi vestibulum, velit id pretium iaculis, diam erat fermentum justo, nec condimentum neque sapien placerat ante. Nulla justo.

Aliquam quis turpis eget elit sodales scelerisque. Mauris sit amet eros. Suspendisse accumsan tortor quis turpis.",2017-11-26 17:19:31
21,Gilles Schumacher,gschumacherk@boston.com,M,Brzeszcze,Poland,9/6/1987,Mymm,43345.5,Fusce consequat. Nulla nisl. Nunc nisl.,2017-12-11 21:08:49
22,Evin Alman,ealmanl@typepad.com,M,Fengyang,China,3/13/1973,Quamba,99594.34,"Mauris enim leo, rhoncus sed, vestibulum sit amet, cursus id, turpis. Integer aliquet, massa id lobortis convallis, tortor risus dapibus augue, vel accumsan tellus nisi eu orci. Mauris lacinia sapien quis libero.",2018-03-16 20:04:42
23,Cris Ricciardo,cricciardom@meetup.com,M,Oslo,Norway,10/4/2005,Topiczoom,81142.04,"Curabitur at ipsum ac tellus semper interdum. Mauris ullamcorper purus sit amet nulla. Quisque arcu libero, rutrum ac, lobortis vel, dapibus at, diam.",2018-07-16 20:59:15
24,Meryl Authers,mauthersn@nymag.com,M,Shigutang,China,8/1/2002,Trilia,170587.56,"Nulla ut erat id mauris vulputate elementum. Nullam varius. Nulla facilisi.

Cras non velit nec nisi vulputate nonummy. Maecenas tincidunt lacus at velit. Vivamus vel nulla eget eros elementum pellentesque.",2018-10-06 11:06:52
25,Sileas Giuroni,sgiuronio@g.co,F,Tornio,Finland,10/18/2006,Kwideo,47228.96,"Phasellus sit amet erat. Nulla tempus. Vivamus in felis eu sapien cursus vestibulum.

Proin eu mi. Nulla ac enim. In tempor, turpis nec euismod scelerisque, quam turpis adipiscing lorem, vitae mattis nibh ligula nec sem.",2018-03-27 08:22:02
26,Stanislas Fossord,sfossordp@dailymotion.com,M,Bangonay,Philippines,1/21/2005,Zoombox,107709.04,"Phasellus in felis. Donec semper sapien a libero. Nam dui.

Proin leo odio, porttitor id, consequat in, consequat ut, nulla. Sed accumsan felis. Ut at dolor quis odio consequat varius.

Integer ac leo. Pellentesque ultrices mattis odio. Donec vitae nisi.",2017-11-03 18:34:40
27,Terrill Measey,tmeaseyq@geocities.jp,M,Lijia,China,4/7/1977,Thoughtsphere,191227.75,"Lorem ipsum dolor sit amet, consectetuer adipiscing elit. Proin risus. Praesent lectus.",2018-09-18 15:25:50
28,Luke Allot,lallotr@homestead.com,M,Penggakrajeng,Indonesia,10/26/1952,Kwinu,112627.12,"Nullam porttitor lacus at turpis. Donec posuere metus vitae ipsum. Aliquam non mauris.

Morbi non lectus. Aliquam sit amet diam in magna bibendum imperdiet. Nullam orci pede, venenatis non, sodales sed, tincidunt eu, felis.",2018-09-03 15:22:27
29,Brockie Hearley,bhearleys@si.edu,M,Sadská,Czech Republic,4/25/1966,Camimbo,26498.89,Nullam porttitor lacus at turpis. Donec posuere metus vitae ipsum. Aliquam non mauris.,2018-06-26 17:21:26
30,Rem Hackelton,rhackeltont@home.pl,M,Cantao-an,Philippines,1/22/2001,Flashdog,58844.82,In hac habitasse platea dictumst. Etiam faucibus cursus urna. Ut tellus.,2018-07-16 06:00:40
31,Celesta Maunders,cmaundersu@discovery.com,F,Numan,Nigeria,2/19/1982,Livetube,187628.12,"Integer tincidunt ante vel ipsum. Praesent blandit lacinia erat. Vestibulum sed magna at nunc commodo placerat.

Praesent blandit. Nam nulla. Integer pede justo, lacinia eget, tincidunt eget, tempus vel, pede.

Morbi porttitor lorem id ligula. Suspendisse ornare consequat lectus. In est risus, auctor sed, tristique in, tempus sit amet, sem.",2018-05-23 08:56:52
32,Gussi Scottesmoor,gscottesmoorv@ucla.edu,F,Saint-Grégoire,France,1/3/1992,Jazzy,58795.94,"Vestibulum ac est lacinia nisi venenatis tristique. Fusce congue, diam id ornare imperdiet, sapien urna pretium nisl, ut volutpat sapien arcu sed augue. Aliquam erat volutpat.

In congue. Etiam justo. Etiam pretium iaculis justo.",2018-10-23 10:32:51
33,Fabio Burchnall,fburchnallw@huffingtonpost.com,M,Bardīyah,Libya,5/1/1980,Tambee,16855.48,"In hac habitasse platea dictumst. Morbi vestibulum, velit id pretium iaculis, diam erat fermentum justo, nec condimentum neque sapien placerat ante. Nulla justo.

Aliquam quis turpis eget elit sodales scelerisque. Mauris sit amet eros. Suspendisse accumsan tortor quis turpis.",2018-01-02 01:56:46
34,Cy Doret,cdoretx@yolasite.com,M,Tía Juana,Venezuela,7/22/1990,Yodoo,188655.83,"In quis justo. Maecenas rhoncus aliquam lacus. Morbi quis tortor id nulla ultrices aliquet.

Maecenas leo odio, condimentum id, luctus nec, molestie sed, justo. Pellentesque viverra pede ac diam. Cras pellentesque volutpat dui.",2018-05-26 15:29:00
35,Gothart MacGilrewy,gmacgilrewyy@businesswire.com,M,Puqi,China,11/9/2001,Vipe,70086.14,"Fusce posuere felis sed lacus. Morbi sem mauris, laoreet ut, rhoncus aliquet, pulvinar sed, nisl. Nunc rhoncus dui vel sem.

Sed sagittis. Nam congue, risus semper porta volutpat, quam pede lobortis ligula, sit amet eleifend pede libero quis orci. Nullam molestie nibh in lectus.",2018-04-17 08:41:53
36,Jodie Woolforde,jwoolfordez@godaddy.com,F,Calçada,Portugal,12/21/1996,Jaxspan,73656.35,"Maecenas tristique, est et tempus semper, est quam pharetra magna, ac consequat metus sapien ut nunc. Vestibulum ante ipsum primis in faucibus orci luctus et ultrices posuere cubilia Curae; Mauris viverra diam vitae quam. Suspendisse potenti.

Nullam porttitor lacus at turpis. Donec posuere metus vitae ipsum. Aliquam non mauris.

Morbi non lectus. Aliquam sit amet diam in magna bibendum imperdiet. Nullam orci pede, venenatis non, sodales sed, tincidunt eu, felis.",2017-12-19 15:11:34
37,Rickie Rottger,rrottger10@taobao.com,M,Orsay,France,3/14/1991,Skyvu,45693.01,Nullam porttitor lacus at turpis. Donec posuere metus vitae ipsum. Aliquam non mauris.,2018-02-15 01:17:23
38,Wilbur Betser,wbetser11@myspace.com,M,Al Khamīs,Yemen,4/3/1979,Centizu,178811.9,"Mauris enim leo, rhoncus sed, vestibulum sit amet, cursus id, turpis. Integer aliquet, massa id lobortis convallis, tortor risus dapibus augue, vel accumsan tellus nisi eu orci. Mauris lacinia sapien quis libero.",2018-09-04 09:54:04
39,Conway Alfonso,calfonso12@chronoengine.com,M,Pangkajene,Indonesia,3/10/2002,Babblestorm,60002.43,"Morbi non lectus. Aliquam sit amet diam in magna bibendum imperdiet. Nullam orci pede, venenatis non, sodales sed, tincidunt eu, felis.",2018-08-24 12:33:52
40,Reidar O'Spillane,rospillane13@hibu.com,M,Oslo,Norway,10/25/2009,Wordtune,190432.01,Duis aliquam convallis nunc. Proin at turpis a pede posuere nonummy. Integer non velit.,2017-11-28 22:12:18
41,Laurie Fitzgerald,lfitzgerald14@oaic.gov.au,M,General Luna,Philippines,2/22/1987,Browsebug,65572.14,"Aenean lectus. Pellentesque eget nunc. Donec quis orci eget orci vehicula condimentum.

Curabitur in libero ut massa volutpat convallis. Morbi odio odio, elementum eu, interdum eu, tincidunt in, leo. Maecenas pulvinar lobortis est.",2018-10-02 10:10:26
42,Franciska Clardge,fclardge15@nsw.gov.au,F,Bruzual,Venezuela,10/22/1987,Babbleopia,33025.07,"Morbi non lectus. Aliquam sit amet diam in magna bibendum imperdiet. Nullam orci pede, venenatis non, sodales sed, tincidunt eu, felis.

Fusce posuere felis sed lacus. Morbi sem mauris, laoreet ut, rhoncus aliquet, pulvinar sed, nisl. Nunc rhoncus dui vel sem.",2018-04-19 11:25:08
43,Allistir Hortop,ahortop16@techcrunch.com,M,Dalmatovo,Russia,7/31/1972,Demimbu,188395.37,"Aenean fermentum. Donec ut mauris eget massa tempor convallis. Nulla neque libero, convallis eget, eleifend luctus, ultricies eu, nibh.

Quisque id justo sit amet sapien dignissim vestibulum. Vestibulum ante ipsum primis in faucibus orci luctus et ultrices posuere cubilia Curae; Nulla dapibus dolor vel est. Donec odio justo, sollicitudin ut, suscipit a, feugiat et, eros.

Vestibulum ac est lacinia nisi venenatis tristique. Fusce congue, diam id ornare imperdiet, sapien urna pretium nisl, ut volutpat sapien arcu sed augue. Aliquam erat volutpat.",2017-12-25 14:09:21
44,Warner Pepi,wpepi17@example.com,M,Vilarinho,Portugal,11/14/1994,Vitz,114539.24,"Sed sagittis. Nam congue, risus semper porta volutpat, quam pede lobortis ligula, sit amet eleifend pede libero quis orci. Nullam molestie nibh in lectus.",2017-12-17 03:32:34
45,Jackie Picknett,jpicknett18@ow.ly,M,Independencia,Mexico,12/4/2006,Twinte,67777.24,"Vestibulum ac est lacinia nisi venenatis tristique. Fusce congue, diam id ornare imperdiet, sapien urna pretium nisl, ut volutpat sapien arcu sed augue. Aliquam erat volutpat.",2018-08-13 09:17:13
46,Rafaelita Epinoy,repinoy19@umn.edu,F,Chikan,China,10/26/1972,Zoomcast,192675.76,"Lorem ipsum dolor sit amet, consectetuer adipiscing elit. Proin risus. Praesent lectus.

Vestibulum quam sapien, varius ut, blandit non, interdum in, ante. Vestibulum ante ipsum primis in faucibus orci luctus et ultrices posuere cubilia Curae; Duis faucibus accumsan odio. Curabitur convallis.",2018-01-11 19:25:58
47,Margery Marnane,mmarnane1a@technorati.com,F,Hengqu,China,12/3/1989,Quatz,32799.14,Sed ante. Vivamus tortor. Duis mattis egestas metus.,2018-07-04 20:26:09
48,Beau Filliskirk,bfilliskirk1b@cbslocal.com,M,Ḩurayḑah,Yemen,2/21/1989,BlogXS,139091.85,"Nullam porttitor lacus at turpis. Donec posuere metus vitae ipsum. Aliquam non mauris.

Morbi non lectus. Aliquam sit amet diam in magna bibendum imperdiet. Nullam orci pede, venenatis non, sodales sed, tincidunt eu, felis.",2018-09-26 11:54:55
49,Morganne Behrend,mbehrend1c@deviantart.com,F,Triánta,Greece,9/27/1955,Quire,180486.47,"In sagittis dui vel nisl. Duis ac nibh. Fusce lacus purus, aliquet at, feugiat non, pretium quis, lectus.

Suspendisse potenti. In eleifend quam a odio. In hac habitasse platea dictumst.",2018-02-18 19:16:24
50,Nat Hackinge,nhackinge1d@netvibes.com,F,Cullinan,South Africa,7/28/1988,Oba,138171.86,"Proin interdum mauris non ligula pellentesque ultrices. Phasellus id sapien in sapien iaculis congue. Vivamus metus arcu, adipiscing molestie, hendrerit at, vulputate vitae, nisl.

Aenean lectus. Pellentesque eget nunc. Donec quis orci eget orci vehicula condimentum.",2017-11-30 00:45:19
