kia,https://philkotse.com/kia-carnival-for-sale-in-las-pinas/sell-white-2016-automatic-diesel-aid7083053
kia,https://philkotse.com/kia-carens-for-sale-in-davao-city/selling-used-2010-automatic-diesel-at-61000-km-aid6504742
kia,https://philkotse.com/kia-grand-carnival-for-sale-in-quezon-city/white-facelifted-carnival-noblesse-2020-for-sale-in-aid7080622
kia,https://philkotse.com/kia-sorento-for-sale-in-cebu-city/sell-used-2010-at-63000-km-in-aid7079882
kia,https://philkotse.com/kia-picanto-for-sale-in-quezon-city/red-2018-hatchback-at-6000-km-for-sale-aid7079823
kia,https://philkotse.com/kia-picanto-for-sale-in-lucena/selling-2nd-hand-2017-at-10000-km-in-aid7077192
kia,https://philkotse.com/kia-carens-for-sale-in-dumaguete/used-2008-manual-diesel-for-sale-aid7077013
kia,https://philkotse.com/kia-picanto-for-sale-in-lucena/selling-used-2016-automatic-in-aid7077022
kia,https://philkotse.com/kia-grand-carnival-for-sale-in-quezon-city/black-facelifted-carnival-platinum-g6-2020-for-sale-in-aid7076932
kia,https://philkotse.com/kia-grand-carnival-for-sale-in-quezon-city/white-facelifted-carnival-platinum-g6-2020-for-sale-in-aid7076952
kia,https://philkotse.com/kia-picanto-for-sale-in-quezon-city/2017-at-9000-km-for-sale-in-aid7076972
kia,https://philkotse.com/kia-soluto-for-sale-in-manila/brand-new-2019-sedan-for-sale-in-aid7076592
kia,https://philkotse.com/kia-carnival-for-sale-in-pasig/sell-2010-automatic-diesel-in-aid7015242
kia,https://philkotse.com/kia-picanto-for-sale-in-pasig/2016-automatic-for-sale-aid7066382
kia,https://philkotse.com/kia-rio-for-sale-in-pateros/selling-white-2012-at-79000-km-aid7052502
kia,https://philkotse.com/kia-picanto-for-sale-in-paranaque/sell-2nd-hand-2014-hatchback-in-metro-manila-aid7047002
kia,https://philkotse.com/kia-k2500-for-sale-in-pasay/selling-brand-new-2019-in-aid7039113
kia,https://philkotse.com/kia-soluto-for-sale-in-pasay/brand-new-2019-for-sale-in-aid7038293
kia,https://philkotse.com/kia-carnival-for-sale-in-las-pinas/selling-2nd-hand-2012-automatic-diesel-in-metro-manila-aid7033182
kia,https://philkotse.com/kia-forte-for-sale-in-quezon-city/sell-black-2013-sedan-in-aid7017862
kia,https://philkotse.com/kia-picanto-for-sale-in-makati/2nd-hand-2015-hatchback-for-sale-in-aid7027892
kia,https://philkotse.com/kia-carens-for-sale-in-lemery164/2008-automatic-diesel-for-sale-aid6987033
kia,https://philkotse.com/kia-carens-for-sale-in-quezon-city/2007-automatic-diesel-for-sale-aid6986943
kia,https://philkotse.com/kia-sportage-for-sale-in-bacoor/selling-2nd-hand-2015-at-33013-km-aid6986933
kia,https://philkotse.com/kia-sorento-for-sale-in-makati/white-2013-at-45000-km-for-sale-in-aid6982362
kia,https://philkotse.com/kia-picanto-for-sale-in-calumpit/sell-2nd-hand-2014-hatchback-in-bulacan-aid6903982
kia,https://philkotse.com/kia-carnival-for-sale-in-pasig/2010-automatic-diesel-at-69000-km-for-sale-aid6939973
kia,https://philkotse.com/kia-sportage-for-sale-in-liloan463/selling-2009-in-liloan-aid6945692
kia,https://philkotse.com/kia-sorento-for-sale-in-las-pinas/sportage-2015-at-50000-km-for-sale-in-aid6623772
kia,https://philkotse.com/kia-k2700-for-sale-in-lipa/selling-white-2011-in-aid6928812
kia,https://philkotse.com/kia-optima-for-sale-in-las-pinas/white-2013-at-16000-km-for-sale-in-metro-manila-aid6923703
kia,https://philkotse.com/kia-sportage-for-sale-in-lemery164/sell-black-2008-at-85000-km-in-lemery-aid6923733
kia,https://philkotse.com/kia-sorento-for-sale-in-makati/2013-automatic-diesel-for-sale-in-aid6923853
kia,https://philkotse.com/kia-soluto-for-sale-in-mandaluyong/selling-brand-new-grey-2019-aid6875482
kia,https://philkotse.com/kia-picanto-for-sale-in-mandaluyong/selling-brand-new-hatchback-2019-aid6875292
kia,https://philkotse.com/kia-sorento-for-sale-in-lemery164/2nd-hand-suv-white-2013-for-sale-aid6158052
kia,https://philkotse.com/kia-sorento-for-sale-in-pasig/selling-2nd-hand-2008-automatic-black-aid6857272
kia,https://philkotse.com/kia-picanto-for-sale-in-pasig/selling-silver-2014-manual-at-30000-km-aid6857092
kia,https://philkotse.com/kia-picanto-for-sale-in-cebu-city/selling-2nd-hand-2015-at-60000-km-aid6859512
kia,https://philkotse.com/kia-carnival-for-sale-in-dumaguete/2nd-hand-grey-2007-for-sale-in-aid6849762
kia,https://philkotse.com/kia-picanto-for-sale-in-quezon1124/selling-gray-2013-gasoline-manual-in-quezon-aid6820143
kia,https://philkotse.com/kia-rio-for-sale-in-malolos/2nd-hand-white-2009-gasoline-manual-aid6821572
kia,https://philkotse.com/kia-sportage-for-sale-in-iguig/2nd-hand-silver-2010-automatic-in-aid6821123
kia,https://philkotse.com/kia-sorento-for-sale-in-pasig/2004-at-90000-km-for-sale-in-aid6834413
kia,https://philkotse.com/kia-carnival-for-sale-in-lipa/selling-black-2001-120000-km-in-aid6846973
kia,https://philkotse.com/kia-picanto-for-sale-in-carmona/sell-brown-2014-at-21000-km-in-aid6832642
kia,https://philkotse.com/kia-k2500-for-sale-in-quezon-city/2018-for-sale-aid6810532
kia,https://philkotse.com/kia-rio-for-sale-in-balingasag/2013-for-sale-aid6803723
kia,https://philkotse.com/kia-picanto-for-sale-in-lucena/ex-2017-for-sale-aid6803972
kia,https://philkotse.com/kia-sorento-for-sale-in-marikina/2005-lx-4x4-at-for-sale-aid6770652
kia,https://philkotse.com/kia-sorento-for-sale-in-baguio/2011-22-crdi-awd-diesel-at-for-sale-aid6480033
kia,https://philkotse.com/kia-soul-for-sale-in-akbar/2010-for-sale-aid6770032
kia,https://philkotse.com/kia-rio-for-sale-in-abra-de-ilog/2014-model-for-sale-aid6767832
kia,https://philkotse.com/kia-rio-for-sale-in-plaridel296/2009-for-sale-aid6760582
kia,https://philkotse.com/kia-carens-for-sale-in-quezon-city/2013-17-lx-4x2-for-sale-aid6742922
kia,https://philkotse.com/kia-sportage-for-sale-in-quezon-city/2016-crdi-20-4x2-diesel-at-for-sale-aid6743072
kia,https://philkotse.com/kia-rio-for-sale-in-santa-rosa796/2014-for-sale-aid6680053
kia,https://philkotse.com/kia-soul-for-sale-in-balaoan/2011-for-sale-aid6699423
kia,https://philkotse.com/kia-picanto-for-sale-in-makati/2017-12-for-sale-aid6682033
kia,https://philkotse.com/kia-picanto-for-sale-in-cavite-city/2015-mt-for-sale-aid6548572
kia,https://philkotse.com/kia-rio-for-sale-in-santa-rosa796/2014-for-sale-aid6680062
kia,https://philkotse.com/kia-picanto-for-sale-in-san-fernando1200/2011-for-sale-aid6670963
kia,https://philkotse.com/kia-picanto-for-sale-in-mabalacat/2015-for-sale-aid6635653
kia,https://philkotse.com/kia-picanto-for-sale-in-cabanatuan/2013-ex-for-sale-aid6623623
kia,https://philkotse.com/kia-pregio-for-sale-in-manila/2001-for-sale-aid6594632
kia,https://philkotse.com/kia-soul-for-sale-in-makati/black-2017-manual-diesel-for-sale-in-aid7082491
kia,https://philkotse.com/kia-rio-for-sale-in-muntinlupa/grey-2015-for-sale-in-aid7080771
kia,https://philkotse.com/kia-sorento-for-sale-in-paranaque/selling-silver-2013-in-paraaque-aid7080461
kia,https://philkotse.com/kia-sportage-for-sale-in-muntinlupa/sell-red-2015-at-50000-km-aid7080351
kia,https://philkotse.com/kia-carens-for-sale-in-makati/2007-for-sale-in-aid7079591
kia,https://philkotse.com/kia-grand-carnival-for-sale-in-makati/2019-manual-gasoline-for-sale-in-aid7079191
kia,https://philkotse.com/kia-rio-for-sale-in-pavia/selling-2nd-hand-2014-hatchback-automatic-gasoline-at-70000-km-in-aid7079111
kia,https://philkotse.com/kia-grand-carnival-for-sale-in-manila/brand-new-2019-for-sale-in-aid7077941
kia,https://philkotse.com/kia-k2500-for-sale-in-pasay/2018-for-sale-in-aid7077881
kia,https://philkotse.com/kia-picanto-for-sale-in-san-pedro/selling-2016-at-10000-km-in-aid7076361
kia,https://philkotse.com/kia-rio-for-sale-in-lapu-lapu/2nd-hand-2012-for-sale-in-aid7076271
kia,https://philkotse.com/kia-sorento-for-sale-in-las-pinas/sell-2nd-hand-2006-automatic-diesel-at-27000-km-in-las-pias-aid7075801
kia,https://philkotse.com/kia-rio-for-sale-in-talisay486/selling-white-2014-automatic-gasoline-aid7074751
kia,https://philkotse.com/kia-sportage-for-sale-in-marikina/2015-for-sale-in-aid7074511
kia,https://philkotse.com/kia-k2700-for-sale-in-paranaque/2nd-hand-2014-for-sale-in-paraaque-aid7074181
kia,https://philkotse.com/kia-grand-carnival-for-sale-in-angeles/2017-automatic-diesel-for-sale-in-aid7073421
kia,https://philkotse.com/kia-rio-for-sale-in-mandaue/selling-2014-sedan-automatic-gasoline-in-aid7073411
kia,https://philkotse.com/kia-sorento-for-sale-in-las-pinas/2nd-hand-2006-at-22000-km-for-sale-aid7073021
kia,https://philkotse.com/kia-picanto-for-sale-in-lapu-lapu/2013-for-sale-in-aid7073011
kia,https://philkotse.com/kia-picanto-for-sale-in-pasig/2nd-hand-2016-for-sale-in-aid7072451
kia,https://philkotse.com/kia-carens-for-sale-in-bula349/2nd-hand-2009-manual-diesel-for-sale-in-bula-aid7072091
kia,https://philkotse.com/kia-sedona-for-sale-in-silang/selling-2nd-hand-2003-in-aid7071551
kia,https://philkotse.com/kia-sorento-for-sale-in-bogo/selling-automatic-gasoline-in-aid7071031
kia,https://philkotse.com/kia-soul-for-sale-in-quezon-city/selling-2nd-hand-2012-in-aid7070911
kia,https://philkotse.com/kia-picanto-for-sale-in-quezon-city/2011-for-sale-in-aid7070341
kia,https://philkotse.com/kia-picanto-for-sale-in-lapu-lapu/2nd-hand-2015-at-30000-km-for-sale-in-aid7070071
kia,https://philkotse.com/kia-sorento-for-sale-in-cebu-city/2nd-hand-2012-automatic-diesel-for-sale-in-aid7069951
kia,https://philkotse.com/kia-sorento-for-sale-in-cebu-city/2013-manual-diesel-for-sale-in-aid7069931
kia,https://philkotse.com/kia-picanto-for-sale-in-manila/2013-automatic-gasoline-for-sale-in-aid7069641
kia,https://philkotse.com/kia-picanto-for-sale-in-las-pinas/selling-2014-automatic-gasoline-in-las-pias-aid7068641
kia,https://philkotse.com/kia-sportage-for-sale-in-paranaque/selling-2nd-hand-2013-automatic-diesel-at-52300-km-in-paraaque-aid7068451
kia,https://philkotse.com/kia-rio-for-sale-in-san-pedro/2nd-hand-2016-for-sale-in-aid7068231
kia,https://philkotse.com/kia-carnival-for-sale-in-taal/2nd-hand-2012-for-sale-in-aid7068201
kia,https://philkotse.com/kia-rio-for-sale-in-kawit/sell-2nd-hand-2012-at-38500-km-in-aid7068001
kia,https://philkotse.com/kia-picanto-for-sale-in-cagayan-de-oro/2nd-hand-2016-manual-gasoline-for-sale-in-aid7067911
kia,https://philkotse.com/kia-sportage-for-sale-in-lapu-lapu/red-manual-diesel-for-sale-in-aid7067761
kia,https://philkotse.com/kia-rio-for-sale-in-davao-city/2014-manual-gasoline-for-sale-in-aid7067351
kia,https://philkotse.com/kia-picanto-for-sale-in-iligan/2011-manual-gasoline-for-sale-in-aid7067211
kia,https://philkotse.com/kia-carnival-for-sale-in-paranaque/2002-for-sale-in-paraaque-aid7066771
kia,https://philkotse.com/kia-grand-carnival-for-sale-in-las-pinas/2nd-hand-2018-at-10000-km-for-sale-aid7066261
kia,https://philkotse.com/kia-pregio-for-sale-in-quezon-city/2nd-hand-2002-manual-diesel-for-sale-in-aid7065741
kia,https://philkotse.com/kia-picanto-for-sale-in-quezon-city/selling-2nd-hand-2012-at-50000-km-in-aid7064411
kia,https://philkotse.com/kia-rio-for-sale-in-cebu-city/sell-brand-new-2016-sedan-at-20000-km-in-aid7064231
kia,https://philkotse.com/kia-sedona-for-sale-in-guagua/selling-2nd-hand-2005-in-aid7063651
kia,https://philkotse.com/kia-rio-for-sale-in-butuan/2nd-hand-2007-for-sale-in-aid7063311
kia,https://philkotse.com/kia-sportage-for-sale-in-manila/sell-brown-2014-in-aid7061801
kia,https://philkotse.com/kia-picanto-for-sale-in-quezon-city/selling-black-2017-automatic-gasoline-aid7061351
kia,https://philkotse.com/kia-forte-for-sale-in-quezon-city/selling-black-2013-automatic-gasoline-in-aid7061061
kia,https://philkotse.com/kia-besta-for-sale-in-caloocan/selling-van-for-sale-in-aid7060971
kia,https://philkotse.com/kia-sportage-for-sale-in-quezon-city/2nd-hand-2008-for-sale-in-aid7059971
kia,https://philkotse.com/kia-sportage-for-sale-in-paranaque/2nd-hand-2016-for-sale-in-paraaque-aid7059841
kia,https://philkotse.com/kia-sorento-for-sale-in-cebu-city/selling-2nd-hand-2012-at-40000-km-in-aid7059241
kia,https://philkotse.com/kia-soul-for-sale-in-paranaque/2011-for-sale-in-paraaque-aid7058861
kia,https://philkotse.com/kia-pregio-for-sale-in-santa-lucia/selling-2000-manual-diesel-in-aid7058751
kia,https://philkotse.com/kia-picanto-for-sale-in-san-mateo/2004-for-sale-in-aid7058651
kia,https://philkotse.com/kia-k2500-for-sale-in-angeles/sell-2nd-hand-2019-van-in-aid7058331
kia,https://philkotse.com/kia-carnival-for-sale-in-quezon-city/2nd-hand-2012-automatic-diesel-for-sale-in-aid7058181
kia,https://philkotse.com/kia-sorento-for-sale-in-pasay/2013-for-sale-in-aid7058151
kia,https://philkotse.com/kia-picanto-for-sale-in-quezon-city/2nd-hand-2018-for-sale-in-aid7057711
kia,https://philkotse.com/kia-sportage-for-sale-in-jasaan/selling-manual-diesel-in-aid7057401
kia,https://philkotse.com/kia-carnival-for-sale-in-san-juan/2nd-hand-2007-for-sale-in-aid7056741
kia,https://philkotse.com/kia-sportage-for-sale-in-paranaque/2nd-hand-2012-for-sale-in-paraaque-aid7056311
kia,https://philkotse.com/kia-soluto-for-sale-in-dasmarinas/brand-new-2019-automatic-gasoline-for-sale-in-dasmarias-aid7056261
kia,https://philkotse.com/kia-picanto-for-sale-in-makati/selling-2nd-hand-2011-in-aid7056031
kia,https://philkotse.com/kia-rio-for-sale-in-carmona/2014-manual-gasoline-for-sale-in-aid7055761
kia,https://philkotse.com/kia-picanto-for-sale-in-rodriguez/selling-2015-at-80000-km-in-aid7055741
kia,https://philkotse.com/kia-k2500-for-sale-in-manila/brand-new-2019-for-sale-in-aid7055081
kia,https://philkotse.com/kia-grand-carnival-for-sale-in-manila/2019-automatic-diesel-for-sale-in-aid7055061
kia,https://philkotse.com/kia-sportage-for-sale-in-quezon-city/white-2012-at-48000-km-for-sale-in-aid7054071
kia,https://philkotse.com/kia-sportage-for-sale-in-cebu-city/selling-2nd-hand-2009-in-aid7053831
kia,https://philkotse.com/kia-picanto-for-sale-in-liloan463/selling-2015-at-12000-km-in-liloan-aid7053541
kia,https://philkotse.com/kia-carens-for-sale-in-taguig/2nd-hand-2007-for-sale-in-aid7053421
kia,https://philkotse.com/kia-sportage-for-sale-in-mandaue/selling-2nd-hand-2006-in-aid7053311
kia,https://philkotse.com/kia-picanto-for-sale-in-magalang/selling-2012-at-18000-km-in-aid7053171
kia,https://philkotse.com/kia-sportage-for-sale-in-teresa/2007-manual-diesel-for-sale-in-aid7052571
kia,https://philkotse.com/kia-rio-for-sale-in-pateros/2nd-hand-2012-for-sale-in-aid7052391
kia,https://philkotse.com/kia-picanto-for-sale-in-marikina/2nd-hand-2018-for-sale-in-aid7051881
kia,https://philkotse.com/kia-carens-for-sale-in-paranaque/selling-2nd-hand-2009-in-paraaque-aid7051861
kia,https://philkotse.com/kia-picanto-for-sale-in-santa-rosa796/selling-2012-at-28000-km-in-santa-rosa-aid7051611
kia,https://philkotse.com/kia-carnival-for-sale-in-paranaque/2nd-hand-2012-automatic-diesel-for-sale-in-paraaque-aid7051271
kia,https://philkotse.com/kia-sportage-for-sale-in-taal/selling-2nd-hand-2009-automatic-diesel-at-67000-km-in-aid7051221
kia,https://philkotse.com/kia-soluto-for-sale-in-makati/selling-2019-manual-gasoline-in-aid7051061
kia,https://philkotse.com/kia-soluto-for-sale-in-makati/2019-for-sale-in-aid7050891
kia,https://philkotse.com/kia-sorento-for-sale-in-pasig/2011-for-sale-in-aid7050851
kia,https://philkotse.com/kia--for-sale-in-pasay/selling-panoramic-2019-manual-diesel-in-aid7050601
kia,https://philkotse.com/kia-carnival-for-sale-in-las-pinas/sell-2nd-hand-2016-at-40000-km-in-las-pias-aid7050391
kia,https://philkotse.com/kia-sportage-for-sale-in-cebu-city/selling-2nd-hand-2007-in-aid7050051
kia,https://philkotse.com/kia-rio-for-sale-in-manila/sell-silver-2015-in-aid7049631
kia,https://philkotse.com/kia-carnival-for-sale-in-manila/2010-for-sale-in-aid7049501
kia,https://philkotse.com/kia-sportage-for-sale-in-talisay486/2nd-hand-2009-automatic-diesel-for-sale-in-talisay-aid7049121
kia,https://philkotse.com/kia-rio-for-sale-in-marikina/2nd-hand-2012-manual-gasoline-for-sale-in-aid7048151
kia,https://philkotse.com/kia-sportage-for-sale-in-paranaque/grey-2011-for-sale-automatic-aid7047821
kia,https://philkotse.com/kia-rio-for-sale-in-manila/white-2011-for-sale-manual-aid7047761
kia,https://philkotse.com/kia-soul-for-sale-in-manila/sell-silver-2017-at-43426-km-in-aid7047631
kia,https://philkotse.com/kia-carens-for-sale-in-quezon-city/sell-black-2007-at-109000-km-aid7047091
kia,https://philkotse.com/kia-picanto-for-sale-in-tagbilaran/selling-white-2015-manual-gasoline-at-30000-km-in-aid7046501
kia,https://philkotse.com/kia-grand-carnival-for-sale-in-pasig/selling-red-2017-automatic-diesel-in-aid7046231
kia,https://philkotse.com/kia-picanto-for-sale-in-cagayan-de-oro/2nd-hand-2017-at-13000-km-for-sale-in-aid7046011
kia,https://philkotse.com/kia-picanto-for-sale-in-angeles/2nd-hand-2011-for-sale-in-aid7045791
kia,https://philkotse.com/kia-k2500-for-sale-in-quezon-city/brand-new-2019-manual-diesel-for-sale-in-aid7045221
kia,https://philkotse.com/kia-rio-for-sale-in-pasig/sell-2nd-hand-2015-hatchback-at-30000-km-in-aid7044891
kia,https://philkotse.com/kia-rio-for-sale-in-manila/selling-2015-manual-gasoline-in-aid7044661
kia,https://philkotse.com/kia-picanto-for-sale-in-manila/selling-2nd-hand-2012-in-aid7043811
kia,https://philkotse.com/kia-sportage-for-sale-in-quezon-city/selling-2015-automatic-gasoline-in-aid7043271
kia,https://philkotse.com/kia-sportage-for-sale-in-cebu-city/2009-for-sale-in-aid7043071
kia,https://philkotse.com/kia-sorento-for-sale-in-quezon-city/2nd-hand-2008-for-sale-in-aid7042781
kia,https://philkotse.com/kia-rio-for-sale-in-valenzuela/selling-2nd-hand-in-aid7042681
kia,https://philkotse.com/kia-carens-for-sale-in-baguio/2007-for-sale-in-aid7042371
kia,https://philkotse.com/kia-kc2700-for-sale-in-paranaque/selling-2003-manual-diesel-in-paraaque-aid7041061
kia,https://philkotse.com/kia-picanto-for-sale-in-morong/2nd-hand-2007-hatchback-at-manual-gasoline-for-sale-in-aid7040961
kia,https://philkotse.com/kia-pregio-for-sale-in-taguig/selling-2nd-hand-1997-in-aid7040691
kia,https://philkotse.com/kia-picanto-for-sale-in-morong/2005-manual-gasoline-for-sale-in-aid7040261
kia,https://philkotse.com/kia-picanto-for-sale-in-morong/2nd-hand-2005-hatchback-at-manual-gasoline-for-sale-in-aid7040211
kia,https://philkotse.com/kia-carens-for-sale-in-tagbilaran/2nd-hand-2009-at-90000-km-for-sale-aid7039931
kia,https://philkotse.com/kia-rio-for-sale-in-baybay/selling-brand-new-2017-at-24000-km-in-aid7039911
kia,https://philkotse.com/kia-sorento-for-sale-in-manila/selling-2014-automatic-diesel-in-aid7039881
kia,https://philkotse.com/kia-picanto-for-sale-in-abuyog/selling-2016-automatic-gasoline-in-aid7039871
kia,https://philkotse.com/kia-soluto-for-sale-in-quezon-city/brand-new-2019-manual-gasoline-for-sale-in-aid7039601
kia,https://philkotse.com/kia-rio-for-sale-in-talisay486/sell-grey-2013-in-talisay-aid7038501
kia,https://philkotse.com/kia-sorento-for-sale-in-manila/selling-silver-2014-at-10000-km-in-aid7036891
kia,https://philkotse.com/kia-picanto-for-sale-in-valenzuela/2008-for-sale-in-aid7036451
kia,https://philkotse.com/kia-picanto-for-sale-in-palayan/2016-automatic-gasoline-for-sale-in-aid7035781
kia,https://philkotse.com/kia-rio-for-sale-in-las-pinas/2nd-hand-2014-automatic-gasoline-for-sale-in-las-pias-aid7035311
kia,https://philkotse.com/kia-k2500-for-sale-in-manila/2019-manual-diesel-for-sale-in-aid7034881
kia,https://philkotse.com/kia-soluto-for-sale-in-makati/selling-2019-automatic-gasoline-in-aid7034851
kia,https://philkotse.com/kia-soluto-for-sale-in-manila/2019-manual-gasoline-for-sale-in-aid7034801
kia,https://philkotse.com/kia-carnival-for-sale-in-san-ildefonso298/2010-automatic-diesel-for-sale-in-san-ildefonso-aid7034701
kia,https://philkotse.com/kia-k2500-for-sale-in-makati/selling-brand-new-2019-in-aid7033811
kia,https://philkotse.com/kia-rio-for-sale-in-manila/selling-2nd-hand-2015-in-aid7033651
kia,https://philkotse.com/kia-soul-for-sale-in-mandaue/2nd-hand-2010-for-sale-in-aid7033581
kia,https://philkotse.com/kia-picanto-for-sale-in-makati/2nd-hand-2018-automatic-gasoline-for-sale-in-aid7033571
kia,https://philkotse.com/kia-picanto-for-sale-in-calapan/selling-2005-at-110000-km-in-aid7033191
kia,https://philkotse.com/kia-sportage-for-sale-in-dasmarinas/2nd-hand-1996-for-sale-in-dasmarias-aid7033151
kia,https://philkotse.com/kia-picanto-for-sale-in-mandaluyong/2nd-hand-2015-for-sale-in-aid7033031
kia,https://philkotse.com/kia-picanto-for-sale-in-pasay/2019-manual-gasoline-for-sale-in-aid7032891
kia,https://philkotse.com/kia-carens-for-sale-in-manila/sell-2nd-hand-2007-at-130000-km-in-aid7032721
kia,https://philkotse.com/kia-rio-for-sale-in-cainta/2nd-hand-2018-hatchback-at-automatic-gasoline-for-sale-in-aid7032691
kia,https://philkotse.com/kia-sorento-for-sale-in-makati/2019-for-sale-in-aid7032151
kia,https://philkotse.com/kia-sportage-for-sale-in-makati/brand-new-2019-automatic-diesel-for-sale-in-aid7032051
kia,https://philkotse.com/kia-picanto-for-sale-in-mandaue/2015-manual-gasoline-for-sale-in-aid7031971
kia,https://philkotse.com/kia-carnival-for-sale-in-makati/2019-for-sale-in-aid7031951
kia,https://philkotse.com/kia-carnival-for-sale-in-makati/2019-automatic-diesel-for-sale-in-aid7031501
kia,https://philkotse.com/kia-sorento-for-sale-in-cebu-city/2nd-hand-used-2014-for-sale-in-aid7031451
kia,https://philkotse.com/kia-stinger-for-sale-in-makati/brand-new-2019-automatic-diesel-for-sale-in-aid7031211
kia,https://philkotse.com/kia-rio-for-sale-in-makati/selling-2019-automatic-diesel-in-aid7031081
kia,https://philkotse.com/kia-soluto-for-sale-in-makati/2019-manual-gasoline-for-sale-in-aid7030531
kia,https://philkotse.com/kia-soluto-for-sale-in-makati/selling-2019-sedan-for-sale-in-aid7030421
kia,https://philkotse.com/kia-sorento-for-sale-in-makati/selling-2019-automatic-diesel-in-aid7030321
kia,https://philkotse.com/kia-soluto-for-sale-in-makati/selling-2019-manual-gasoline-in-aid7030311
kia,https://philkotse.com/kia-picanto-for-sale-in-makati/2015-automatic-gasoline-for-sale-in-aid7030291
kia,https://philkotse.com/kia-soluto-for-sale-in-makati/selling-2019-manual-diesel-in-aid7030161
kia,https://philkotse.com/kia-k2500-for-sale-in-makati/selling-2019-manual-diesel-in-aid7029961
kia,https://philkotse.com/kia-sorento-for-sale-in-makati/brand-new-2019-automatic-diesel-for-sale-in-aid7029791
kia,https://philkotse.com/kia-soluto-for-sale-in-makati/2019-automatic-gasoline-for-sale-in-aid7029741
kia,https://philkotse.com/kia-grand-carnival-for-sale-in-makati/selling-brand-new-2019-in-aid7029681
kia,https://philkotse.com/kia-sportage-for-sale-in-noveleta/2nd-hand-1997-for-sale-in-aid7028621
kia,https://philkotse.com/kia-carens-for-sale-in-san-pedro/selling-2008-automatic-diesel-in-aid7028581
kia,https://philkotse.com/kia-rio-for-sale-in-antipolo/2nd-hand-2011-automatic-gasoline-for-sale-in-aid7028411
kia,https://philkotse.com/kia-sorento-for-sale-in-paranaque/selling-2013-automatic-diesel-in-paraaque-aid7028171
kia,https://philkotse.com/kia-pregio-for-sale-in-manila/2nd-hand-2001-for-sale-in-aid7028101
kia,https://philkotse.com/kia-sorento-for-sale-in-talisay486/selling-2007-automatic-diesel-in-talisay-aid7028051
kia,https://philkotse.com/kia-carnival-for-sale-in-binangonan/selling-2nd-hand-2003-in-aid7026751
kia,https://philkotse.com/kia-rio-for-sale-in-lapu-lapu/2010-for-sale-in-aid7026271
kia,https://philkotse.com/kia-sorento-for-sale-in-santa-rosa796/selling-2014-automatic-diesel-in-santa-rosa-aid7025931
kia,https://philkotse.com/kia-rio-for-sale-in-quezon-city/2nd-hand-2013-manual-gasoline-for-sale-in-aid7025751
kia,https://philkotse.com/kia-picanto-for-sale-in-lapu-lapu/selling-2013-at-20000-km-in-aid7025411
kia,https://philkotse.com/kia-sorento-for-sale-in-mandaue/2nd-hand-2012-for-sale-in-aid7025351
kia,https://philkotse.com/kia-soluto-for-sale-in-quezon-city/2019-for-sale-in-aid7024991
kia,https://philkotse.com/kia-carens-for-sale-in-cabiao/selling-2012-automatic-diesel-in-aid7024911
kia,https://philkotse.com/kia-grand-carnival-for-sale-in-quezon-city/brand-new-2019-for-sale-in-aid7024841
kia,https://philkotse.com/kia-carens-for-sale-in-pasig/sell-2nd-hand-2014-at-45000-km-in-aid7024611
kia,https://philkotse.com/kia-sorento-for-sale-in-cebu-city/2013-manual-diesel-for-sale-in-aid7024531
kia,https://philkotse.com/kia-grand-carnival-for-sale-in-malabon/brand-new-2018-automatic-diesel-for-sale-in-aid7023751
kia,https://philkotse.com/kia-picanto-for-sale-in-talisay486/sell-2nd-hand-2018-manual-gasoline-at-6545-km-in-talisay-aid7023291
kia,https://philkotse.com/kia-grand-carnival-for-sale-in-makati/brand-new-2019-automatic-diesel-for-sale-in-aid7023231
kia,https://philkotse.com/kia-sportage-for-sale-in-pasig/selling-2nd-hand-2014-in-aid7023171
kia,https://philkotse.com/kia-rio-for-sale-in-marikina/sell-2nd-hand-2019-hatchback-in-aid7022681
kia,https://philkotse.com/kia-carnival-for-sale-in-muntinlupa/selling-2001-manual-diesel-in-aid7022511
kia,https://philkotse.com/kia-forte-for-sale-in-quezon-city/sell-2nd-hand-2013-automatic-gasoline-at-33622-km-in-aid7019681
kia,https://philkotse.com/kia-k2700-for-sale-in-tuba/2011-for-sale-in-aid7019651
kia,https://philkotse.com/kia-besta-for-sale-in-meycauayan/2007-manual-diesel-for-sale-in-aid7019401
kia,https://philkotse.com/kia-carens-for-sale-in-pasig/selling-2nd-hand-2014-in-aid7018931
kia,https://philkotse.com/kia-picanto-for-sale-in-cainta/2nd-hand-2014-at-32000-km-for-sale-aid7018501
kia,https://philkotse.com/kia-sportage-for-sale-in-cebu-city/2009-for-sale-in-aid7017991
kia,https://philkotse.com/kia-stinger-for-sale-in-pasay/2019-automatic-gasoline-for-sale-in-aid7017621
kia,https://philkotse.com/kia-stinger-for-sale-in-malabon/automatic-gasoline-for-sale-in-aid7017571
kia,https://philkotse.com/kia-forte-for-sale-in-quezon-city/2019-for-sale-aid7017301
kia,https://philkotse.com/kia-soluto-for-sale-in-quezon-city/selling-2019-automatic-gasoline-aid7017291
kia,https://philkotse.com/kia-sportage-for-sale-in-mandaue/2008-for-sale-in-aid7017001
kia,https://philkotse.com/kia-rio-for-sale-in-butuan/selling-2nd-hand-2016-at-24000-km-in-aid7016951
kia,https://philkotse.com/kia-soluto-for-sale-in-mandaluyong/2019-automatic-gasoline-for-sale-in-aid7016371
kia,https://philkotse.com/kia-carnival-for-sale-in-cagayan-de-oro/2008-automatic-diesel-for-sale-in-aid7016071
kia,https://philkotse.com/kia-rio-for-sale-in-pasig/selling-2nd-hand-2010-manual-gasoline-at-76000-km-in-aid7015541
kia,https://philkotse.com/kia-carnival-for-sale-in-pasig/selling-2010-at-69000-km-in-aid7015381
kia,https://philkotse.com/kia-sorento-for-sale-in-cebu-city/selling-2012-at-40000-km-in-aid7014841
kia,https://philkotse.com/kia-sorento-for-sale-in-cebu-city/selling-2nd-hand-2012-automatic-diesel-at-40000-km-in-aid7014321
kia,https://philkotse.com/kia-sportage-for-sale-in-malabon/brand-new-2019-for-sale-in-aid7014251
kia,https://philkotse.com/kia-grand-carnival-for-sale-in-manila/selling-2nd-hand-2017-in-aid7014221
kia,https://philkotse.com/kia-picanto-for-sale-in-manila/selling-red-2017-manual-gasoline-at-8445-km-aid7014011
kia,https://philkotse.com/kia-rio-for-sale-in-manila/selling-white-2016-manual-gasoline-aid7013991
kia,https://philkotse.com/kia-rio-for-sale-in-manila/sell-grey-2017-gasoline-automatic-aid7013921
kia,https://philkotse.com/kia-picanto-for-sale-in-talisay486/sell-grey-2012-at-10000-km-in-talisay-aid7013781
kia,https://philkotse.com/kia-sorento-for-sale-in-cebu-city/2013-for-sale-in-aid7012421
kia,https://philkotse.com/kia-picanto-for-sale-in-manila/sell-orange-2007-at-33400-km-aid7011841
kia,https://philkotse.com/kia-picanto-for-sale-in-makati/white-2017-for-sale-in-aid7011781
kia,https://philkotse.com/kia-soul-for-sale-in-makati/selling-green-2018-manual-diesel-at-13000-km-in-aid7011691
kia,https://philkotse.com/kia-carnival-for-sale-in-dasmarinas/2001-for-sale-in-dasmarias-aid7011391
kia,https://philkotse.com/kia-rio-for-sale-in-davao-city/selling-2013-hatchback-for-sale-in-aid7010861
kia,https://philkotse.com/kia-sportage-for-sale-in-san-fernando1200/automatic-gasoline-for-sale-in-san-fernando-aid7010821
kia,https://philkotse.com/kia-pregio-for-sale-in-quezon-city/selling-2nd-hand-2000-in-aid7009441
kia,https://philkotse.com/kia-picanto-for-sale-in-caloocan/selling-used-2014-in-aid7009431
kia,https://philkotse.com/kia-rio-for-sale-in-bacolod/used-2012-for-sale-in-aid7009381
kia,https://philkotse.com/kia-sorento-for-sale-in-marikina/selling-2nd-hand-2014-in-aid7009351
kia,https://philkotse.com/kia-rio-for-sale-in-cebu-city/2nd-hand-2015-for-sale-in-aid7008861
kia,https://philkotse.com/kia-picanto-for-sale-in-makati/2015-automatic-gasoline-for-sale-in-aid7008661
kia,https://philkotse.com/kia-carnival-for-sale-in-quezon-city/sell-2013-at-110000-km-in-aid7008451
kia,https://philkotse.com/kia-picanto-for-sale-in-cagayan-de-oro/selling-2016-automatic-gasoline-in-aid7008371
kia,https://philkotse.com/kia-soluto-for-sale-in-makati/selling-brand-new-automatic-gasoline-in-aid7008001
kia,https://philkotse.com/kia-picanto-for-sale-in-bacong/sell-2nd-hand-2016-automatic-gasoline-at-50000-km-in-aid7007941
kia,https://philkotse.com/kia-sportage-for-sale-in-lipa/2019-for-sale-in-aid7007191
kia,https://philkotse.com/kia-sorento-for-sale-in-cebu-city/2nd-hand-2013-for-sale-in-aid7007141
kia,https://philkotse.com/kia-sorento-for-sale-in-lipa/used-2013-automatic-diesel-for-sale-in-aid7006941
kia,https://philkotse.com/kia-rio-for-sale-in-makati/selling-2015-hatchback-for-sale-in-aid7006781
kia,https://philkotse.com/kia-sportage-for-sale-in-liloan463/2nd-hand-for-sale-in-liloan-aid7006791
kia,https://philkotse.com/kia--for-sale-in-marikina/used-panoramic-2007-for-sale-in-aid7006671
kia,https://philkotse.com/kia-sportage-for-sale-in-paranaque/2012-automatic-gasoline-for-sale-in-paraaque-aid7006481
kia,https://philkotse.com/kia-grand-carnival-for-sale-in-quezon-city/brand-new-2019-automatic-diesel-for-sale-aid7005831
kia,https://philkotse.com/kia-sportage-for-sale-in-quezon-city/selling-2019-automatic-diesel-aid7005661
kia,https://philkotse.com/kia-sorento-for-sale-in-quezon-city/selling-2019-automatic-diesel-aid7005641
kia,https://philkotse.com/kia-picanto-for-sale-in-quezon-city/selling-2019-manual-gasoline-aid7005651
kia,https://philkotse.com/kia-rio-for-sale-in-quezon-city/selling-2019-automatic-gasoline-aid7005631
kia,https://philkotse.com/kia-grand-carnival-for-sale-in-quezon-city/2019-automatic-diesel-for-sale-aid7005621
kia,https://philkotse.com/kia-picanto-for-sale-in-quezon-city/white-2017-manual-gasoline-for-sale-aid7005571
kia,https://philkotse.com/kia-rio-for-sale-in-quezon-city/selling-brown-2015-in-aid7005511
kia,https://philkotse.com/kia-sportage-for-sale-in-manila/black-2014-at-37000-km-for-sale-aid7005461
kia,https://philkotse.com/kia-picanto-for-sale-in-san-mateo/2015-automatic-gasoline-for-sale-in-aid7005291
kia,https://philkotse.com/kia-rio-for-sale-in-ormoc/sell-2nd-hand-2013-automatic-gasoline-in-aid7004921
kia,https://philkotse.com/kia-rio-for-sale-in-lapu-lapu/selling-used-2015-in-aid7004281
kia,https://philkotse.com/kia-carnival-for-sale-in-manila/brand-new-2020-for-sale-in-aid7003641
kia,https://philkotse.com/kia-sportage-for-sale-in-carmona/used-1996-for-sale-in-aid7003581
kia,https://philkotse.com/kia-soul-for-sale-in-caloocan/selling-2011-automatic-gasoline-in-aid7003561
kia,https://philkotse.com/kia-rio-for-sale-in-angeles/white-2010-for-sale-in-aid7003421
kia,https://philkotse.com/kia-picanto-for-sale-in-cainta/selling-black-2016-in-aid7003161
kia,https://philkotse.com/kia-picanto-for-sale-in-manila/selling-2nd-hand-2011-in-aid7003151
kia,https://philkotse.com/kia-k2700-for-sale-in-las-pinas/selling-2nd-hand-2017-in-las-pias-aid7002181
kia,https://philkotse.com/kia-carens-for-sale-in-las-pinas/2nd-hand-2011-for-sale-in-las-pias-aid7001861
kia,https://philkotse.com/kia-rio-for-sale-in-mandaue/2014-sedan-manual-gasoline-for-sale-in-aid7001791
kia,https://philkotse.com/kia-rio-for-sale-in-mandaluyong/selling-silver-2019-manual-gasoline-aid7001421
kia,https://philkotse.com/kia-soluto-for-sale-in-mandaluyong/brand-new-2019-manual-gasoline-for-sale-aid7001401
kia,https://philkotse.com/kia-grand-carnival-for-sale-in-pasig/red-2017-for-sale-in-aid7001411
kia,https://philkotse.com/kia-stinger-for-sale-in-mandaluyong/brand-new-white-2019-for-sale-aid7001271
kia,https://philkotse.com/kia-picanto-for-sale-in-mandaluyong/white-2019-automatic-gasoline-for-sale-aid7001131
kia,https://philkotse.com/kia-rio-for-sale-in-paranaque/sell-2010-at-91000-km-in-paraaque-aid7000891
kia,https://philkotse.com/kia-stinger-for-sale-in-las-pinas/brand-new-for-sale-in-las-pias-aid7000741
kia,https://philkotse.com/kia-sportage-for-sale-in-mabalacat/sell-2nd-hand-2011-automatic-gasoline-in-aid7000691
kia,https://philkotse.com/kia-grand-carnival-for-sale-in-manila/selling-brand-new-2019-in-aid7000491
kia,https://philkotse.com/kia-k2500-for-sale-in-manila/selling-brand-new-2019-in-aid7000471
kia,https://philkotse.com/kia-sportage-for-sale-in-lapu-lapu/2008-for-sale-in-aid7000171
kia,https://philkotse.com/kia-carnival-for-sale-in-pasig/selling-2nd-hand-2017-in-aid6999791
kia,https://philkotse.com/kia-k2500-for-sale-in-mexico/2018-manual-diesel-for-sale-in-aid6999661
kia,https://philkotse.com/kia-sorento-for-sale-in-pasay/2014-automatic-diesel-for-sale-in-aid6996161
kia,https://philkotse.com/kia-sportage-for-sale-in-quezon-city/selling-2nd-hand-2008-in-aid6995271
kia,https://philkotse.com/kia-sportage-for-sale-in-cebu-city/selling-2013-automatic-diesel-in-aid6995141
kia,https://philkotse.com/kia-sorento-for-sale-in-manila/2013-for-sale-in-aid6994481
kia,https://philkotse.com/kia-rio-for-sale-in-quezon-city/sell-2nd-hand-2014-hatchback-automatic-gasoline-at-40000-km-in-aid6994351
kia,https://philkotse.com/kia-sportage-for-sale-in-cebu-city/2010-automatic-diesel-for-sale-in-aid6993591
kia,https://philkotse.com/kia-forte-for-sale-in-pasig/2017-hatchback-for-sale-in-aid6993311
kia,https://philkotse.com/kia-k2700-for-sale-in-gapan/2002-for-sale-in-aid6993211
kia,https://philkotse.com/kia-rio-for-sale-in-cebu-city/2nd-hand-2015-for-sale-in-aid6992831
kia,https://philkotse.com/kia-rio-for-sale-in-cebu-city/2nd-hand-2010-for-sale-in-aid6992771
kia,https://philkotse.com/kia-rio-for-sale-in-cordova/2010-automatic-gasoline-for-sale-in-aid6992481
kia,https://philkotse.com/kia-rio-for-sale-in-calasiao/selling-2nd-hand-2016-in-aid6992351
kia,https://philkotse.com/kia-k2500-for-sale-in-makati/brand-new-2019-manual-gasoline-for-sale-in-aid6992311
kia,https://philkotse.com/kia--for-sale-in-makati/brand-new-panoramic-manual-diesel-for-sale-in-aid6992211
kia,https://philkotse.com/kia-grand-carnival-for-sale-in-angeles/sell-2nd-hand-2017-in-aid6992021
kia,https://philkotse.com/kia-soluto-for-sale-in-makati/selling-brand-new-automatic-gasoline-in-aid6991871
kia,https://philkotse.com/kia-rio-for-sale-in-mandaluyong/selling-2018-hatchback-for-sale-in-aid6991791
kia,https://philkotse.com/kia-grand-carnival-for-sale-in-makati/selling-2019-automatic-diesel-in-aid6991751
kia,https://philkotse.com/kia-grand-carnival-for-sale-in-makati/brand-new-2019-for-sale-in-aid6991731
kia,https://philkotse.com/kia-grand-carnival-for-sale-in-manila/selling-brand-new-2019-automatic-diesel-in-aid6991711
kia,https://philkotse.com/kia-stinger-for-sale-in-makati/brand-new-for-sale-in-aid6991651
kia,https://philkotse.com/kia-rio-for-sale-in-general-trias/selling-used-2014-at-60000-km-in-aid6991591
kia,https://philkotse.com/kia-soluto-for-sale-in-manila/brand-new-2019-for-sale-in-aid6991351
kia,https://philkotse.com/kia-soluto-for-sale-in-makati/selling-brand-new-automatic-gasoline-in-aid6991241
kia,https://philkotse.com/kia-k2500-for-sale-in-pasay/brand-new-manual-diesel-for-sale-in-aid6991071
kia,https://philkotse.com/kia-picanto-for-sale-in-quezon-city/2013-for-sale-in-aid6991021
kia,https://philkotse.com/kia-sorento-for-sale-in-makati/2013-for-sale-in-aid6989841
kia,https://philkotse.com/kia-picanto-for-sale-in-caloocan/2015-for-sale-in-aid6989781
kia,https://philkotse.com/kia-sorento-for-sale-in-cebu-city/2012-automatic-diesel-for-sale-in-aid6988951
kia,https://philkotse.com/kia-sportage-for-sale-in-cebu-city/selling-2009-automatic-diesel-in-aid6988931
kia,https://philkotse.com/kia-carens-for-sale-in-pasig/2014-manual-diesel-for-sale-in-aid6987711
kia,https://philkotse.com/kia-sportage-for-sale-in-lapu-lapu/selling-2005-manual-gasoline-in-aid6987131
kia,https://philkotse.com/kia-sedona-for-sale-in-bauan/2002-for-sale-in-aid6985951
kia,https://philkotse.com/kia-k2500-for-sale-in-malabon/brand-new-2018-for-sale-in-aid6985131
kia,https://philkotse.com/kia-picanto-for-sale-in-taguig/2011-for-sale-in-aid6984701
kia,https://philkotse.com/kia-soul-for-sale-in-makati/selling-2nd-hand-2010-at-60000-km-in-aid6984491
kia,https://philkotse.com/kia--for-sale-in-pasay/selling-brand-new-panoramic-in-aid6984451
kia,https://philkotse.com/kia-grand-carnival-for-sale-in-makati/brand-new-for-sale-in-aid6984421
kia,https://philkotse.com/kia-soluto-for-sale-in-makati/selling-brand-new-2019-manual-gasoline-in-aid6984371
kia,https://philkotse.com/kia--for-sale-in-makati/brand-new-panoramic-manual-diesel-for-sale-in-aid6984381
kia,https://philkotse.com/kia-sportage-for-sale-in-quezon-city/selling-2nd-hand-2018-automatic-diesel-at-10000-km-in-aid6984191
kia,https://philkotse.com/kia-carens-for-sale-in-pasig/selling-2013-automatic-diesel-in-aid6984161
kia,https://philkotse.com/kia-sorento-for-sale-in-subic/selling-2011-automatic-diesel-in-aid6984071
kia,https://philkotse.com/kia-sportage-for-sale-in-manila/selling-white-2014-automatic-gasoline-in-aid6982261
kia,https://philkotse.com/kia-besta-for-sale-in-baguio/2nd-hand-2006-for-sale-in-aid6981701
kia,https://philkotse.com/kia-picanto-for-sale-in-obando/2017-manual-gasoline-for-sale-in-aid6981521
kia,https://philkotse.com/kia-picanto-for-sale-in-quezon-city/2007-for-sale-in-aid6980801
kia,https://philkotse.com/kia-carnival-for-sale-in-quezon-city/selling-used-2014-automatic-diesel-in-aid6980231
kia,https://philkotse.com/kia-rio-for-sale-in-zamboanga-city1635/2014-automatic-gasoline-for-sale-in-zamboanga-city-aid6980091
kia,https://philkotse.com/kia-sportage-for-sale-in-baguio/selling-2012-automatic-gasoline-in-aid6979351
kia,https://philkotse.com/kia-rio-for-sale-in-quezon-city/2012-automatic-gasoline-for-sale-in-aid6979281
kia,https://philkotse.com/kia-picanto-for-sale-in-caloocan/2014-manual-gasoline-for-sale-in-aid6979201
kia,https://philkotse.com/kia-sorento-for-sale-in-pasig/2004-automatic-gasoline-for-sale-in-aid6979111
kia,https://philkotse.com/kia-carens-for-sale-in-las-pinas/used-2014-for-sale-in-las-pias-aid6979091
kia,https://philkotse.com/kia-sorento-for-sale-in-manila/sell-silver-2007-automatic-diesel-at-106000-km-aid6977011
kia,https://philkotse.com/kia-rio-for-sale-in-cebu-city/white-2010-at-79000-km-for-sale-in-cebu-aid6976981
kia,https://philkotse.com/kia-rio-for-sale-in-cebu-city/sell-white-2016-automatic-gasoline-at-44000-km-aid6976961
kia,https://philkotse.com/kia-rio-for-sale-in-hagonoy/used-2016-for-sale-in-aid6976511
kia,https://philkotse.com/kia-carnival-for-sale-in-cainta/selling-2007-automatic-diesel-in-aid6976201
kia,https://philkotse.com/kia-sorento-for-sale-in-paranaque/2013-automatic-diesel-for-sale-in-paraaque-aid6976041
kia,https://philkotse.com/kia-rio-for-sale-in-talisay486/2014-automatic-gasoline-for-sale-in-talisay-aid6973901
kia,https://philkotse.com/kia-besta-for-sale-in-legazpi/selling-1999-van-for-sale-in-aid6973681
kia,https://philkotse.com/kia-rio-for-sale-in-quezon-city/2014-for-sale-in-aid6973591
kia,https://philkotse.com/kia-rio-for-sale-in-quezon-city/sell-used-2017-in-aid6972691
kia,https://philkotse.com/kia-picanto-for-sale-in-paranaque/2015-manual-gasoline-for-sale-in-paraaque-aid6972631
kia,https://philkotse.com/kia-rio-for-sale-in-lipa/selling-2013-manual-gasoline-in-aid6972291
kia,https://philkotse.com/kia-picanto-for-sale-in-cagayan-de-oro/2017-at-30000-km-for-sale-in-aid6971971
kia,https://philkotse.com/kia-sportage-for-sale-in-mandaue/2009-automatic-diesel-for-sale-in-aid6971821
kia,https://philkotse.com/kia-sorento-for-sale-in-mandaue/2nd-hand-2015-automatic-diesel-for-sale-in-aid6971381
kia,https://philkotse.com/kia-picanto-for-sale-in-santa-rosa796/sell-2nd-hand-2016-automatic-gasoline-in-santa-rosa-aid6971151
kia,https://philkotse.com/kia-pregio-for-sale-in-manila/selling-2nd-hand-in-aid6970861
kia,https://philkotse.com/kia-sorento-for-sale-in-baguio/used-2011-for-sale-in-aid6970281
kia,https://philkotse.com/kia-sportage-for-sale-in-manila/1997-for-sale-in-aid6969881
kia,https://philkotse.com/kia-picanto-for-sale-in-butuan/selling-used-2013-in-aid6969071
kia,https://philkotse.com/kia-picanto-for-sale-in-cagayan-de-oro/used-2017-for-sale-in-aid6968891
kia,https://philkotse.com/kia-sportage-for-sale-in-cebu-city/2010-automatic-diesel-for-sale-in-aid6968631
kia,https://philkotse.com/kia-carnival-for-sale-in-general-mariano-alvarez/2002-automatic-diesel-for-sale-in-aid6968601
kia,https://philkotse.com/kia-carnival-for-sale-in-paranaque/sell-2nd-hand-2013-automatic-diesel-at-40000-km-in-paraaque-aid6968211
kia,https://philkotse.com/kia-picanto-for-sale-in-quezon-city/used-2013-for-sale-in-aid6968061
kia,https://philkotse.com/kia-sportage-for-sale-in-manila/silver-2008-automatic-diesel-for-sale-aid6967741
kia,https://philkotse.com/kia-soluto-for-sale-in-pasay/brand-new-2019-automatic-gasoline-for-sale-in-aid6966731
kia,https://philkotse.com/kia-carnival-for-sale-in-quezon-city/2012-for-sale-in-aid6966471
kia,https://philkotse.com/kia-k2700-for-sale-in-quezon-city/2nd-hand-2017-for-sale-in-aid6965711
kia,https://philkotse.com/kia-mohave-for-sale-in-quezon-city/sell-2nd-hand-2011-automatic-diesel-at-60000-km-in-aid6965451
kia,https://philkotse.com/kia-soul-for-sale-in-quezon-city/2016-manual-diesel-for-sale-in-aid6965411
kia,https://philkotse.com/kia-pregio-for-sale-in-marikina/selling-2nd-hand-2003-in-aid6965171
kia,https://philkotse.com/kia-carnival-for-sale-in-bacolod/2016-automatic-diesel-for-sale-in-aid6965121
kia,https://philkotse.com/kia-pregio-for-sale-in-lemery164/2nd-hand-for-sale-in-lemery-aid6965081
kia,https://philkotse.com/kia-sportage-for-sale-in-paranaque/2012-automatic-gasoline-for-sale-in-paraaque-aid6963161
kia,https://philkotse.com/kia-carnival-for-sale-in-quezon-city/2nd-hand-2012-at-30000-km-for-sale-aid6962891
kia,https://philkotse.com/kia-besta-for-sale-in-ajuy/selling-van-manual-diesel-in-aid6962411
kia,https://philkotse.com/kia-rio-for-sale-in-quezon-city/selling-2009-at-130000-km-in-aid6962161
kia,https://philkotse.com/kia-sportage-for-sale-in-cebu-city/selling-2008-automatic-diesel-in-aid6960171
kia,https://philkotse.com/kia-soul-for-sale-in-taguig/sell-2nd-hand-2010-automatic-gasoline-at-60000-km-in-aid6958851
kia,https://philkotse.com/kia-picanto-for-sale-in-pasig/sell-2nd-hand-2016-at-28500-km-in-aid6958641
kia,https://philkotse.com/kia-rio-for-sale-in-butuan/selling-2011-manual-gasoline-in-aid6958611
kia,https://philkotse.com/kia-sportage-for-sale-in-mabalacat/selling-2nd-hand-2014-in-aid6958111
kia,https://philkotse.com/kia-picanto-for-sale-in-imus/2nd-hand-2015-manual-gasoline-for-sale-in-aid6957071
kia,https://philkotse.com/kia-k2700-for-sale-in-manila/2012-manual-diesel-for-sale-in-aid6956181
kia,https://philkotse.com/kia-picanto-for-sale-in-quezon-city/2nd-hand-2013-manual-gasoline-for-sale-in-aid6956021
kia,https://philkotse.com/kia-sorento-for-sale-in-las-pinas/2nd-hand-2010-for-sale-in-las-pias-aid6955791
kia,https://philkotse.com/kia-sorento-for-sale-in-daraga/2nd-hand-2012-automatic-gasoline-for-sale-in-aid6954871
kia,https://philkotse.com/kia-carnival-for-sale-in-pasay/brand-new-2019-automatic-diesel-for-sale-in-aid6953011
kia,https://philkotse.com/kia-picanto-for-sale-in-pateros/selling-2nd-hand-2005-in-aid6952091
kia,https://philkotse.com/kia-soluto-for-sale-in-quezon-city/brand-new-2019-manual-gasoline-for-sale-in-aid6951851
kia,https://philkotse.com/kia-grand-carnival-for-sale-in-taguig/2019-for-sale-in-aid6951161
kia,https://philkotse.com/kia-picanto-for-sale-in-paranaque/2016-for-sale-in-paraaque-aid6951151
kia,https://philkotse.com/kia-carnival-for-sale-in-manila/selling-2010-automatic-diesel-aid6950631
kia,https://philkotse.com/kia-soul-for-sale-in-pasig/selling-2nd-hand-2016-at-29000-km-in-aid6949551
kia,https://philkotse.com/kia-sorento-for-sale-in-mandaue/2015-automatic-diesel-for-sale-in-aid6949241
kia,https://philkotse.com/kia-sorento-for-sale-in-cebu-city/2nd-hand-2009-for-sale-in-aid6949191
kia,https://philkotse.com/kia-rio-for-sale-in-quezon-city/sell-2012-sedan-automatic-gasoline-at-52000-km-in-aid6948201
kia,https://philkotse.com/kia-rio-for-sale-in-davao-city/selling-2013-hatchback-automatic-gasoline-in-aid6947251
kia,https://philkotse.com/kia-rio-for-sale-in-cagayan-de-oro/2nd-hand-2013-manual-gasoline-for-sale-in-aid6947201
kia,https://philkotse.com/kia-carens-for-sale-in-marikina/2015-automatic-diesel-for-sale-in-aid6946981
kia,https://philkotse.com/kia-picanto-for-sale-in-pasig/2nd-hand-2016-for-sale-in-aid6946681
kia,https://philkotse.com/kia-sportage-for-sale-in-cebu-city/2nd-hand-2013-for-sale-in-aid6946581
kia,https://philkotse.com/kia-rio-for-sale-in-talisay486/2nd-hand-2014-hatchback-automatic-gasoline-for-sale-in-talisay-aid6946501
kia,https://philkotse.com/kia-kc2700-for-sale-in-manila/selling-2nd-hand-2003-van-manual-diesel-at-80000-km-in-aid6945101
kia,https://philkotse.com/kia-picanto-for-sale-in-balagtas/2017-for-sale-in-bulakan-aid6945081
kia,https://philkotse.com/kia-rio-for-sale-in-tuguegarao/2nd-hand-2014-for-sale-in-aid6944081
kia,https://philkotse.com/kia-rio-for-sale-in-calamba773/2nd-hand-2016-for-sale-in-calamba-aid6943921
kia,https://philkotse.com/kia-sorento-for-sale-in-taguig/2011-automatic-diesel-for-sale-in-aid6943631
kia,https://philkotse.com/kia-pregio-for-sale-in-lipa/1997-manual-diesel-for-sale-in-aid6941801
kia,https://philkotse.com/kia-rio-for-sale-in-san-jose-del-monte/2011-manual-gasoline-for-sale-in-aid6941771
kia,https://philkotse.com/kia-sportage-for-sale-in-imus/2nd-hand-2015-for-sale-in-aid6941751
kia,https://philkotse.com/kia-carnival-for-sale-in-pasig/selling-2nd-hand-2010-automatic-diesel-at-69000-km-in-aid6940881
kia,https://philkotse.com/kia-rio-for-sale-in-kawit/2nd-hand-2012-automatic-gasoline-for-sale-in-aid6940091
kia,https://philkotse.com/kia-picanto-for-sale-in-angeles/selling-2nd-hand-2013-in-aid6940021
kia,https://philkotse.com/kia-carnival-for-sale-in-quezon-city/selling-2nd-hand-2014-in-aid6939661
kia,https://philkotse.com/kia-rio-for-sale-in-cebu-city/2013-manual-gasoline-for-sale-in-aid6939561
kia,https://philkotse.com/kia-k2700-for-sale-in-san-antonio1126/selling-2008-manual-diesel-in-san-antonio-aid6938931
kia,https://philkotse.com/kia-rio-for-sale-in-tuguegarao/2nd-hand-2011-manual-gasoline-for-sale-in-aid6938831
kia,https://philkotse.com/kia-sorento-for-sale-in-mandaue/2014-automatic-diesel-for-sale-in-aid6938671
kia,https://philkotse.com/kia-soul-for-sale-in-san-francisco478/grey-2014-automatic-for-sale-aid6914511
kia,https://philkotse.com/kia-picanto-for-sale-in-paranaque/2014-for-sale-in-aid6907891
kia,https://philkotse.com/kia-picanto-for-sale-in-paranaque/sell-white-2011-at-53000-km-in-paraaque-aid6907641
kia,https://philkotse.com/kia-picanto-for-sale-in-pasig/2018-hatchback-automatic-gasoline-for-sale-in-aid6888671
kia,https://philkotse.com/kia-sportage-for-sale-in-manila/selling-black-2011-automatic-gasoline-in-aid6888591
kia,https://philkotse.com/kia-k2700-for-sale-in-manila/selling-white-2015-van-in-aid6881301
kia,https://philkotse.com/kia-sportage-for-sale-in-san-francisco478/selling-brown-2008-in-san-francisco-aid6853351
kia,https://philkotse.com/kia-rio-for-sale-in-general-salipada-k-pendatun/sell-white-2012-in-aid6852921
kia,https://philkotse.com/kia-soul-for-sale-in-quezon-city/selling-white-2017-manual-diesel-in-aid6845571
kia,https://philkotse.com/kia-k2700-for-sale-in-quezon-city/selling-white-2016-in-manual-aid6845481
kia,https://philkotse.com/kia-picanto-for-sale-in-general-salipada-k-pendatun/selling-white-2016-automatic-diesel-for-sale-aid6815621
kia,https://philkotse.com/kia-k2700-for-sale-in-quezon1284/selling-2014-for-sale-in-danao-aid6815481
kia,https://philkotse.com/kia-picanto-for-sale-in-cebu-city/selling-white-2016-at-26000-km-for-sale-aid6815401
kia,https://philkotse.com/kia-picanto-for-sale-in-cebu-city/sell-blue-2017-at-automatic-gasoline-at-7000-km-aid6805891
kia,https://philkotse.com/kia-forte-for-sale-in-general-salipada-k-pendatun/sell-red-2016-at-automatic-gasoline-at-14643-km-aid6804291
kia,https://philkotse.com/kia-carnival-for-sale-in-general-salipada-k-pendatun/black-2013-at-75000-km-for-sale-aid6802251
kia,https://philkotse.com/kia-sportage-for-sale-in-manila/brown-2012-for-sale-aid6784501
kia,https://philkotse.com/kia-soul-for-sale-in-quezon-city/blue-2015-automatic-diesel-for-sale-in-aid6783901
kia,https://philkotse.com/kia-rio-for-sale-in-marikina/2016-for-sale-aid6768121
kia,https://philkotse.com/kia-rio-for-sale-in-quezon-city/selling-2018-at-5000-km-in-aid6767701
kia,https://philkotse.com/kia-sorento-for-sale-in-quezon-city/red-2005-at-122200-km-for-sale-aid6767521
kia,https://philkotse.com/kia-sedona-for-sale-in-quezon-city/2003-for-sale-aid6759131
kia,https://philkotse.com/kia-carens-for-sale-in-manila/black-2009-for-sale-aid6759051
kia,https://philkotse.com/kia-rio-for-sale-in-pasig/2015-for-sale-aid6740291
kia,https://philkotse.com/kia-carnival-for-sale-in-pasig/2013-for-sale-aid6731881
kia,https://philkotse.com/kia-picanto-for-sale-in-quezon-city/2014-for-sale-aid6731581
kia,https://philkotse.com/kia-picanto-for-sale-in-paranaque/2014-for-sale-aid6713261
kia,https://philkotse.com/kia-rio-for-sale-in-quezon-city/2018-sl-for-sale-aid6712881
kia,https://philkotse.com/kia-sportage-for-sale-in-cebu-city/2013-for-sale-aid6701841
kia,https://philkotse.com/kia-sedona-for-sale-in-quezon-city/2003-for-sale-aid6701511
kia,https://philkotse.com/kia-rio-for-sale-in-quezon-city/2016-for-sale-aid6701211
kia,https://philkotse.com/kia-sportage-for-sale-in-pasig/2014-for-sale-aid6700811
kia,https://philkotse.com/kia-carens-for-sale-in-manila/2009-for-sale-aid6700741
kia,https://philkotse.com/kia-carens-for-sale-in-manila/2013-for-sale-aid6679381
kia,https://philkotse.com/kia-rio-for-sale-in-quezon-city/2017-for-sale-aid6670801
kia,https://philkotse.com/kia-carnival-for-sale-in-makati/2010-ex-for-sale-aid6670511
kia,https://philkotse.com/kia-picanto-for-sale-in-quezon-city/2015-for-sale-aid6669931
kia,https://philkotse.com/kia-rio-for-sale-in-carmona/2013-sedan-14l-ex-at-for-sale-aid6669781
kia,https://philkotse.com/kia-grand-carnival-for-sale-in-pasig/2019-for-sale-aid6658641
kia,https://philkotse.com/kia-rio-for-sale-in-general-salipada-k-pendatun/2011-for-sale-aid6644761
kia,https://philkotse.com/kia-picanto-for-sale-in-manila/2015-for-sale-aid6644631
kia,https://philkotse.com/kia-picanto-for-sale-in-cebu-city/2016-for-sale-aid6639161
kia,https://philkotse.com/kia-carnival-for-sale-in-manila/2017-for-sale-aid6636021
kia,https://philkotse.com/kia-carnival-for-sale-in-manila/2010-for-sale-aid6630071
kia,https://philkotse.com/kia-rio-for-sale-in-las-pinas/2012-for-sale-aid6613081
kia,https://philkotse.com/kia-rio-for-sale-in-manila/2011-gasoline-for-sale-aid6612811
kia,https://philkotse.com/kia-kc2700-for-sale-in-manila/2011-for-sale-aid6612531
kia,https://philkotse.com/kia-carnival-for-sale-in-manila/2011-for-sale-aid6611941
kia,https://philkotse.com/kia-carnival-for-sale-in-manila/2010-for-sale-aid6611721
kia,https://philkotse.com/kia-rio-for-sale-in-manila/2012-for-sale-aid6611411
kia,https://philkotse.com/kia-picanto-for-sale-in-manila/2015-for-sale-aid6611291
kia,https://philkotse.com/kia-rio-for-sale-in-manila/2010-for-sale-aid6610541
kia,https://philkotse.com/kia-soul-for-sale-in-manila/2012-for-sale-aid6610421
kia,https://philkotse.com/kia-k2700-for-sale-in-manila/2005-for-sale-aid6609101
kia,https://philkotse.com/kia-k2700-for-sale-in-manila/2014-for-sale-aid6606521
kia,https://philkotse.com/kia-pregio-for-sale-in-catarman/2000-for-sale-aid6606431
kia,https://philkotse.com/kia-picanto-for-sale-in-manila/2015-for-sale-aid6606221
kia,https://philkotse.com/kia-rio-for-sale-in-bacoor/2010-for-sale-aid6606081
kia,https://philkotse.com/kia-soul-for-sale-in-manila/2015-for-sale-aid6601361
