bmw,https://philkotse.com/bmw-520d-for-sale-in-san-juan/sell-blue-2018-at-2000-km-in-aid7076913
bmw,https://philkotse.com/bmw-320i-for-sale-in-paranaque/sell-used-2008-at-49022-km-in-metro-manila-aid7076692
bmw,https://philkotse.com/bmw-320i-for-sale-in-pasay/selling-used-2007-sedan-automatic-at-41000-km-aid7018122
bmw,https://philkotse.com/bmw-m3-for-sale-in-quezon-city/2016-manual-at-2000-km-for-sale-aid7070422
bmw,https://philkotse.com/bmw-528i-for-sale-in-muntinlupa/sell-used-2013-at-20000-km-aid7058562
bmw,https://philkotse.com/bmw-320i-for-sale-in-angeles/selling-used-e90-2009-in-aid7056112
bmw,https://philkotse.com/bmw-x-activity-for-sale-in-manila/brand-new-2019-x7-for-sale-in-aid7044382
bmw,https://philkotse.com/bmw-640i-for-sale-in-makati/selling-used-2017-at-80-km-in-aid7022772
bmw,https://philkotse.com/bmw-x3-for-sale-in-paranaque/selling-2017-diesel-automatic-at-11000-km-aid6994622
bmw,https://philkotse.com/bmw-120d-for-sale-in-san-juan/sell-used-2013-at-13000-km-in-aid6916202
bmw,https://philkotse.com/bmw-118d-for-sale-in-cebu-city/white-2012-hatchback-for-sale-in-aid6931853
bmw,https://philkotse.com/bmw-525i-for-sale-in-paranaque/sell-used-1995-at-110000-km-in-metro-manila-aid6907603
bmw,https://philkotse.com/bmw-x5-for-sale-in-manila/2nd-hand-2018-for-sale-in-aid6909222
bmw,https://philkotse.com/bmw-320i-for-sale-in-cainta/selling-2005-automatic-gasoline-aid6888692
bmw,https://philkotse.com/bmw-x6-for-sale-in-pasig/selling-2010-gasoline-silver-at-24652-km-aid6873903
bmw,https://philkotse.com/bmw-320i-for-sale-in-malabon/selling-2nd-hand-sedan-silver-2005-aid6659402
bmw,https://philkotse.com/bmw-m6-for-sale-in-cagayan-de-oro/selling-convertible-at-7900-km-blue-aid6743003
bmw,https://philkotse.com/bmw-z3-for-sale-in-cebu-city/selling-1997-manual-in-aid6815572
bmw,https://philkotse.com/bmw-218i-for-sale-in-carmona/sell-used-2016-at-36000-km-in-aid6832102
bmw,https://philkotse.com/bmw-323-for-sale-in-quezon-city/2000-for-sale-aid6814093
bmw,https://philkotse.com/bmw-320i-for-sale-in-quezon-city/2006-for-sale-aid6799192
bmw,https://philkotse.com/bmw-335i-for-sale-in-aguilar/2007-for-sale-aid6805212
bmw,https://philkotse.com/bmw-120i-for-sale-in-angeles/2005-hatchback-for-sale-aid6805252
bmw,https://philkotse.com/bmw-x1-for-sale-in-roxas729/2010-for-sale-aid6803893
bmw,https://philkotse.com/bmw-m6-for-sale-in-cagayan-de-oro/2008-for-sale-aid6743012
bmw,https://philkotse.com/bmw-m3-for-sale-in-manila/2017-for-sale-aid6588742
bmw,https://philkotse.com/bmw-316i-for-sale-in-antipolo/1999-for-sale-aid6723573
bmw,https://philkotse.com/bmw-318i-for-sale-in-manila/2002-for-sale-aid6692263
bmw,https://philkotse.com/bmw-118i-for-sale-in-pasig/for-sale-2006-aid6620512
bmw,https://philkotse.com/bmw-318i-for-sale-in-paranaque/white-2013-at-49000-km-for-sale-in-paraaque-aid7083211
bmw,https://philkotse.com/bmw-520d-for-sale-in-pasig/selling-2016-automatic-diesel-aid7081931
bmw,https://philkotse.com/bmw-320d-for-sale-in-makati/sell-2nd-hand-2012-at-50000-km-in-aid7080031
bmw,https://philkotse.com/bmw-320i-for-sale-in-taguig/selling-2nd-hand-2006-at-70000-km-in-aid7079621
bmw,https://philkotse.com/bmw-m5-for-sale-in-lipa/2000-manual-gasoline-for-sale-in-aid7079611
bmw,https://philkotse.com/bmw-320d-for-sale-in-makati/selling-2nd-hand-2012-in-aid7079121
bmw,https://philkotse.com/bmw-523i-for-sale-in-makati/selling-2nd-hand-2000-automatic-gasoline-at-120000-km-in-aid7079061
bmw,https://philkotse.com/bmw-320d-for-sale-in-mandaluyong/2014-for-sale-in-aid7076021
bmw,https://philkotse.com/bmw-e-46-for-sale-in-amadeo/selling-e46-2003-manual-gasoline-in-aid7075781
bmw,https://philkotse.com/bmw-318i-for-sale-in-marikina/2004-automatic-gasoline-for-sale-in-aid7074521
bmw,https://philkotse.com/bmw-320d-for-sale-in-las-pinas/selling-2012-automatic-diesel-in-las-pias-aid7074361
bmw,https://philkotse.com/bmw--for-sale-in-manila/selling-1-series-2014-automatic-gasoline-in-aid7073871
bmw,https://philkotse.com/bmw-118i-for-sale-in-pasay/selling-2019-hatchback-for-sale-in-aid7073751
bmw,https://philkotse.com/bmw-535i-for-sale-in-las-pinas/2nd-hand-530i-2004-at-50000-km-for-sale-aid7073271
bmw,https://philkotse.com/bmw-316i-for-sale-in-las-pinas/selling-2000-at-50000-km-in-las-pias-aid7069731
bmw,https://philkotse.com/bmw-320i-for-sale-in-bacoor/2nd-hand-1996-automatic-gasoline-for-sale-in-aid7069341
bmw,https://philkotse.com/bmw-750-for-sale-in-paranaque/2nd-hand-2015-automatic-gasoline-for-sale-in-paraaque-aid7068481
bmw,https://philkotse.com/bmw-320i-for-sale-in-quezon-city/red-2007-automatic-gasoline-for-sale-in-aid7060481
bmw,https://philkotse.com/bmw-318i-for-sale-in-cavite-city/black-2003-automatic-gasoline-for-sale-aid7060431
bmw,https://philkotse.com/bmw-e-46-for-sale-in-tanauan183/selling-e46-1997-automatic-gasoline-in-tanauan-aid7057131
bmw,https://philkotse.com/bmw-328i-for-sale-in-taguig/2nd-hand-2014-automatic-gasoline-for-sale-in-aid7053281
bmw,https://philkotse.com/bmw-320i-for-sale-in-quezon-city/selling-2nd-hand-in-aid7052961
bmw,https://philkotse.com/bmw-x5-for-sale-in-quezon-city/selling-2nd-hand-2005-in-aid7052801
bmw,https://philkotse.com/bmw-320d-for-sale-in-mandaluyong/selling-2014-automatic-diesel-in-aid7052031
bmw,https://philkotse.com/bmw-750-for-sale-in-pasay/2012-automatic-gasoline-for-sale-in-aid7051431
bmw,https://philkotse.com/bmw-320i-for-sale-in-marilao/selling-2nd-hand-2006-in-aid7051071
bmw,https://philkotse.com/bmw-320d-for-sale-in-pasig/selling-2nd-hand-2008-in-aid7050201
bmw,https://philkotse.com/bmw-320d-for-sale-in-angat/2nd-hand-2013-automatic-gasoline-for-sale-in-aid7050141
bmw,https://philkotse.com/bmw-318d-for-sale-in-taguig/sell-2nd-hand-2014-at-25000-km-in-aid7049871
bmw,https://philkotse.com/bmw-320d-for-sale-in-mandaluyong/2nd-hand-2014-for-sale-in-aid7049791
bmw,https://philkotse.com/bmw-x5-for-sale-in-pasig/2nd-hand-2002-for-sale-in-aid7048241
bmw,https://philkotse.com/bmw-z3-for-sale-in-valenzuela/2nd-hand-1999-for-sale-in-aid7043661
bmw,https://philkotse.com/bmw-520d-for-sale-in-taguig/2nd-hand-2018-at-20000-km-for-sale-aid7043291
bmw,https://philkotse.com/bmw-316i-for-sale-in-lipa/selling-2nd-hand-1998-manual-gasoline-at-110000-km-in-aid7041721
bmw,https://philkotse.com/bmw-116i-for-sale-in-quezon-city/selling-2005-manual-gasoline-in-aid7041571
bmw,https://philkotse.com/bmw-320d-for-sale-in-quezon-city/selling-2nd-hand-2018-at-18000-km-in-aid7041411
bmw,https://philkotse.com/bmw-e-46-for-sale-in-amadeo/2003-e46-for-sale-in-aid7040681
bmw,https://philkotse.com/bmw-318d-for-sale-in-pasig/2nd-hand-2014-for-sale-in-aid7035421
bmw,https://philkotse.com/bmw-318i-for-sale-in-manila/sell-2nd-hand-2011-at-32000-km-in-aid7035321
bmw,https://philkotse.com/bmw-120i-for-sale-in-manila/2007-hatchback-manual-gasoline-for-sale-in-aid7033711
bmw,https://philkotse.com/bmw-325i-for-sale-in-antipolo/selling-2nd-hand-1992-at-110000-km-in-aid7033171
bmw,https://philkotse.com/bmw-318i-for-sale-in-las-pinas/sell-black-2002-in-las-pias-aid7032491
bmw,https://philkotse.com/bmw-316i-for-sale-in-antipolo/1998-for-sale-in-aid7031241
bmw,https://philkotse.com/bmw-e-46-for-sale-in-las-pinas/selling-2nd-hand-e46-2002-at-90000-km-in-las-pias-aid7030891
bmw,https://philkotse.com/bmw-325i-for-sale-in-quezon-city/selling-2nd-hand-2003-automatic-gasoline-at-80000-km-in-aid7030071
bmw,https://philkotse.com/bmw-320d-for-sale-in-marikina/selling-2011-automatic-diesel-in-aid7030011
bmw,https://philkotse.com/bmw-520d-for-sale-in-pasig/2014-automatic-diesel-for-sale-in-aid7029971
bmw,https://philkotse.com/bmw-116i-for-sale-in-pasig/2nd-hand-2009-for-sale-in-aid7029631
bmw,https://philkotse.com/bmw-118i-for-sale-in-cainta/selling-black-2018-at-6379-km-in-aid7029431
bmw,https://philkotse.com/bmw-118d-for-sale-in-pasig/2nd-hand-2013-automatic-diesel-for-sale-in-aid7029361
bmw,https://philkotse.com/bmw-z4-for-sale-in-las-pinas/selling-2nd-hand-2014-in-las-pias-aid7029351
bmw,https://philkotse.com/bmw-750li-for-sale-in-pasig/selling-black-2012-at-3000-km-in-aid7029261
bmw,https://philkotse.com/bmw-530d-for-sale-in-san-juan/selling-2005-automatic-diesel-in-aid7028931
bmw,https://philkotse.com/bmw-320i-for-sale-in-quezon-city/selling-2007-automatic-gasoline-in-aid7028701
bmw,https://philkotse.com/bmw-e-46-for-sale-in-pasay/selling-e46-2004-at-100000-km-in-aid7026931
bmw,https://philkotse.com/bmw-520d-for-sale-in-pasig/2nd-hand-2016-for-sale-in-aid7023681
bmw,https://philkotse.com/bmw-323-for-sale-in-quezon-city/2000-for-sale-in-aid7022521
bmw,https://philkotse.com/bmw-735-for-sale-in-manila/selling-2005-automatic-gasoline-in-aid7022031
bmw,https://philkotse.com/bmw-320d-for-sale-in-las-pinas/selling-2nd-hand-2009-at-28000-km-in-las-pias-aid7021991
bmw,https://philkotse.com/bmw-316i-for-sale-in-trece-martires/2nd-hand-for-sale-in-aid7021941
bmw,https://philkotse.com/bmw-320i-for-sale-in-tanauan183/automatic-gasoline-for-sale-in-tanauan-aid7021631
bmw,https://philkotse.com/bmw-x1-for-sale-in-taytay/2nd-hand-2011-for-sale-in-aid7018721
bmw,https://philkotse.com/bmw-x6-m-for-sale-in-quezon-city/selling-2019-automatic-diesel-in-aid7018381
bmw,https://philkotse.com/bmw-turbo-for-sale-in-manila/black-2019-automatic-gasoline-for-sale-in-aid7017381
bmw,https://philkotse.com/bmw-m5-for-sale-in-lipa/2000-for-sale-in-aid7016601
bmw,https://philkotse.com/bmw-520d-for-sale-in-taytay/selling-2010-automatic-gasoline-in-aid7015911
bmw,https://philkotse.com/bmw-z4-for-sale-in-taytay/2013-for-sale-in-aid7015881
bmw,https://philkotse.com/bmw-z3-for-sale-in-quezon-city/sell-2nd-hand-1998-convertible-in-aid7015331
bmw,https://philkotse.com/bmw-316i-for-sale-in-makati/selling-2nd-hand-2000-in-aid7014871
bmw,https://philkotse.com/bmw-x5-for-sale-in-pasig/white-2015-for-sale-automatic-aid7013721
bmw,https://philkotse.com/bmw-525d-for-sale-in-pasig/selling-silver-2009-in-city-aid7013611
bmw,https://philkotse.com/bmw-x5-for-sale-in-makati/2018-automatic-gasoline-for-sale-in-aid7011331
bmw,https://philkotse.com/bmw-316i-for-sale-in-trece-martires/2nd-hand-2007-for-sale-in-aid7011131
bmw,https://philkotse.com/bmw-320d-for-sale-in-mandaluyong/sell-2nd-hand-2014-in-aid7010391
bmw,https://philkotse.com/bmw-320d-for-sale-in-legazpi/2016-for-sale-in-aid7010251
bmw,https://philkotse.com/bmw-320i-for-sale-in-tanauan183/selling-2005-automatic-gasoline-in-tanauan-aid7009881
bmw,https://philkotse.com/bmw-316i-for-sale-in-lipa/selling-1998-manual-gasoline-in-aid7009361
bmw,https://philkotse.com/bmw-520d-for-sale-in-pasay/selling-2016-automatic-diesel-in-aid7009311
bmw,https://philkotse.com/bmw-120i-for-sale-in-bacoor/sell-2nd-hand-2006-hatchback-in-aid7009221
bmw,https://philkotse.com/bmw-316i-for-sale-in-bacoor/used-2006-for-sale-in-aid7008921
bmw,https://philkotse.com/bmw-x3-for-sale-in-binan/selling-2nd-hand-2016-in-bian-aid7006711
bmw,https://philkotse.com/bmw-528i-for-sale-in-malabon/sell-2nd-hand-1997-in-aid7004471
bmw,https://philkotse.com/bmw-x3-for-sale-in-paranaque/selling-2nd-hand-2017-automatic-diesel-in-paraaque-aid7002391
bmw,https://philkotse.com/bmw-x1-for-sale-in-cebu-city/selling-grey-2014-at-41831-km-aid7001111
bmw,https://philkotse.com/bmw-520d-for-sale-in-cebu-city/selling-white-2015-at-37753-aid7000851
bmw,https://philkotse.com/bmw-316i-for-sale-in-bacoor/1999-for-sale-in-aid6998661
bmw,https://philkotse.com/bmw-730d-for-sale-in-las-pinas/selling-2010-automatic-diesel-in-las-pias-aid6997891
bmw,https://philkotse.com/bmw-525i-for-sale-in-angono/selling-1992-automatic-gasoline-in-aid6997731
bmw,https://philkotse.com/bmw-x5-for-sale-in-makati/2nd-hand-2008-for-sale-in-aid6996351
bmw,https://philkotse.com/bmw-525i-for-sale-in-angono/used-1992-for-sale-in-aid6996051
bmw,https://philkotse.com/bmw-520d-for-sale-in-quezon-city/sell-2nd-hand-2015-automatic-diesel-at-50000-km-in-aid6995791
bmw,https://philkotse.com/bmw-x5-for-sale-in-pasig/used-2005-for-sale-in-aid6994331
bmw,https://philkotse.com/bmw-320i-for-sale-in-cebu-city/1998-for-sale-in-aid6994311
bmw,https://philkotse.com/bmw-318d-for-sale-in-quezon-city/2018-automatic-diesel-for-sale-in-aid6991771
bmw,https://philkotse.com/bmw-316i-for-sale-in-san-quintin/selling-1996-manual-gasoline-in-aid6991521
bmw,https://philkotse.com/bmw-x5-for-sale-in-manila/2nd-hand-2005-for-sale-in-aid6991131
bmw,https://philkotse.com/bmw-316i-for-sale-in-marikina/selling-1997-manual-gasoline-in-aid6989371
bmw,https://philkotse.com/bmw-e-46-for-sale-in-las-pinas/sell-2nd-hand-2000-e46-at-50000-km-in-las-pias-aid6989171
bmw,https://philkotse.com/bmw-320d-for-sale-in-mandaluyong/2014-for-sale-in-aid6985401
bmw,https://philkotse.com/bmw-x5-for-sale-in-cainta/2001-automatic-gasoline-for-sale-in-aid6985291
bmw,https://philkotse.com/bmw-z4-for-sale-in-quezon-city/2014-automatic-gasoline-for-sale-in-aid6985071
bmw,https://philkotse.com/bmw-x5-for-sale-in-manila/2016-for-sale-in-aid6984661
bmw,https://philkotse.com/bmw-x3-for-sale-in-manila/2015-for-sale-in-aid6984541
bmw,https://philkotse.com/bmw-420d-for-sale-in-manila/selling-2nd-hand-2015-in-aid6984311
bmw,https://philkotse.com/bmw-520d-for-sale-in-quezon-city/2nd-hand-2006-for-sale-in-aid6984271
bmw,https://philkotse.com/bmw-318d-for-sale-in-pasig/selling-used-2014-automatic-diesel-in-aid6981891
bmw,https://philkotse.com/bmw-730d-for-sale-in-pasig/2010-for-sale-in-aid6979971
bmw,https://philkotse.com/bmw-320d-for-sale-in-quezon-city/used-2018-for-sale-in-aid6977531
bmw,https://philkotse.com/bmw-325i-for-sale-in-manila/2006-sedan-automatic-gasoline-for-sale-in-aid6976851
bmw,https://philkotse.com/bmw-320i-for-sale-in-general-trias/selling-black-2005-sedan-at-76000-km-in-aid6976801
bmw,https://philkotse.com/bmw--for-sale-in-tagaytay/2nd-hand-5-series-for-sale-in-aid6976771
bmw,https://philkotse.com/bmw--for-sale-in-quezon-city/selling-1-series-2012-automatic-gasoline-in-aid6976471
bmw,https://philkotse.com/bmw-318i-for-sale-in-quezon-city/selling-2nd-hand-1995-manual-gasoline-in-aid6974901
bmw,https://philkotse.com/bmw-x5-for-sale-in-cainta/selling-2nd-hand-2009-automatic-gasoline-in-aid6973711
bmw,https://philkotse.com/bmw-320d-for-sale-in-mandaluyong/sell-2nd-hand-2014-automatic-gasoline-in-aid6972391
bmw,https://philkotse.com/bmw-e-46-for-sale-in-cainta/selling-2nd-hand-e46-1994-coupe-in-aid6971841
bmw,https://philkotse.com/bmw-118i-for-sale-in-pateros/2009-automatic-gasoline-for-sale-in-aid6970001
bmw,https://philkotse.com/bmw-x6-for-sale-in-mandaluyong/sell-2nd-hand-2011-in-aid6969681
bmw,https://philkotse.com/bmw-320d-for-sale-in-makati/selling-used-2012-automatic-diesel-in-aid6968641
bmw,https://philkotse.com/bmw-320d-for-sale-in-las-pinas/selling-2nd-hand-2012-in-las-pias-aid6968551
bmw,https://philkotse.com/bmw-z3-for-sale-in-zamboanga-city1635/used-1997-for-sale-in-zamboanga-city-aid6967931
bmw,https://philkotse.com/bmw-318i-for-sale-in-cavite-city/selling-black-2003-at-100000-km-aid6967651
bmw,https://philkotse.com/bmw-318d-for-sale-in-manila/selling-2nd-hand-turbo-2013-automatic-diesel-at-40000-km-in-aid6964701
bmw,https://philkotse.com/bmw-750li-for-sale-in-bacoor/selling-2006-at-39000-km-in-aid6964281
bmw,https://philkotse.com/bmw-318i-for-sale-in-silang/2003-for-sale-in-aid6964221
bmw,https://philkotse.com/bmw-520d-for-sale-in-taytay/sell-2nd-hand-2016-at-12000-km-in-aid6963851
bmw,https://philkotse.com/bmw-218i-for-sale-in-manila/2nd-hand-2017-for-sale-in-aid6963541
bmw,https://philkotse.com/bmw-x3-for-sale-in-marilao/2nd-hand-2009-for-sale-in-aid6962851
bmw,https://philkotse.com/bmw-328i-for-sale-in-taguig/2nd-hand-2017-for-sale-in-aid6962611
bmw,https://philkotse.com/bmw-120d-for-sale-in-san-juan/2nd-hand-2013-for-sale-in-aid6962481
bmw,https://philkotse.com/bmw-116i-for-sale-in-cainta/selling-2011-automatic-gasoline-in-aid6962391
bmw,https://philkotse.com/bmw-320d-for-sale-in-mandaluyong/2nd-hand-2014-automatic-diesel-for-sale-in-aid6961541
bmw,https://philkotse.com/bmw-520i-for-sale-in-las-pinas/selling-1990-automatic-gasoline-in-las-pias-aid6961501
bmw,https://philkotse.com/bmw-x3-for-sale-in-manila/2nd-hand-2015-automatic-diesel-for-sale-in-aid6960851
bmw,https://philkotse.com/bmw-318d-for-sale-in-pasig/2014-automatic-diesel-for-sale-in-aid6960691
bmw,https://philkotse.com/bmw-528i-for-sale-in-bacoor/sell-2nd-hand-2011-automatic-gasoline-at-65000-km-in-aid6960231
bmw,https://philkotse.com/bmw-118d-for-sale-in-mandaluyong/2011-automatic-diesel-for-sale-in-aid6958741
bmw,https://philkotse.com/bmw-520d-for-sale-in-pasig/2nd-hand-2015-automatic-diesel-for-sale-in-aid6958331
bmw,https://philkotse.com/bmw-316i-for-sale-in-quezon-city/2nd-hand-2000-sedan-at-manual-gasoline-for-sale-in-aid6958091
bmw,https://philkotse.com/bmw-320i-for-sale-in-angeles/white-2009-for-sale-automatic-aid6957661
bmw,https://philkotse.com/bmw-320i-for-sale-in-tanauan183/selling-2007-automatic-gasoline-in-tanauan-aid6957541
bmw,https://philkotse.com/bmw-x5-for-sale-in-quezon-city/selling-2006-automatic-gasoline-in-aid6957151
bmw,https://philkotse.com/bmw-alpina-b7-for-sale-in-makati/2011-for-sale-in-aid6956271
bmw,https://philkotse.com/bmw-118d-for-sale-in-manila/2nd-hand-2015-for-sale-in-aid6956171
bmw,https://philkotse.com/bmw-318d-for-sale-in-pasig/selling-2017-automatic-diesel-in-aid6955881
bmw,https://philkotse.com/bmw-z4-for-sale-in-quezon-city/selling-2015-automatic-gasoline-in-aid6955771
bmw,https://philkotse.com/bmw-m3-for-sale-in-antipolo/2003-manual-gasoline-for-sale-in-aid6955731
bmw,https://philkotse.com/bmw-x3-for-sale-in-pasig/selling-2015-automatic-diesel-in-aid6953731
bmw,https://philkotse.com/bmw-m2-for-sale-in-san-juan/2018-for-sale-in-aid6951441
bmw,https://philkotse.com/bmw-318i-for-sale-in-paranaque/2002-automatic-gasoline-for-sale-in-paraaque-aid6950161
bmw,https://philkotse.com/bmw-318d-for-sale-in-mandaluyong/selling-2nd-hand-2016-in-aid6950151
bmw,https://philkotse.com/bmw-m2-for-sale-in-quezon-city/selling-2018-automatic-gasoline-in-aid6943121
bmw,https://philkotse.com/bmw-e-46-for-sale-in-manila/selling-e46-2003-manual-gasoline-in-aid6942771
bmw,https://philkotse.com/bmw-x5-for-sale-in-rodriguez/selling-2nd-hand-2006-automatic-gasoline-at-76000-km-in-aid6942261
bmw,https://philkotse.com/bmw-325i-for-sale-in-pasay/2nd-hand-2001-automatic-gasoline-for-sale-in-aid6941681
bmw,https://philkotse.com/bmw-320i-for-sale-in-quezon-city/selling-2nd-hand-1998-in-aid6940591
bmw,https://philkotse.com/bmw-318i-for-sale-in-las-pinas/2012-automatic-gasoline-for-sale-in-las-pias-aid6940321
bmw,https://philkotse.com/bmw-318d-for-sale-in-cainta/selling-2018-automatic-diesel-in-aid6939921
bmw,https://philkotse.com/bmw-320d-for-sale-in-cainta/2nd-hand-2016-automatic-diesel-for-sale-in-aid6939871
bmw,https://philkotse.com/bmw-318d-for-sale-in-bacoor/white-2017-automatic-diesel-for-sale-in-aid6907831
bmw,https://philkotse.com/bmw-x3-for-sale-in-manila/black-2009-at-60000-km-for-sale-in-aid6888631
bmw,https://philkotse.com/bmw-z4-for-sale-in-pasig/selling-silver-2007-automatic-gasoline-in-aid6882951
bmw,https://philkotse.com/bmw-520d-for-sale-in-manila/sell-black-2015-at-46000-km-in-aid6881421
bmw,https://philkotse.com/bmw-730li-for-sale-in-muntinlupa/selling-black-2007-at-automatic-gasoline-at-39000-km-in-aid6805971
bmw,https://philkotse.com/bmw-x3-for-sale-in-marikina/sell-black-2011-in-aid6802181
bmw,https://philkotse.com/bmw-520d-for-sale-in-manila/selling-2014-at-32000-km-aid6782891
bmw,https://philkotse.com/bmw-318i-for-sale-in-manila/2003-for-sale-aid6713341
bmw,https://philkotse.com/bmw-640i-for-sale-in-paranaque/grand-coupe-2012-for-sale-aid6701321
bmw,https://philkotse.com/bmw-x5-for-sale-in-davao-city/2005-for-sale-aid6700771
bmw,https://philkotse.com/bmw-x1-for-sale-in-manila/2011-for-sale-aid6700691
bmw,https://philkotse.com/bmw-520d-for-sale-in-manila/2018-for-sale-aid6695781
bmw,https://philkotse.com/bmw-x5-for-sale-in-cebu-city/2009-for-sale-aid6694351
bmw,https://philkotse.com/bmw-520d-for-sale-in-manila/2011-for-sale-aid6650371
bmw,https://philkotse.com/bmw-118i-for-sale-in-pasig/2006-for-sale-aid6640331
bmw,https://philkotse.com/bmw-520d-for-sale-in-quezon-city/2011-for-sale-aid6631011
bmw,https://philkotse.com/bmw-x3-for-sale-in-manila/2009-for-sale-aid6629461
bmw,https://philkotse.com/bmw-x5-for-sale-in-general-salipada-k-pendatun/2013-for-sale-aid6625931
bmw,https://philkotse.com/bmw-118i-for-sale-in-general-salipada-k-pendatun/2016-for-sale-aid6623541
bmw,https://philkotse.com/bmw-x5-for-sale-in-valenzuela/2018-for-sale-aid6609981
bmw,https://philkotse.com/bmw-x3-for-sale-in-valenzuela/2015-for-sale-aid6609931
bmw,https://philkotse.com/bmw-335i-for-sale-in-quezon-city/2010-for-sale-aid6609651
bmw,https://philkotse.com/bmw-x5-for-sale-in-valenzuela/2004-for-sale-aid6607251
bmw,https://philkotse.com/bmw-520d-for-sale-in-valenzuela/2008-for-sale-aid6607231
bmw,https://philkotse.com/bmw-640i-for-sale-in-makati/2012-for-sale-aid6602131
