ssangyong,https://philkotse.com/ssangyong-korando-for-sale-in-davao-city/2007-for-sale-aid6553592
ssangyong,https://philkotse.com/ssangyong-tivoli-for-sale-in-manila/white-2016-for-sale-in-aid7049461
ssangyong,https://philkotse.com/ssangyong-actyon-for-sale-in-santa-rosa796/2nd-hand-2007-for-sale-in-santa-rosa-aid7039621
ssangyong,https://philkotse.com/ssangyong-tivoli-for-sale-in-cainta/2019-for-sale-aid6625421
ssangyong,https://philkotse.com/ssangyong-tivoli-for-sale-in-cainta/sport-2019-for-sale-aid6625401
ssangyong,https://philkotse.com/ssangyong-tivoli-for-sale-in-malolos/2019-for-sale-aid6625391
ssangyong,https://philkotse.com/ssangyong-tivoli-for-sale-in-malolos/sport-r-2019-for-sale-aid6625381
ssangyong,https://philkotse.com/ssangyong-rodius-for-sale-in-cainta/2019-for-sale-aid6625371
ssangyong,https://philkotse.com/ssangyong-korando-for-sale-in-cainta/2019-for-sale-aid6625361
ssangyong,https://philkotse.com/ssangyong-tivoli-for-sale-in-quezon-city/2019-for-sale-aid6625351
ssangyong,https://philkotse.com/ssangyong-rodius-for-sale-in-malolos/2019-for-sale-aid6625341
ssangyong,https://philkotse.com/ssangyong-korando-for-sale-in-cainta/2019-for-sale-aid6625331
ssangyong,https://philkotse.com/ssangyong-tivoli-for-sale-in-malolos/2019-for-sale-aid6625321
ssangyong,https://philkotse.com/ssangyong-korando-for-sale-in-cainta/2019-for-sale-aid6625311
ssangyong,https://philkotse.com/ssangyong-tivoli-for-sale-in-quezon-city/2019-for-sale-aid6625301
ssangyong,https://philkotse.com/ssangyong-rodius-for-sale-in-malolos/2019-for-sale-aid6625291
ssangyong,https://philkotse.com/ssangyong-rodius-for-sale-in-cebu-city/2019-for-sale-aid6624601
ssangyong,https://philkotse.com/ssangyong-korando-for-sale-in-mandaue/2019-for-sale-aid6624551
ssangyong,https://philkotse.com/ssangyong-korando-for-sale-in-davao-city/2019-for-sale-aid6624531
ssangyong,https://philkotse.com/ssangyong-tivoli-for-sale-in-cebu-city/sport-2019-for-sale-aid6624521
ssangyong,https://philkotse.com/ssangyong-tivoli-for-sale-in-davao-city/2019-for-sale-aid6624511
ssangyong,https://philkotse.com/ssangyong-tivoli-for-sale-in-cebu-city/2019-for-sale-aid6624501
ssangyong,https://philkotse.com/ssangyong-rodius-for-sale-in-davao-city/2019-for-sale-aid6624491
ssangyong,https://philkotse.com/ssangyong-korando-for-sale-in-cebu-city/2019-for-sale-aid6624481
ssangyong,https://philkotse.com/ssangyong-tivoli-for-sale-in-cebu-city/2019-for-sale-aid6624431
ssangyong,https://philkotse.com/ssangyong-rodius-for-sale-in-mandaue/2019-for-sale-aid6624421
