isuzu,https://philkotse.com/isuzu-d-max-for-sale-in-santa-rosa796/used-2012-for-sale-in-laguna-aid7082953
isuzu,https://philkotse.com/isuzu-elf-for-sale-in-santa-maria302/selling-green-2015-truck-in-bulacan-aid7080322
isuzu,https://philkotse.com/isuzu-crosswind-for-sale-in-manila/white-2012-for-sale-in-aid7081083
isuzu,https://philkotse.com/isuzu-mu-x-for-sale-in-quezon-city/sell-blue-2016-automatic-diesel-in-aid7077082
isuzu,https://philkotse.com/isuzu-elf-for-sale-in-paranaque/white-1998-for-sale-in-metro-manila-aid7076412
isuzu,https://philkotse.com/isuzu-d-max-for-sale-in-manila/red-2006-truck-for-sale-in-aid7076783
isuzu,https://philkotse.com/isuzu-elf-for-sale-in-marikina/sell-used-1996-manual-diesel-aid7076862
isuzu,https://philkotse.com/isuzu-elf-for-sale-in-santa-maria302/selling-used-2000-truck-manual-in-bulacan-aid7063992
isuzu,https://philkotse.com/isuzu-mu-x-for-sale-in-quezon-city/2016-at-93000-km-for-sale-aid6986982
isuzu,https://philkotse.com/isuzu-mu-x-for-sale-in-quezon-city/2017-diesel-manual-for-sale-aid6938442
isuzu,https://philkotse.com/isuzu-elf-for-sale-in-manila/sell-used-1998-truck-in-aid5506592
isuzu,https://philkotse.com/isuzu-mu-x-for-sale-in-las-pinas/selling-2nd-hand-2016-automatic-diesel-at-30000-km-aid6528472
isuzu,https://philkotse.com/isuzu-alterra-for-sale-in-santa-rosa796/selling-used-2009-automatic-diesel-aid7040472
isuzu,https://philkotse.com/isuzu-mu-x-for-sale-in-quezon-city/white-2015-diesel-manual-for-sale-aid7039532
isuzu,https://philkotse.com/isuzu-elf-for-sale-in-santa-maria302/2016-truck-for-sale-in-bulacan-aid6993732
isuzu,https://philkotse.com/isuzu-elf-for-sale-in-santa-maria302/selling-white-2006-truck-in-bulacan-aid6963122
isuzu,https://philkotse.com/isuzu-fuego-for-sale-in-santiago/selling-used-2000-at-100000-km-in-isabela-aid7038832
isuzu,https://philkotse.com/isuzu-i-van-for-sale-in-san-juan/white-2001-manual-diesel-for-sale-aid7038952
isuzu,https://philkotse.com/isuzu-d-max-for-sale-in-binan/2007-diesel-manual-at-78000-km-for-sale-aid5983162
isuzu,https://philkotse.com/isuzu-crosswind-for-sale-in-san-fernando1200/selling-green-2004-in-pampanga-aid7032013
isuzu,https://philkotse.com/isuzu-sportivo-for-sale-in-santiago/selling-red-2012-in-isabela-aid7012402
isuzu,https://philkotse.com/isuzu-mu-x-for-sale-in-las-pinas/selling-used-2015-at-58000-km-in-metro-manila-aid7028682
isuzu,https://philkotse.com/isuzu-crosswind-for-sale-in-quezon-city/silver-2014-manual-diesel-for-sale-in-aid7022952
isuzu,https://philkotse.com/isuzu-crosswind-for-sale-in-manila/white-2012-automatic-diesel-at-67000-km-for-sale-aid7026403
isuzu,https://philkotse.com/isuzu-sportivo-for-sale-in-calamba773/sell-2010-at-89000-km-in-laguna-aid7017902
isuzu,https://philkotse.com/isuzu-elf-for-sale-in-santa-maria302/selling-2nd-hand-1996-in-bulacan-aid6962762
isuzu,https://philkotse.com/isuzu-d-max-for-sale-in-quezon-city/2008-diesel-automatic-for-sale-aid6992183
isuzu,https://philkotse.com/isuzu-d-max-for-sale-in-lucena/2008-automatic-for-sale-in-city-aid6993492
isuzu,https://philkotse.com/isuzu-crosswind-for-sale-in-quezon-city/2016-diesel-manual-for-sale-aid6978302
isuzu,https://philkotse.com/isuzu-sportivo-for-sale-in-santiago/manual-diesel-2012-for-sale-aid6986952
isuzu,https://philkotse.com/isuzu-sportivo-for-sale-in-calamba773/red-2010-manual-diesel-for-sale-aid6980883
isuzu,https://philkotse.com/isuzu-nhr-for-sale-in-torrijos/selling-white-2000-truck-manual-diesel-aid6980513
isuzu,https://philkotse.com/isuzu-mu-x-for-sale-in-ozamiz/selling-used-2016-at-31000-km-in-aid6978593
isuzu,https://philkotse.com/isuzu-d-max-for-sale-in-santiago/selling-white-2011-truck-manual-diesel-aid6973132
isuzu,https://philkotse.com/isuzu-crosswind-for-sale-in-las-pinas/2017-manual-diesel-for-sale-aid6974132
isuzu,https://philkotse.com/isuzu-crosswind-for-sale-in-baguio/selling-2nd-hand-2004-at-85000-km-aid6970273
isuzu,https://philkotse.com/isuzu-elf-for-sale-in-santa-maria302/used-2013-truck-for-sale-in-bulacan-aid6962922
isuzu,https://philkotse.com/isuzu-elf-for-sale-in-santa-maria302/sell-used-2016-truck-in-bulacan-aid6962982
isuzu,https://philkotse.com/isuzu-elf-for-sale-in-santa-maria302/selling-2006-truck-in-bulacan-aid6963032
isuzu,https://philkotse.com/isuzu-sportivo-for-sale-in-marilao/red-2011-manual-diesel-for-sale-aid6953202
isuzu,https://philkotse.com/isuzu-elf-for-sale-in-pasig/1994-diesel-manual-for-sale-in-aid6890512
isuzu,https://philkotse.com/isuzu-alterra-for-sale-in-santiago/2012-automatic-diesel-for-sale-aid6945892
isuzu,https://philkotse.com/isuzu--for-sale-in-santo-tomas180/giga-2018-for-sale-in-santo-tomas-aid6924673
isuzu,https://philkotse.com/isuzu-fuego-for-sale-in-santiago/selling-2000-manual-diesel-aid6945562
isuzu,https://philkotse.com/isuzu-d-max-for-sale-in-quezon-city/sell-used-2004-at-95720-km-in-aid6510002
isuzu,https://philkotse.com/isuzu-trooper-for-sale-in-santiago/selling-black-2000-manual-diesel-in-isabela-aid6908472
isuzu,https://philkotse.com/isuzu-d-max-for-sale-in-cainta/black-2010-truck-for-sale-in-aid6903033
isuzu,https://philkotse.com/isuzu-elf-for-sale-in-iloilo-city/selling-white-2004-truck-in-iloilo-aid6899712
isuzu,https://philkotse.com/isuzu-crosswind-for-sale-in-aglipay/selling-2015-diesel-automatic-aid6889403
isuzu,https://philkotse.com/isuzu-elf-for-sale-in-malabuyoc/2005-diesel-automatic-at-200000-km-for-sale-aid6886273
isuzu,https://philkotse.com/isuzu-crosswind-for-sale-in-general-santos/2012-diesel-manual-at-65000-km-for-sale-aid6886193
isuzu,https://philkotse.com/isuzu-d-max-for-sale-in-saguday/selling-silver-truck-2011-automatic-aid6885273
isuzu,https://philkotse.com/isuzu-d-max-for-sale-in-quezon-city/2nd-hand-2014-for-sale-in-aid6873852
isuzu,https://philkotse.com/isuzu-sportivo-for-sale-in-cabuyao/selling-2nd-hand-2012-in-aid6865803
isuzu,https://philkotse.com/isuzu-hi-lander-crosswind-for-sale-in-santiago/selling-used-2000-manual-diesel-in-aid6863862
isuzu,https://philkotse.com/isuzu-mu-x-for-sale-in-santiago/1996-automatic-diesel-for-sale-in-aid6863872
isuzu,https://philkotse.com/isuzu-elf-for-sale-in-lemery164/2nd-hand-truck-blue-2006-diesel-for-sale-aid5303742
isuzu,https://philkotse.com/isuzu-nhr-for-sale-in-manila/2015-at-46000-km-for-sale-in-aid5842532
isuzu,https://philkotse.com/isuzu--for-sale-in-lemery164/2nd-hand-blue-1999-giga-truck-for-sale-aid6162182
isuzu,https://philkotse.com/isuzu-elf-for-sale-in-lemery164/selling-2nd-hand-2000-truck-diesel-manual-aid6162392
isuzu,https://philkotse.com/isuzu-trooper-for-sale-in-pasig/2002-automatic-beige-at-50000-km-for-sale-in-aid6857162
isuzu,https://philkotse.com/isuzu-mu-x-for-sale-in-pasig/2017-automatic-at-18000-km-for-sale-in-aid6859062
isuzu,https://philkotse.com/isuzu-fuego-for-sale-in-santiago/selling-2nd-hand-2000-manual-diesel-aid6853142
isuzu,https://philkotse.com/isuzu-sportivo-for-sale-in-cebu-city/2010-manual-diesel-for-sale-in-aid6851572
isuzu,https://philkotse.com/isuzu-elf-for-sale-in-caloocan/2nd-hand-2018-van-for-sale-in-aid6773712
isuzu,https://philkotse.com/isuzu-trooper-for-sale-in-badiangan/selling-2nd-hand-2018-diesel-manual-aid6769302
isuzu,https://philkotse.com/isuzu-elf-for-sale-in-malabon/2nd-hand-blue-1994-for-sale-in-aid6793123
isuzu,https://philkotse.com/isuzu-elf-for-sale-in-malabon/2nd-hand-truck-1990-for-sale-in-aid6793093
isuzu,https://philkotse.com/isuzu-crosswind-for-sale-in-abulug/2nd-hand-2003-automatic-diesel-for-sale-in-aid6827283
isuzu,https://philkotse.com/isuzu-trooper-for-sale-in-silang/2nd-hand-beige-1994-for-sale-in-aid6817363
isuzu,https://philkotse.com/isuzu-fuego-for-sale-in-candijay/2nd-hand-2001-for-sale-in-aid6828203
isuzu,https://philkotse.com/isuzu-elf-for-sale-in-malabon/selling-2nd-hand-2002-diesel-automatic-aid6835922
isuzu,https://philkotse.com/isuzu-hi-lander-crosswind-for-sale-in-manila/selling-2nd-hand-1997-in-aid6841743
isuzu,https://philkotse.com/isuzu-d-max-for-sale-in-las-pinas/dmax-2017-for-sale-aid6809822
isuzu,https://philkotse.com/isuzu-elf-for-sale-in-malabon/2011-for-sale-aid6793103
isuzu,https://philkotse.com/isuzu-alterra-for-sale-in-munoz/2006-for-sale-aid6807222
isuzu,https://philkotse.com/isuzu-d-max-for-sale-in-san-pablo792/2010-for-sale-aid6807213
isuzu,https://philkotse.com/isuzu-crosswind-for-sale-in-pililla/2010-for-sale-aid6815683
isuzu,https://philkotse.com/isuzu-d-max-for-sale-in-santiago/1999-for-sale-aid6815992
isuzu,https://philkotse.com/isuzu-crosswind-for-sale-in-santiago/2010-manual-diesel-for-sale-aid6816162
isuzu,https://philkotse.com/isuzu-crosswind-for-sale-in-quezon-city/2017-for-sale-aid6811073
isuzu,https://philkotse.com/isuzu-d-max-for-sale-in-tuguegarao/2011-for-sale-aid6810912
isuzu,https://philkotse.com/isuzu-crosswind-for-sale-in-mandaluyong/2001-for-sale-aid6814103
isuzu,https://philkotse.com/isuzu-crosswind-for-sale-in-san-jose-del-monte/xti-2008-for-sale-aid6814382
isuzu,https://philkotse.com/isuzu-crosswind-for-sale-in-agdangan/2013-for-sale-aid6799623
isuzu,https://philkotse.com/isuzu-sportivo-x-for-sale-in-esperanza956/2014-for-sale-aid6803292
isuzu,https://philkotse.com/isuzu-d-max-for-sale-in-floridablanca/2014-for-sale-aid6803262
isuzu,https://philkotse.com/isuzu-mu-x-for-sale-in-roxas-city/2015-for-sale-aid6803062
isuzu,https://philkotse.com/isuzu-sportivo-for-sale-in-santiago/2007-for-sale-aid6801412
isuzu,https://philkotse.com/isuzu-d-max-for-sale-in-talisay486/2005-dmax-for-sale-aid6770673
isuzu,https://philkotse.com/isuzu-hi-lander-crosswind-for-sale-in-alfonso/2000-for-sale-aid6768542
isuzu,https://philkotse.com/isuzu-mu-x-for-sale-in-lemery164/2015-mt-ls-for-sale-aid6102882
isuzu,https://philkotse.com/isuzu-sportivo-x-for-sale-in-quezon-city/2013-for-sale-aid6768002
isuzu,https://philkotse.com/isuzu-alterra-for-sale-in-penaranda/2010-for-sale-aid6761062
isuzu,https://philkotse.com/isuzu-elf-for-sale-in-pasig/1994-model-for-sale-aid6761133
isuzu,https://philkotse.com/isuzu-bighorn-for-sale-in-bocaue/2002-for-sale-aid6742992
isuzu,https://philkotse.com/isuzu-crosswind-for-sale-in-Brooke-s-Point/2013-for-sale-aid6743102
isuzu,https://philkotse.com/isuzu-crosswind-for-sale-in-santiago/2004-for-sale-aid6740492
isuzu,https://philkotse.com/isuzu-sportivo-for-sale-in-kalilangan/2009-for-sale-aid6740852
isuzu,https://philkotse.com/isuzu-crosswind-for-sale-in-santiago/2004-for-sale-aid6740832
isuzu,https://philkotse.com/isuzu-mu-x-for-sale-in-santiago/mux-automatic-diesel-2015-for-sale-aid6740752
isuzu,https://philkotse.com/isuzu-trooper-for-sale-in-paranaque/1998-for-sale-aid6684702
isuzu,https://philkotse.com/isuzu--for-sale-in-bagabag/forward-1995-for-sale-aid6676892
isuzu,https://philkotse.com/isuzu-sportivo-for-sale-in-mandaluyong/2012-for-sale-aid6700562
isuzu,https://philkotse.com/isuzu-crosswind-for-sale-in-santiago/2007-sportivo-for-sale-aid6693662
isuzu,https://philkotse.com/isuzu-crosswind-for-sale-in-santiago/2004-for-sale-aid6693622
isuzu,https://philkotse.com/isuzu-fuego-for-sale-in-zamboanga-city1586/2000-ls-for-sale-aid6681912
isuzu,https://philkotse.com/isuzu-d-max-for-sale-in-bacolod/for-sale-2017-dmax-aid6659573
isuzu,https://philkotse.com/isuzu-elf-for-sale-in-makati/2018-for-sale-aid6672152
isuzu,https://philkotse.com/isuzu-crosswind-for-sale-in-igbaras/2007-for-sale-aid6672572
isuzu,https://philkotse.com/isuzu-sportivo-for-sale-in-las-pinas/2007-for-sale-aid6660253
isuzu,https://philkotse.com/isuzu-sportivo-for-sale-in-las-pinas/2007-for-sale-aid6660313
isuzu,https://philkotse.com/isuzu-crosswind-for-sale-in-quezon-city/2015-xuv-for-sale-aid4750682
isuzu,https://philkotse.com/isuzu-hi-lander-crosswind-for-sale-in-zamboanga-city1635/1997-for-sale-aid6647982
isuzu,https://philkotse.com/isuzu-sportivo-for-sale-in-mandaluyong/2012-at-for-sale-aid6637153
isuzu,https://philkotse.com/isuzu-sportivo-for-sale-in-cabuyao/2012-25-diesel-at-for-sale-aid6634533
isuzu,https://philkotse.com/isuzu-sportivo-for-sale-in-santiago/2015-crosswind-for-sale-aid6625752
isuzu,https://philkotse.com/isuzu-crosswind-for-sale-in-las-pinas/2003-for-sale-aid6615893
isuzu,https://philkotse.com/isuzu-crosswind-for-sale-in-agdangan/sportivo-x-2013-for-sale-aid6624712
isuzu,https://philkotse.com/isuzu-trooper-for-sale-in-manila/2003-for-sale-aid6604032
isuzu,https://philkotse.com/isuzu-xuv-for-sale-in-davao-city/crosswind-2008-for-sale-aid6600613
isuzu,https://philkotse.com/isuzu-fuego-for-sale-in-santiago/for-sale-2003-aid6598413
isuzu,https://philkotse.com/isuzu-sportivo-for-sale-in-manila/2010-for-sale-aid6594353
isuzu,https://philkotse.com/isuzu-sportivo-x-for-sale-in-manila/selling-2nd-hand-2014-at-45000-km-aid7081901
isuzu,https://philkotse.com/isuzu-d-max-for-sale-in-quezon-city/2nd-hand-2014-for-sale-in-aid7081891
isuzu,https://philkotse.com/isuzu-mu-x-for-sale-in-makati/2015-automatic-diesel-for-sale-in-aid7081551
isuzu,https://philkotse.com/isuzu-crosswind-for-sale-in-manila/selling-brown-2014-at-45000-km-in-aid7080541
isuzu,https://philkotse.com/isuzu-mu-x-for-sale-in-makati/2nd-hand-2015-automatic-diesel-for-sale-in-aid7080041
isuzu,https://philkotse.com/isuzu-crosswind-for-sale-in-dasmarinas/1999-manual-diesel-for-sale-in-dasmarias-aid7079711
isuzu,https://philkotse.com/isuzu-alterra-for-sale-in-davao-city/2013-for-sale-in-aid7079201
isuzu,https://philkotse.com/isuzu-elf-for-sale-in-quezon-city/2nd-hand-2005-at-130000-km-for-sale-aid7079161
isuzu,https://philkotse.com/isuzu-sportivo-for-sale-in-quezon-city/2nd-hand-2010-manual-diesel-for-sale-in-aid7078771
isuzu,https://philkotse.com/isuzu-mu-x-for-sale-in-bacolod/selling-2nd-hand-2017-in-aid7078741
isuzu,https://philkotse.com/isuzu-d-max-for-sale-in-cebu-city/2016-manual-diesel-for-sale-in-aid7078731
isuzu,https://philkotse.com/isuzu-crosswind-for-sale-in-cebu-city/selling-2005-at-130000-km-in-aid7077851
isuzu,https://philkotse.com/isuzu-d-max-for-sale-in-taguig/sell-2nd-hand-2016-manual-diesel-at-25000-km-in-aid7075701
isuzu,https://philkotse.com/isuzu-trooper-for-sale-in-caloocan/2nd-hand-1995-at-130000-km-for-sale-in-aid7075471
isuzu,https://philkotse.com/isuzu-crosswind-for-sale-in-baguio/selling-2nd-hand-2006-in-aid7074461
isuzu,https://philkotse.com/isuzu-crosswind-for-sale-in-manila/2nd-hand-2012-automatic-diesel-for-sale-in-aid7074171
isuzu,https://philkotse.com/isuzu-d-max-for-sale-in-pasig/brand-new-2019-for-sale-in-aid7073521
isuzu,https://philkotse.com/isuzu-trooper-for-sale-in-davao-city/sell-2nd-hand-2009-automatic-diesel-at-20000-km-in-aid7073451
isuzu,https://philkotse.com/isuzu-sportivo-for-sale-in-bacoor/selling-2011-automatic-diesel-in-aid7072911
isuzu,https://philkotse.com/isuzu-crosswind-for-sale-in-santiago/2007-manual-diesel-for-sale-in-aid7072791
isuzu,https://philkotse.com/isuzu-crosswind-for-sale-in-quezon-city/selling-2016-manual-diesel-in-aid7072781
isuzu,https://philkotse.com/isuzu-alterra-for-sale-in-quezon-city/2nd-hand-2006-suv-at-automatic-diesel-for-sale-in-aid7072561
isuzu,https://philkotse.com/isuzu-sportivo-for-sale-in-lemery164/2nd-hand-2005-for-sale-in-lemery-aid7072041
isuzu,https://philkotse.com/isuzu-mu-x-for-sale-in-antipolo/2nd-hand-2015-automatic-diesel-for-sale-in-aid7071521
isuzu,https://philkotse.com/isuzu-mu-x-for-sale-in-malolos/2015-automatic-diesel-for-sale-in-aid7071431
isuzu,https://philkotse.com/isuzu-sportivo-x-for-sale-in-santo-tomas180/selling-2nd-hand-2014-in-santo-tomas-aid7069741
isuzu,https://philkotse.com/isuzu-mu-x-for-sale-in-quezon-city/2nd-hand-2016-at-40000-km-for-sale-in-aid7069651
isuzu,https://philkotse.com/isuzu-crosswind-for-sale-in-naga367/selling-2nd-hand-2010-in-naga-aid7069451
isuzu,https://philkotse.com/isuzu-mu-x-for-sale-in-san-fernando1200/2nd-hand-2015-at-48000-km-for-sale-in-san-fernando-aid7068981
isuzu,https://philkotse.com/isuzu-mu-x-for-sale-in-pasig/selling-2019-automatic-diesel-in-aid7068831
isuzu,https://philkotse.com/isuzu-trooper-for-sale-in-manila/2nd-hand-2002-for-sale-in-aid7068601
isuzu,https://philkotse.com/isuzu-trooper-for-sale-in-quezon-city/selling-2003-automatic-diesel-in-aid7067941
isuzu,https://philkotse.com/isuzu-elf-for-sale-in-dipolog/2002-for-sale-in-aid7067361
isuzu,https://philkotse.com/isuzu-crosswind-for-sale-in-tuguegarao/manual-diesel-for-sale-in-aid7066761
isuzu,https://philkotse.com/isuzu-elf-for-sale-in-san-isidro1127/2nd-hand-1988-for-sale-in-san-isidro-aid7066721
isuzu,https://philkotse.com/isuzu-crosswind-for-sale-in-bamban/2nd-hand-2008-manual-diesel-for-sale-in-concepcion-aid7066501
isuzu,https://philkotse.com/isuzu-d-max-for-sale-in-las-pinas/2nd-hand-2007-for-sale-in-las-pias-aid7066271
isuzu,https://philkotse.com/isuzu-sportivo-for-sale-in-bacoor/selling-2016-automatic-diesel-in-aid7066231
isuzu,https://philkotse.com/isuzu-trooper-for-sale-in-san-manuel/selling-automatic-diesel-in-aid7066171
isuzu,https://philkotse.com/isuzu-crosswind-for-sale-in-makati/selling-2nd-hand-2002-automatic-diesel-at-130000-km-in-aid7066001
isuzu,https://philkotse.com/isuzu-crosswind-for-sale-in-quezon-city/2017-for-sale-in-aid7065221
isuzu,https://philkotse.com/isuzu-crosswind-for-sale-in-pasig/selling-2nd-hand-2011-in-aid7064041
isuzu,https://philkotse.com/isuzu-d-max-for-sale-in-san-fernando1200/2015-for-sale-in-san-fernando-aid7063821
isuzu,https://philkotse.com/isuzu-bighorn-for-sale-in-bocaue/selling-2nd-hand-trooper-2002-in-aid7063771
isuzu,https://philkotse.com/isuzu-d-max-for-sale-in-cabuyao/selling-2nd-hand-2015-in-aid7063671
isuzu,https://philkotse.com/isuzu-sportivo-for-sale-in-mandaue/selling-2nd-hand-2013-at-83000-km-in-aid7063271
isuzu,https://philkotse.com/isuzu-alterra-for-sale-in-manila/selling-2008-automatic-diesel-at-115625-km-aid7062381
isuzu,https://philkotse.com/isuzu-mu-x-for-sale-in-bacoor/selling-2016-automatic-diesel-in-aid7061471
isuzu,https://philkotse.com/isuzu-crosswind-for-sale-in-pasig/black-2015-automatic-diesel-for-sale-in-aid7061201
isuzu,https://philkotse.com/isuzu-crosswind-for-sale-in-quezon-city/silver-2014-for-sale-in-aid7061081
isuzu,https://philkotse.com/isuzu-crosswind-for-sale-in-talisay486/selling-black-2014-automatic-diesel-aid7060751
isuzu,https://philkotse.com/isuzu-sportivo-for-sale-in-quezon-city/2nd-hand-2013-at-70000-km-for-sale-aid7060651
isuzu,https://philkotse.com/isuzu-elf-for-sale-in-caloocan/2nd-hand-manual-diesel-for-sale-in-aid7059681
isuzu,https://philkotse.com/isuzu-d-max-for-sale-in-cebu-city/2nd-hand-2014-manual-diesel-for-sale-in-aid7059601
isuzu,https://philkotse.com/isuzu-crosswind-for-sale-in-meycauayan/selling-2014-manual-diesel-in-aid7059531
isuzu,https://philkotse.com/isuzu-mu-x-for-sale-in-mandaue/selling-2nd-hand-2017-in-aid7059431
isuzu,https://philkotse.com/isuzu-crosswind-for-sale-in-cebu-city/2nd-hand-2006-at-88000-km-for-sale-in-aid7059231
isuzu,https://philkotse.com/isuzu-crosswind-for-sale-in-lubao/selling-2nd-hand-2007-manual-diesel-at-130000-km-in-aid7058631
isuzu,https://philkotse.com/isuzu-sportivo-for-sale-in-quezon-city/2nd-hand-2014-manual-diesel-for-sale-in-aid7057841
isuzu,https://philkotse.com/isuzu-d-max-for-sale-in-pasig/2006-automatic-diesel-for-sale-in-aid7057691
isuzu,https://philkotse.com/isuzu-mu-x-for-sale-in-antipolo/2015-manual-diesel-for-sale-in-aid7057651
isuzu,https://philkotse.com/isuzu-crosswind-for-sale-in-cainta/2017-for-sale-in-aid7057161
isuzu,https://philkotse.com/isuzu-crosswind-for-sale-in-naga367/selling-2002-automatic-diesel-in-naga-aid7056971
isuzu,https://philkotse.com/isuzu-sportivo-for-sale-in-tuguegarao/2011-for-sale-in-aid7056701
isuzu,https://philkotse.com/isuzu-crosswind-for-sale-in-meycauayan/selling-2010-automatic-diesel-in-aid7056641
isuzu,https://philkotse.com/isuzu-sportivo-for-sale-in-santo-tomas180/selling-2013-manual-diesel-in-santo-tomas-aid7056411
isuzu,https://philkotse.com/isuzu-mu-x-for-sale-in-quezon-city/selling-2016-automatic-diesel-in-aid7056241
isuzu,https://philkotse.com/isuzu-fuego-for-sale-in-bay/selling-2nd-hand-2002-in-aid7055881
isuzu,https://philkotse.com/isuzu-d-max-for-sale-in-cagayan-de-oro/2012-manual-diesel-for-sale-in-aid7054521
isuzu,https://philkotse.com/isuzu-sportivo-for-sale-in-manila/selling-2015-manual-diesel-in-aid7054401
isuzu,https://philkotse.com/isuzu-fuego-for-sale-in-calamba773/sell-2nd-hand-2000-manual-diesel-at-112000-km-in-calamba-aid7053901
isuzu,https://philkotse.com/isuzu-mu-x-for-sale-in-quezon-city/sell-2nd-hand-2016-automatic-diesel-at-30000-km-in-aid7053861
isuzu,https://philkotse.com/isuzu-crosswind-for-sale-in-quezon-city/sell-2nd-hand-2003-manual-diesel-at-160000-km-in-aid7053771
isuzu,https://philkotse.com/isuzu-crosswind-for-sale-in-taguig/2010-for-sale-in-aid7053341
isuzu,https://philkotse.com/isuzu-mu-x-for-sale-in-quezon-city/2015-automatic-diesel-for-sale-in-aid7052971
isuzu,https://philkotse.com/isuzu-elf-for-sale-in-pasig/selling-2018-van-manual-diesel-in-aid7052891
isuzu,https://philkotse.com/isuzu-elf-for-sale-in-pasig/selling-2nd-hand-2006-van-in-aid7052871
isuzu,https://philkotse.com/isuzu-elf-for-sale-in-gapan/2nd-hand-manual-diesel-for-sale-in-aid7052311
isuzu,https://philkotse.com/isuzu-sportivo-for-sale-in-floridablanca/2nd-hand-2008-for-sale-in-aid7052301
isuzu,https://philkotse.com/isuzu-alterra-for-sale-in-bacoor/selling-2013-at-60000-km-in-aid7051641
isuzu,https://philkotse.com/isuzu-sportivo-for-sale-in-bacoor/2nd-hand-2010-at-51000-km-for-sale-aid7051561
isuzu,https://philkotse.com/isuzu-d-max-for-sale-in-marikina/2nd-hand-2018-for-sale-in-aid7051391
isuzu,https://philkotse.com/isuzu-elf-for-sale-in-tuba/2003-for-sale-in-aid7051351
isuzu,https://philkotse.com/isuzu-mu-x-for-sale-in-marikina/2017-automatic-diesel-for-sale-in-aid7050901
isuzu,https://philkotse.com/isuzu-mu-x-for-sale-in-marikina/2017-automatic-diesel-for-sale-in-aid7050841
isuzu,https://philkotse.com/isuzu-crosswind-for-sale-in-mandaluyong/selling-2012-at-60000-km-in-aid7050461
isuzu,https://philkotse.com/isuzu-sportivo-for-sale-in-dao/selling-2nd-hand-2008-in-aid7050311
isuzu,https://philkotse.com/isuzu-elf-for-sale-in-san-jose-del-monte/2nd-hand-2005-for-sale-in-aid7050061
isuzu,https://philkotse.com/isuzu-d-max-for-sale-in-cainta/2nd-hand-2017-for-sale-in-aid7049921
isuzu,https://philkotse.com/isuzu-sportivo-for-sale-in-paranaque/selling-2nd-hand-2014-automatic-diesel-at-50000-km-in-paraaque-aid7048801
isuzu,https://philkotse.com/isuzu-crosswind-for-sale-in-makati/selling-2nd-hand-2015-at-30000-km-in-aid7048791
isuzu,https://philkotse.com/isuzu-crosswind-for-sale-in-tanza/2nd-hand-2003-for-sale-in-aid7048681
isuzu,https://philkotse.com/isuzu-d-max-for-sale-in-san-pedro/2nd-hand-2010-manual-diesel-for-sale-in-aid7048621
isuzu,https://philkotse.com/isuzu-d-max-for-sale-in-dasmarinas/2nd-hand-2006-automatic-diesel-for-sale-in-dasmarias-aid7048571
isuzu,https://philkotse.com/isuzu-alterra-for-sale-in-manila/selling-black-2011-in-aid7047961
isuzu,https://philkotse.com/isuzu-crosswind-for-sale-in-makati/sell-black-2015-in-aid7047051
isuzu,https://philkotse.com/isuzu-crosswind-for-sale-in-marikina/silver-2015-for-sale-manual-aid7046391
isuzu,https://philkotse.com/isuzu-crosswind-for-sale-in-paranaque/2011-for-sale-in-paraaque-aid7045991
isuzu,https://philkotse.com/isuzu-trooper-for-sale-in-quezon-city/2nd-hand-2003-for-sale-in-aid7045401
isuzu,https://philkotse.com/isuzu-crosswind-for-sale-in-quezon-city/2nd-hand-2017-manual-diesel-for-sale-in-aid7045011
isuzu,https://philkotse.com/isuzu-elf-for-sale-in-pasig/2018-van-manual-diesel-for-sale-in-aid7044971
isuzu,https://philkotse.com/isuzu-elf-for-sale-in-mandaue/selling-2019-manual-diesel-in-aid7044641
isuzu,https://philkotse.com/isuzu-mu-x-for-sale-in-lemery164/selling-2nd-hand-2015-in-lemery-aid7044181
isuzu,https://philkotse.com/isuzu-alterra-for-sale-in-santa-rosa796/2nd-hand-2009-for-sale-in-santa-rosa-aid7043611
isuzu,https://philkotse.com/isuzu-sportivo-x-for-sale-in-mandaue/selling-2nd-hand-2016-in-aid7042991
isuzu,https://philkotse.com/isuzu-crosswind-for-sale-in-meycauayan/2nd-hand-2001-automatic-diesel-for-sale-in-aid7042861
isuzu,https://philkotse.com/isuzu-crosswind-for-sale-in-san-juan/2nd-hand-2004-for-sale-in-aid7042701
isuzu,https://philkotse.com/isuzu-mu-x-for-sale-in-cainta/selling-black-2016-in-aid7042591
isuzu,https://philkotse.com/isuzu-mu-x-for-sale-in-malabon/sell-2018-in-aid7042461
isuzu,https://philkotse.com/isuzu-sportivo-for-sale-in-taal/2005-automatic-diesel-for-sale-in-aid7042381
isuzu,https://philkotse.com/isuzu-d-max-for-sale-in-davao-city/2nd-hand-2009-manual-diesel-for-sale-in-aid7041961
isuzu,https://philkotse.com/isuzu-crosswind-for-sale-in-las-pinas/2004-manual-diesel-for-sale-in-las-pias-aid7041471
isuzu,https://philkotse.com/isuzu-crosswind-for-sale-in-las-pinas/2nd-hand-2007-at-90000-km-for-sale-aid7041431
isuzu,https://philkotse.com/isuzu-mu-x-for-sale-in-cainta/2nd-hand-2017-manual-diesel-for-sale-in-aid7041321
isuzu,https://philkotse.com/isuzu-sportivo-x-for-sale-in-marikina/2016-manual-diesel-for-sale-in-aid7041191
isuzu,https://philkotse.com/isuzu-crosswind-for-sale-in-mandaluyong/2nd-hand-2010-manual-gasoline-for-sale-in-aid7040871
isuzu,https://philkotse.com/isuzu-crosswind-for-sale-in-paranaque/2012-automatic-diesel-for-sale-in-paraaque-aid7040841
isuzu,https://philkotse.com/isuzu-crosswind-for-sale-in-alaminos/2nd-hand-2014-for-sale-in-aid7040761
isuzu,https://philkotse.com/isuzu-crosswind-for-sale-in-quezon-city/selling-2nd-hand-2005-at-80000-km-in-aid7040201
isuzu,https://philkotse.com/isuzu-mu-x-for-sale-in-paranaque/sell-2nd-hand-2016-at-12000-km-in-paraaque-aid7039651
isuzu,https://philkotse.com/isuzu-crosswind-for-sale-in-pasig/sell-silver-2008-in-aid7039571
isuzu,https://philkotse.com/isuzu-alterra-for-sale-in-pasig/selling-silver-2008-in-aid7039331
isuzu,https://philkotse.com/isuzu-d-max-for-sale-in-quezon-city/sell-white-2017-in-aid7038471
isuzu,https://philkotse.com/isuzu-crosswind-for-sale-in-pateros/selling-2nd-hand-2013-in-aid7037981
isuzu,https://philkotse.com/isuzu-d-max-for-sale-in-san-jose1128/selling-2nd-hand-2006-in-san-jose-aid7037831
isuzu,https://philkotse.com/isuzu-hi-lander-crosswind-for-sale-in-batangas-city/selling-2nd-hand-2004-in-aid7037761
isuzu,https://philkotse.com/isuzu-elf-for-sale-in-sibonga/like-new-for-sale-in-aid7036691
isuzu,https://philkotse.com/isuzu--for-sale-in-santo-domingo/2nd-hand-giga-2017-van-for-sale-in-aid7036491
isuzu,https://philkotse.com/isuzu-d-max-for-sale-in-marikina/2014-automatic-diesel-for-sale-in-aid7034891
isuzu,https://philkotse.com/isuzu-crosswind-for-sale-in-bacolor/selling-2nd-hand-2004-automatic-diesel-at-130000-km-in-aid7033601
isuzu,https://philkotse.com/isuzu-elf-for-sale-in-quezon-city/sell-2nd-hand-2015-van-in-aid7033521
isuzu,https://philkotse.com/isuzu-d-max-for-sale-in-mandaue/2012-for-sale-in-aid7033411
isuzu,https://philkotse.com/isuzu-crosswind-for-sale-in-quezon-city/2nd-hand-2006-automatic-diesel-for-sale-in-aid7033381
isuzu,https://philkotse.com/isuzu-nhr-for-sale-in-taguig/2nd-hand-2015-for-sale-in-aid7032591
isuzu,https://philkotse.com/isuzu-d-max-for-sale-in-taguig/2nd-hand-2013-manual-diesel-for-sale-in-aid7032451
isuzu,https://philkotse.com/isuzu-d-max-for-sale-in-quezon-city/selling-2008-at-73000-km-in-aid7032241
isuzu,https://philkotse.com/isuzu-mu-x-for-sale-in-mandaue/selling-2nd-hand-2016-automatic-diesel-at-28000-km-in-aid7031861
isuzu,https://philkotse.com/isuzu-d-max-for-sale-in-pasig/2nd-hand-2016-truck-at-manual-diesel-for-sale-in-aid7031821
isuzu,https://philkotse.com/isuzu-crosswind-for-sale-in-baguio/2nd-hand-2003-for-sale-in-aid7031811
isuzu,https://philkotse.com/isuzu-trooper-for-sale-in-las-pinas/2nd-hand-2004-for-sale-in-las-pias-aid7031781
isuzu,https://philkotse.com/isuzu-crosswind-for-sale-in-mandaue/2nd-hand-2015-automatic-diesel-for-sale-in-aid7031371
isuzu,https://philkotse.com/isuzu-crosswind-for-sale-in-meycauayan/selling-2nd-hand-2017-in-aid7030931
isuzu,https://philkotse.com/isuzu-d-max-for-sale-in-taytay/brand-new-2019-for-sale-in-aid7030541
isuzu,https://philkotse.com/isuzu-elf-for-sale-in-san-andres410/selling-truck-for-sale-in-san-andres-aid7029941
isuzu,https://philkotse.com/isuzu-d-max-for-sale-in-cainta/selling-2010-automatic-diesel-in-aid7029761
isuzu,https://philkotse.com/isuzu-crosswind-for-sale-in-marikina/2nd-hand-2016-for-sale-in-aid7029541
isuzu,https://philkotse.com/isuzu-elf-for-sale-in-subic/sell-2019-truck-in-aid7029031
isuzu,https://philkotse.com/isuzu-nhr-for-sale-in-manila/2015-truck-manual-gasoline-for-sale-in-aid7028131
isuzu,https://philkotse.com/isuzu-elf-for-sale-in-dasmarinas/selling-2nd-hand-2007-in-dasmarias-aid7028121
isuzu,https://philkotse.com/isuzu-elf-for-sale-in-quezon-city/selling-1999-manual-diesel-in-aid7027301
isuzu,https://philkotse.com/isuzu-d-max-for-sale-in-quezon-city/2nd-hand-2014-at-60000-km-for-sale-in-aid7026171
isuzu,https://philkotse.com/isuzu-crosswind-for-sale-in-baguio/2nd-hand-2010-at-90000-km-for-sale-in-aid7025901
isuzu,https://philkotse.com/isuzu-sportivo-for-sale-in-calamba773/selling-2011-manual-diesel-in-calamba-aid7025301
isuzu,https://philkotse.com/isuzu-elf-for-sale-in-cebu-city/selling-2009-manual-diesel-in-aid7025101
isuzu,https://philkotse.com/isuzu-d-max-for-sale-in-quezon-city/2019-for-sale-in-aid7025061
isuzu,https://philkotse.com/isuzu-mu-x-for-sale-in-quezon-city/selling-2nd-hand-2016-in-aid7024351
isuzu,https://philkotse.com/isuzu-sportivo-x-for-sale-in-marikina/sell-2nd-hand-2016-automatic-diesel-at-14000-km-in-aid7023981
isuzu,https://philkotse.com/isuzu-sportivo-for-sale-in-mandaue/selling-brand-new-2013-in-aid7023901
isuzu,https://philkotse.com/isuzu-mu-x-for-sale-in-paranaque/2016-for-sale-in-paraaque-aid7023181
isuzu,https://philkotse.com/isuzu-mu-x-for-sale-in-plaridel296/sell-2nd-hand-2018-manual-diesel-at-7000-km-in-plaridel-aid7023051
isuzu,https://philkotse.com/isuzu-crosswind-for-sale-in-dasmarinas/sell-2nd-hand-2010-automatic-diesel-at-130000-km-in-dasmarias-aid7023001
isuzu,https://philkotse.com/isuzu-crosswind-for-sale-in-batangas-city/selling-2004-manual-diesel-in-aid7022811
isuzu,https://philkotse.com/isuzu--for-sale-in-pasay/2nd-hand-forward-2005-manual-diesel-for-sale-in-aid7022311
isuzu,https://philkotse.com/isuzu-d-max-for-sale-in-quezon-city/selling-2005-automatic-diesel-in-aid7022151
isuzu,https://philkotse.com/isuzu-crosswind-for-sale-in-pasig/2nd-hand-2011-manual-diesel-for-sale-in-aid7021571
isuzu,https://philkotse.com/isuzu-d-max-for-sale-in-davao-city/2nd-hand-2015-for-sale-in-aid7021461
isuzu,https://philkotse.com/isuzu-crosswind-for-sale-in-puerto-galera/2nd-hand-for-sale-in-aid7021351
isuzu,https://philkotse.com/isuzu-fuego-for-sale-in-taguig/2nd-hand-2000-for-sale-in-aid7021211
isuzu,https://philkotse.com/isuzu-crosswind-for-sale-in-marikina/2nd-hand-2013-automatic-diesel-for-sale-in-aid7020791
isuzu,https://philkotse.com/isuzu-crosswind-for-sale-in-malolos/selling-maroon-2015-in-aid7020771
isuzu,https://philkotse.com/isuzu-mu-x-for-sale-in-quezon-city/selling-2017-automatic-diesel-in-aid7019501
isuzu,https://philkotse.com/isuzu-crosswind-for-sale-in-quezon-city/selling-2009-at-90000-km-in-aid7019351
isuzu,https://philkotse.com/isuzu-d-max-for-sale-in-talisay486/2009-manual-diesel-for-sale-in-talisay-aid7019061
isuzu,https://philkotse.com/isuzu-crosswind-for-sale-in-batangas-city/selling-2nd-hand-2012-in-aid7019021
isuzu,https://philkotse.com/isuzu-crosswind-for-sale-in-marikina/2nd-hand-2012-manual-diesel-for-sale-in-aid7018861
isuzu,https://philkotse.com/isuzu-d-max-for-sale-in-cagayan-de-oro/blue-2019-automatic-diesel-for-sale-aid7017721
isuzu,https://philkotse.com/isuzu-mu-x-for-sale-in-cagayan-de-oro/selling-2018-automatic-diesel-aid7017711
isuzu,https://philkotse.com/isuzu-mu-x-for-sale-in-cagayan-de-oro/2018-automatic-diesel-for-sale-aid7017701
isuzu,https://philkotse.com/isuzu-alterra-for-sale-in-mandaue/2008-automatic-diesel-for-sale-in-aid7017471
isuzu,https://philkotse.com/isuzu-elf-for-sale-in-quezon-city/selling-2005-manual-diesel-in-aid7017271
isuzu,https://philkotse.com/isuzu-d-max-for-sale-in-las-pinas/selling-2nd-hand-2012-in-las-pias-aid7016631
isuzu,https://philkotse.com/isuzu-d-max-for-sale-in-marikina/2005-for-sale-in-aid7016331
isuzu,https://philkotse.com/isuzu-fuego-for-sale-in-quezon-city/2001-manual-diesel-for-sale-in-aid7016301
isuzu,https://philkotse.com/isuzu-bighorn-for-sale-in-bocaue/2002-automatic-diesel-for-sale-in-aid7016091
isuzu,https://philkotse.com/isuzu-d-max-for-sale-in-manila/sell-white-2013-manual-diesel-at-83000-km-aid7014031
isuzu,https://philkotse.com/isuzu-d-max-for-sale-in-talisay486/silver-2011-for-sale-in-talisay-aid7013741
isuzu,https://philkotse.com/isuzu-alterra-for-sale-in-talisay486/selling-blue-2008-at-10000-km-in-talisay-aid7013711
isuzu,https://philkotse.com/isuzu-crosswind-for-sale-in-talisay486/sell-red-2013-at-10000-km-in-talisay-aid7013631
isuzu,https://philkotse.com/isuzu-crosswind-for-sale-in-pasig/selling-2015-at-118000-km-in-city-aid7012461
isuzu,https://philkotse.com/isuzu-mu-x-for-sale-in-quezon-city/selling-white-2016-automatic-diesel-aid7012351
isuzu,https://philkotse.com/isuzu-crosswind-for-sale-in-manila/selling-red-2012-at-43000-km-aid7011501
isuzu,https://philkotse.com/isuzu-sportivo-for-sale-in-taal/selling-2nd-hand-2007-in-aid7010841
isuzu,https://philkotse.com/isuzu-d-max-for-sale-in-olongapo/selling-used-2017-automatic-diesel-at-50000-km-in-aid7010341
isuzu,https://philkotse.com/isuzu-fuego-for-sale-in-marilao/1998-manual-diesel-for-sale-in-aid7010271
isuzu,https://philkotse.com/isuzu-crosswind-for-sale-in-quezon-city/selling-2007-manual-gasoline-in-aid7010241
isuzu,https://philkotse.com/isuzu-d-max-for-sale-in-manila/selling-used-2004-in-aid7009751
isuzu,https://philkotse.com/isuzu--for-sale-in-san-antonio1126/used-giga-2013-manual-diesel-for-sale-in-san-antonio-aid7009201
isuzu,https://philkotse.com/isuzu-crosswind-for-sale-in-cebu-city/selling-used-2008-in-aid7009021
isuzu,https://philkotse.com/isuzu-crosswind-for-sale-in-iloilo-city/used-2009-for-sale-in-aid7008831
isuzu,https://philkotse.com/isuzu-mu-x-for-sale-in-pasig/sell-2nd-hand-2016-at-60000-km-in-aid7008361
isuzu,https://philkotse.com/isuzu-crosswind-for-sale-in-concepcion/2011-for-sale-in-aid7008201
isuzu,https://philkotse.com/isuzu-crosswind-for-sale-in-quezon-city/selling-2013-manual-diesel-in-aid7007811
isuzu,https://philkotse.com/isuzu-d-max-for-sale-in-luna720/2nd-hand-2016-for-sale-in-luna-aid7006621
isuzu,https://philkotse.com/isuzu-mu-x-for-sale-in-quezon-city/selling-brown-2017-automatic-diesel-aid7005691
isuzu,https://philkotse.com/isuzu-d-max-for-sale-in-quezon-city/red-2017-manual-diesel-for-sale-aid7005581
isuzu,https://philkotse.com/isuzu-crosswind-for-sale-in-general-santos/selling-2nd-hand-2006-manual-diesel-at-130000-km-in-aid7005001
isuzu,https://philkotse.com/isuzu-d-max-for-sale-in-paranaque/2016-manual-diesel-for-sale-in-paraaque-aid7004981
isuzu,https://philkotse.com/isuzu-nhr-for-sale-in-las-pinas/2008-at-90000-km-for-sale-in-las-pias-aid7004271
isuzu,https://philkotse.com/isuzu-i-van-for-sale-in-cainta/selling-white-2016-van-in-aid7003501
isuzu,https://philkotse.com/isuzu-d-max-for-sale-in-muntinlupa/2014-manual-diesel-for-sale-in-aid7003461
isuzu,https://philkotse.com/isuzu-crosswind-for-sale-in-quezon-city/selling-2nd-hand-2002-automatic-diesel-at-110000-km-in-aid7002961
isuzu,https://philkotse.com/isuzu-d-max-for-sale-in-santa-rosa796/sell-2nd-hand-2015-in-santa-rosa-aid7002291
isuzu,https://philkotse.com/isuzu-alterra-for-sale-in-manila/black-2009-at-54000-km-for-sale-aid7000971
isuzu,https://philkotse.com/isuzu-mu-x-for-sale-in-quezon-city/white-2016-at-93000-km-for-sale-aid7000961
isuzu,https://philkotse.com/isuzu-sportivo-for-sale-in-manila/sell-black-2015-in-aid7000751
isuzu,https://philkotse.com/isuzu-d-max-for-sale-in-angeles/selling-2nd-hand-2014-in-aid7000181
isuzu,https://philkotse.com/isuzu-alterra-for-sale-in-santa-rosa796/selling-2nd-hand-2009-in-santa-rosa-aid6998971
isuzu,https://philkotse.com/isuzu-sportivo-for-sale-in-tanauan183/selling-2nd-hand-2013-in-tanauan-aid6997711
isuzu,https://philkotse.com/isuzu-mu-x-for-sale-in-angeles/selling-used-2015-in-aid6997171
isuzu,https://philkotse.com/isuzu-mu-x-for-sale-in-manila/selling-2nd-hand-2016-in-aid6996261
isuzu,https://philkotse.com/isuzu-elf-for-sale-in-guiguinto/2nd-hand-2017-manual-diesel-for-sale-in-aid6996241
isuzu,https://philkotse.com/isuzu-mu-x-for-sale-in-quezon-city/2017-manual-diesel-for-sale-in-aid6996231
isuzu,https://philkotse.com/isuzu--for-sale-in-guiguinto/selling-used-forward-2006-in-aid6996191
isuzu,https://philkotse.com/isuzu-d-max-for-sale-in-taytay/used-2009-for-sale-in-aid6995681
isuzu,https://philkotse.com/isuzu-d-max-for-sale-in-quezon-city/2017-manual-diesel-for-sale-in-aid6995241
isuzu,https://philkotse.com/isuzu-d-max-for-sale-in-mandaue/selling-2nd-hand-2007-in-aid6995171
isuzu,https://philkotse.com/isuzu-alterra-for-sale-in-talisay486/selling-2006-manual-diesel-aid6995111
isuzu,https://philkotse.com/isuzu-crosswind-for-sale-in-talisay486/selling-2010-automatic-diesel-aid6995011
isuzu,https://philkotse.com/isuzu-crosswind-for-sale-in-quezon-city/selling-white-2016-manual-diesel-aid6994851
isuzu,https://philkotse.com/isuzu-mu-x-for-sale-in-general-trias/white-2016-at-49800-km-for-sale-aid6994581
isuzu,https://philkotse.com/isuzu-mu-x-for-sale-in-ozamiz/selling-brown-2016-in-aid6994541
isuzu,https://philkotse.com/isuzu-mu-x-for-sale-in-quezon-city/selling-white-2017-automatic-diesel-in-aid6994511
isuzu,https://philkotse.com/isuzu-mu-x-for-sale-in-paranaque/selling-2nd-hand-2016-at-10000-km-in-paraaque-aid6994191
isuzu,https://philkotse.com/isuzu-elf-for-sale-in-quezon-city/selling-2002-van-manual-diesel-in-aid6993751
isuzu,https://philkotse.com/isuzu-crosswind-for-sale-in-caloocan/sell-2nd-hand-2002-manual-diesel-at-130000-km-in-aid6993691
isuzu,https://philkotse.com/isuzu-d-max-for-sale-in-mandaue/2nd-hand-2012-automatic-diesel-for-sale-in-aid6993571
isuzu,https://philkotse.com/isuzu-fuego-for-sale-in-quezon-city/2001-for-sale-in-aid6993001
isuzu,https://philkotse.com/isuzu-d-max-for-sale-in-santa-barbara/selling-2004-manual-diesel-in-aid6992871
isuzu,https://philkotse.com/isuzu-d-max-for-sale-in-calamba773/2nd-hand-2009-automatic-diesel-for-sale-in-calamba-aid6992731
isuzu,https://philkotse.com/isuzu-d-max-for-sale-in-cagayan-de-oro/sell-2nd-hand-2010-manual-diesel-in-aid6992331
isuzu,https://philkotse.com/isuzu-mu-x-for-sale-in-san-fernando1200/selling-used-2016-at-50000-km-in-san-fernando-aid6992131
isuzu,https://philkotse.com/isuzu-trooper-for-sale-in-las-pinas/2nd-hand-for-sale-in-las-pias-aid6991191
isuzu,https://philkotse.com/isuzu-sportivo-for-sale-in-cebu-city/selling-2nd-hand-2014-manual-diesel-at-50000-km-in-aid6989161
isuzu,https://philkotse.com/isuzu-sportivo-for-sale-in-santa-maria302/selling-2005-at-120000-km-in-santa-maria-aid6989111
isuzu,https://philkotse.com/isuzu-alterra-for-sale-in-naga367/2nd-hand-2008-for-sale-in-naga-aid6988921
isuzu,https://philkotse.com/isuzu-crosswind-for-sale-in-quezon-city/selling-2nd-hand-2006-in-aid6988541
isuzu,https://philkotse.com/isuzu-mu-x-for-sale-in-san-mateo/2015-automatic-diesel-for-sale-in-aid6987641
isuzu,https://philkotse.com/isuzu-crosswind-for-sale-in-santa-rosa796/selling-2002-automatic-diesel-in-santa-rosa-aid6987221
isuzu,https://philkotse.com/isuzu-sportivo-for-sale-in-tuguegarao/2008-manual-diesel-for-sale-in-aid6986821
isuzu,https://philkotse.com/isuzu-alterra-for-sale-in-santa-rosa796/2009-for-sale-in-santa-rosa-aid6986731
isuzu,https://philkotse.com/isuzu-sportivo-x-for-sale-in-tarlac-city/selling-2013-manual-diesel-in-aid6986441
isuzu,https://philkotse.com/isuzu-crosswind-for-sale-in-tanza/selling-used-2003-in-aid6985621
isuzu,https://philkotse.com/isuzu-mu-x-for-sale-in-taguig/selling-used-2015-in-aid6985271
isuzu,https://philkotse.com/isuzu-mu-x-for-sale-in-las-pinas/2017-for-sale-in-las-pias-aid6985041
isuzu,https://philkotse.com/isuzu--for-sale-in-batangas-city/selling-forward-1997-manual-diesel-at-130000-km-in-aid6984531
isuzu,https://philkotse.com/isuzu-mu-x-for-sale-in-quezon-city/2nd-hand-2016-at-40000-km-for-sale-aid6984211
isuzu,https://philkotse.com/isuzu-sportivo-x-for-sale-in-valenzuela/sell-used-2013-in-aid6983641
isuzu,https://philkotse.com/isuzu-fuego-for-sale-in-marilao/1998-for-sale-in-aid6982031
isuzu,https://philkotse.com/isuzu-mu-x-for-sale-in-valenzuela/2015-automatic-diesel-for-sale-in-aid6981941
isuzu,https://philkotse.com/isuzu-d-max-for-sale-in-quezon-city/2008-manual-diesel-for-sale-in-aid6980001
isuzu,https://philkotse.com/isuzu-crosswind-for-sale-in-baguio/2nd-hand-2007-for-sale-in-aid6979891
isuzu,https://philkotse.com/isuzu-d-max-for-sale-in-manila/selling-2nd-hand-2005-in-aid6979811
isuzu,https://philkotse.com/isuzu-alterra-for-sale-in-cebu-city/2013-manual-gasoline-for-sale-in-aid6979701
isuzu,https://philkotse.com/isuzu-sportivo-for-sale-in-santo-tomas180/selling-used-2007-in-santo-tomas-aid6979291
isuzu,https://philkotse.com/isuzu-mu-x-for-sale-in-tanay/brown-2016-at-37942-km-for-sale-in-aid6978211
isuzu,https://philkotse.com/isuzu-elf-for-sale-in-quezon-city/2002-for-sale-in-aid6977971
isuzu,https://philkotse.com/isuzu-d-max-for-sale-in-oton/2012-for-sale-in-aid6977861
isuzu,https://philkotse.com/isuzu-sportivo-x-for-sale-in-las-pinas/selling-2nd-hand-2014-manual-diesel-in-las-pias-aid6977811
isuzu,https://philkotse.com/isuzu-crosswind-for-sale-in-baguio/selling-2004-in-aid6976841
isuzu,https://philkotse.com/isuzu-sportivo-for-sale-in-quezon-city/2010-automatic-diesel-for-sale-in-aid6976641
isuzu,https://philkotse.com/isuzu-mu-x-for-sale-in-muntinlupa/2nd-hand-2015-for-sale-in-aid6976331
isuzu,https://philkotse.com/isuzu-crosswind-for-sale-in-san-fernando1200/2008-automatic-diesel-for-sale-in-san-fernando-aid6976251
isuzu,https://philkotse.com/isuzu-alterra-for-sale-in-san-juan645/2007-for-sale-in-san-juan-aid6975901
isuzu,https://philkotse.com/isuzu-mu-x-for-sale-in-mandaue/selling-2nd-hand-2015-automatic-diesel-in-aid6975531
isuzu,https://philkotse.com/isuzu-sportivo-for-sale-in-las-pinas/2014-manual-diesel-for-sale-in-las-pias-aid6975491
isuzu,https://philkotse.com/isuzu-elf-for-sale-in-calumpit/used-2007-for-sale-in-aid6975201
isuzu,https://philkotse.com/isuzu-trooper-for-sale-in-talisay486/2005-for-sale-in-talisay-aid6974951
isuzu,https://philkotse.com/isuzu-crosswind-for-sale-in-talisay486/2nd-hand-2006-for-sale-in-talisay-aid6973751
isuzu,https://philkotse.com/isuzu-crosswind-for-sale-in-manila/2010-for-sale-in-aid6973371
isuzu,https://philkotse.com/isuzu-mu-x-for-sale-in-puerto-galera/2nd-hand-2016-for-sale-in-aid6972871
isuzu,https://philkotse.com/isuzu-mu-x-for-sale-in-pasay/selling-used-2017-automatic-diesel-at-40000-km-in-aid6972281
isuzu,https://philkotse.com/isuzu-d-max-for-sale-in-bacoor/brand-new-automatic-diesel-for-sale-in-aid6972051
isuzu,https://philkotse.com/isuzu-mu-x-for-sale-in-valenzuela/used-2015-for-sale-in-aid6971651
isuzu,https://philkotse.com/isuzu-mu-x-for-sale-in-la-trinidad/2015-for-sale-in-aid6971591
isuzu,https://philkotse.com/isuzu-crosswind-for-sale-in-pasay/sell-2nd-hand-2013-at-130000-km-in-aid6970981
isuzu,https://philkotse.com/isuzu-sportivo-for-sale-in-pasay/sell-2nd-hand-2005-at-120000-km-in-aid6970151
isuzu,https://philkotse.com/isuzu-crosswind-for-sale-in-quezon-city/2016-for-sale-in-aid6970161
isuzu,https://philkotse.com/isuzu-crosswind-for-sale-in-lipa/selling-2011-manual-diesel-at-110000-km-in-aid6969771
isuzu,https://philkotse.com/isuzu-fuego-for-sale-in-davao-city/selling-used-2002-at-130000-km-in-aid6969461
isuzu,https://philkotse.com/isuzu-trooper-for-sale-in-makati/sell-2nd-hand-2003-automatic-diesel-at-130000-km-in-aid6969381
isuzu,https://philkotse.com/isuzu-d-max-for-sale-in-tagbilaran/selling-2nd-hand-2009-in-aid6969061
isuzu,https://philkotse.com/isuzu-crosswind-for-sale-in-talisay486/selling-2004-at-130000-km-in-talisay-aid6968521
isuzu,https://philkotse.com/isuzu-sportivo-for-sale-in-cauayan711/selling-2nd-hand-2011-in-cauayan-aid6968441
isuzu,https://philkotse.com/isuzu-sportivo-x-for-sale-in-quezon-city/selling-2015-in-aid6968281
isuzu,https://philkotse.com/isuzu-elf-for-sale-in-guindulungan/2nd-hand-manual-diesel-for-sale-in-aid6968051
isuzu,https://philkotse.com/isuzu-trooper-for-sale-in-cebu-city/selling-used-2006-in-aid6967811
isuzu,https://philkotse.com/isuzu-d-max-for-sale-in-taytay/selling-brand-new-2019-manual-diesel-aid6967551
isuzu,https://philkotse.com/isuzu-crosswind-for-sale-in-quezon-city/black-2017-at-47000-km-for-sale-aid6967421
isuzu,https://philkotse.com/isuzu-d-max-for-sale-in-cagayan-de-oro/selling-white-2019-manual-diesel-aid6967371
isuzu,https://philkotse.com/isuzu-mu-x-for-sale-in-santa-rosa796/2017-automatic-diesel-for-sale-in-santa-rosa-aid6966851
isuzu,https://philkotse.com/isuzu-d-max-for-sale-in-antipolo/selling-2012-manual-diesel-in-aid6966591
isuzu,https://philkotse.com/isuzu-crosswind-for-sale-in-quezon-city/2013-manual-diesel-for-sale-in-aid6966571
isuzu,https://philkotse.com/isuzu-crosswind-for-sale-in-manila/2nd-hand-2013-manual-diesel-for-sale-in-aid6965141
isuzu,https://philkotse.com/isuzu-mu-x-for-sale-in-general-trias/2016-automatic-diesel-for-sale-in-aid6965061
isuzu,https://philkotse.com/isuzu-d-max-for-sale-in-davao-city/2014-for-sale-in-aid6964921
isuzu,https://philkotse.com/isuzu-mu-x-for-sale-in-muntinlupa/2nd-hand-2015-for-sale-in-aid6964811
isuzu,https://philkotse.com/isuzu-trooper-for-sale-in-rosario431/2001-for-sale-in-rosario-aid6964661
isuzu,https://philkotse.com/isuzu-d-max-for-sale-in-quezon-city/2nd-hand-2004-for-sale-in-aid6964421
isuzu,https://philkotse.com/isuzu-crosswind-for-sale-in-lipa/2012-manual-diesel-for-sale-in-aid6963361
isuzu,https://philkotse.com/isuzu-crosswind-for-sale-in-dagupan/selling-2nd-hand-2015-in-aid6963291
isuzu,https://philkotse.com/isuzu-sportivo-for-sale-in-pasig/selling-2nd-hand-2012-in-aid6963051
isuzu,https://philkotse.com/isuzu-fuego-for-sale-in-quezon-city/2nd-hand-2001-manual-diesel-for-sale-in-aid6963011
isuzu,https://philkotse.com/isuzu-sportivo-for-sale-in-angeles/2nd-hand-2008-for-sale-in-aid6962771
isuzu,https://philkotse.com/isuzu-d-max-for-sale-in-dasmarinas/selling-2006-at-90000-km-in-dasmarias-aid6962531
isuzu,https://philkotse.com/isuzu-elf-for-sale-in-binangonan/selling-manual-diesel-in-aid6962471
isuzu,https://philkotse.com/isuzu-sportivo-for-sale-in-apalit/selling-2nd-hand-2007-in-aid6962361
isuzu,https://philkotse.com/isuzu-sportivo-for-sale-in-las-pinas/2nd-hand-2007-for-sale-in-las-pias-aid6962321
isuzu,https://philkotse.com/isuzu-sportivo-for-sale-in-marilao/sell-2nd-hand-2004-at-130000-km-in-aid6961361
isuzu,https://philkotse.com/isuzu-elf-for-sale-in-davao-city/selling-2015-at-10000-km-in-aid6960261
isuzu,https://philkotse.com/isuzu-crosswind-for-sale-in-meycauayan/2nd-hand-2010-at-100000-km-for-sale-aid6960211
isuzu,https://philkotse.com/isuzu-trooper-for-sale-in-caloocan/selling-1997-at-120000-km-in-aid6959681
isuzu,https://philkotse.com/isuzu-crosswind-for-sale-in-muntinlupa/2013-manual-diesel-for-sale-in-aid6958951
isuzu,https://philkotse.com/isuzu-crosswind-for-sale-in-sariaya/2nd-hand-2005-manual-diesel-for-sale-in-aid6958891
isuzu,https://philkotse.com/isuzu-sportivo-for-sale-in-pasig/selling-2nd-hand-2010-in-aid6958761
isuzu,https://philkotse.com/isuzu-d-max-for-sale-in-jasaan/selling-2006-automatic-diesel-in-aid6958581
isuzu,https://philkotse.com/isuzu-elf-for-sale-in-calumpit/selling-2nd-hand-in-aid6957811
isuzu,https://philkotse.com/isuzu-fuego-for-sale-in-quezon-city/sell-2nd-hand-1998-manual-diesel-at-110000-km-in-aid6957711
isuzu,https://philkotse.com/isuzu-crosswind-for-sale-in-san-juan/selling-2004-automatic-diesel-in-aid6957401
isuzu,https://philkotse.com/isuzu-crosswind-for-sale-in-calamba773/selling-2010-manual-diesel-in-calamba-aid6956381
isuzu,https://philkotse.com/isuzu-sportivo-for-sale-in-trece-martires/2nd-hand-2008-automatic-diesel-for-sale-in-aid6956011
isuzu,https://philkotse.com/isuzu-trooper-for-sale-in-guiguinto/2nd-hand-2000-for-sale-in-aid6954911
isuzu,https://philkotse.com/isuzu-crosswind-for-sale-in-quezon-city/sell-2nd-hand-2008-manual-diesel-at-50000-km-in-aid6954721
isuzu,https://philkotse.com/isuzu-d-max-for-sale-in-lipa/2009-for-sale-in-aid6954531
isuzu,https://philkotse.com/isuzu-mu-x-for-sale-in-angeles/2015-for-sale-in-city-aid6953891
isuzu,https://philkotse.com/isuzu-crosswind-for-sale-in-quezon-city/2010-for-sale-in-aid6953491
isuzu,https://philkotse.com/isuzu-crosswind-for-sale-in-makati/2nd-hand-2017-for-sale-in-aid6953451
isuzu,https://philkotse.com/isuzu-sportivo-x-for-sale-in-bacolod/2016-for-sale-in-aid6952861
isuzu,https://philkotse.com/isuzu-crosswind-for-sale-in-las-pinas/2nd-hand-2003-manual-diesel-for-sale-in-las-pias-aid6952141
isuzu,https://philkotse.com/isuzu-sportivo-x-for-sale-in-davao-city/sell-2nd-hand-2013-manual-diesel-at-93000-km-in-aid6952101
isuzu,https://philkotse.com/isuzu-crosswind-for-sale-in-calapan/2nd-hand-2011-suv-at-85000-km-for-sale-aid6952001
isuzu,https://philkotse.com/isuzu-d-max-for-sale-in-las-pinas/2nd-hand-2012-automatic-diesel-for-sale-in-las-pias-aid6951711
isuzu,https://philkotse.com/isuzu-sportivo-x-for-sale-in-muntinlupa/2nd-hand-2014-manual-diesel-for-sale-in-aid6951631
isuzu,https://philkotse.com/isuzu-alterra-for-sale-in-dasmarinas/selling-2009-automatic-diesel-in-dasmarias-aid6951521
isuzu,https://philkotse.com/isuzu-crosswind-for-sale-in-bocaue/selling-2014-manual-diesel-in-aid6951411
isuzu,https://philkotse.com/isuzu-d-max-for-sale-in-las-pinas/selling-2006-at-92000-km-in-quezon-city-aid6951241
isuzu,https://philkotse.com/isuzu-crosswind-for-sale-in-san-francisco478/2013-for-sale-in-san-francisco-aid6950841
isuzu,https://philkotse.com/isuzu-d-max-for-sale-in-san-francisco478/selling-white-2016-at-8000-km-in-san-francisco-aid6950821
isuzu,https://philkotse.com/isuzu-crosswind-for-sale-in-quezon-city/selling-2013-manual-diesel-in-aid6950401
isuzu,https://philkotse.com/isuzu-crosswind-for-sale-in-quezon-city/2nd-hand-2001-for-sale-in-aid6950141
isuzu,https://philkotse.com/isuzu-crosswind-for-sale-in-makati/2004-for-sale-in-aid6949791
isuzu,https://philkotse.com/isuzu-crosswind-for-sale-in-quezon-city/like-new-for-sale-in-aid6949761
isuzu,https://philkotse.com/isuzu-crosswind-for-sale-in-malabon/sell-2nd-hand-2003-at-100000-km-in-aid6949681
isuzu,https://philkotse.com/isuzu-fuego-for-sale-in-luna720/2nd-hand-2003-manual-diesel-for-sale-in-luna-aid6949651
isuzu,https://philkotse.com/isuzu-crosswind-for-sale-in-taguig/selling-2017-automatic-diesel-at-19000-km-in-aid6949571
isuzu,https://philkotse.com/isuzu-crosswind-for-sale-in-meycauayan/2nd-hand-2010-automatic-diesel-for-sale-in-aid6946481
isuzu,https://philkotse.com/isuzu-bighorn-for-sale-in-antipolo/selling-2nd-hand-1993-automatic-diesel-at-130000-km-in-aid6946441
isuzu,https://philkotse.com/isuzu-d-max-for-sale-in-pasig/selling-brand-new-2019-in-aid6945181
isuzu,https://philkotse.com/isuzu-elf-for-sale-in-manila/2nd-hand-2007-van-at-80000-km-for-sale-in-aid6945091
isuzu,https://philkotse.com/isuzu-trooper-for-sale-in-quezon-city/selling-2003-automatic-gasoline-in-aid6944921
isuzu,https://philkotse.com/isuzu-sportivo-for-sale-in-cebu-city/2007-manual-diesel-for-sale-in-aid6944681
isuzu,https://philkotse.com/isuzu-d-max-for-sale-in-san-juan/2010-for-sale-in-aid6944291
isuzu,https://philkotse.com/isuzu-sportivo-x-for-sale-in-quezon-city/selling-2nd-hand-2012-in-aid6943591
isuzu,https://philkotse.com/isuzu-crosswind-for-sale-in-sariaya/2007-for-sale-in-aid6943521
isuzu,https://philkotse.com/isuzu-alterra-for-sale-in-talisay486/selling-2012-manual-diesel-in-talisay-aid6943261
isuzu,https://philkotse.com/isuzu-crosswind-for-sale-in-makati/selling-2nd-hand-2002-in-aid6942591
isuzu,https://philkotse.com/isuzu-sportivo-for-sale-in-sariaya/2010-for-sale-in-aid6942491
isuzu,https://philkotse.com/isuzu-sportivo-for-sale-in-naga367/2010-manual-diesel-for-sale-in-naga-aid6941211
isuzu,https://philkotse.com/isuzu-alterra-for-sale-in-santa-rosa796/2009-automatic-diesel-for-sale-in-santa-rosa-aid6941031
isuzu,https://philkotse.com/isuzu-crosswind-for-sale-in-silang/2nd-hand-2001-automatic-diesel-for-sale-in-aid6940971
isuzu,https://philkotse.com/isuzu-crosswind-for-sale-in-mandaluyong/2nd-hand-2001-at-130000-km-for-sale-in-aid6939321
isuzu,https://philkotse.com/isuzu-crosswind-for-sale-in-cabuyao/selling-2nd-hand-2010-in-aid6938681
isuzu,https://philkotse.com/isuzu-crosswind-for-sale-in-taguig/selling-2017-automatic-diesel-at-20000-km-in-aid6938541
isuzu,https://philkotse.com/isuzu-crosswind-for-sale-in-quezon-city/sell-white-2013-in-aid6914631
isuzu,https://philkotse.com/isuzu-crosswind-for-sale-in-general-salipada-k-pendatun/selling-2001-at-225000-km-in-aid6900591
isuzu,https://philkotse.com/isuzu-mu-x-for-sale-in-manila/selling-blue-2016-automatic-diesel-in-aid6881271
isuzu,https://philkotse.com/isuzu-mu-x-for-sale-in-marikina/selling-2016-at-42000-km-in-aid6853491
isuzu,https://philkotse.com/isuzu-sportivo-for-sale-in-lipa/selling-white-2010-automatic-diesel-at-115000-km-aid6846011
isuzu,https://philkotse.com/isuzu-d-max-for-sale-in-davao-city/white-2008-manual-diesel-for-sale-aid6845981
isuzu,https://philkotse.com/isuzu-crosswind-for-sale-in-general-salipada-k-pendatun/beige-2008-for-sale-in-manual-aid6845731
isuzu,https://philkotse.com/isuzu-d-max-for-sale-in-general-salipada-k-pendatun/selling-white-2016-at-diesel-manual-aid6845701
isuzu,https://philkotse.com/isuzu-mu-x-for-sale-in-pasig/selling-white-2017-in-aid6845341
isuzu,https://philkotse.com/isuzu-elf-for-sale-in-cagayan-de-oro/selling-1995-truck-in-city-aid6815461
isuzu,https://philkotse.com/isuzu-mu-x-for-sale-in-general-salipada-k-pendatun/selling-white-2015-automatic-diesel-for-sale-aid6815241
isuzu,https://philkotse.com/isuzu-crosswind-for-sale-in-general-salipada-k-pendatun/selling-red-2013-manual-diesel-for-sale-aid6804491
isuzu,https://philkotse.com/isuzu-d-max-for-sale-in-angeles/sell-red-2014-at-automatic-diesel-at-48000-km-in-city-aid6804351
isuzu,https://philkotse.com/isuzu-crosswind-for-sale-in-quezon-city/for-sale-2017-in-aid6784031
isuzu,https://philkotse.com/isuzu-crosswind-for-sale-in-meycauayan/selling-beige-2014-at-59000-km-in-aid6759411
isuzu,https://philkotse.com/isuzu-crosswind-for-sale-in-manila/selling-grey-2014-in-aid6754271
isuzu,https://philkotse.com/isuzu-crosswind-for-sale-in-las-pinas/2013-for-sale-aid6696251
isuzu,https://philkotse.com/isuzu-d-max-for-sale-in-quezon-city/2017-ls-at-for-sale-aid6695681
isuzu,https://philkotse.com/isuzu-d-max-for-sale-in-cebu-city/2016-for-sale-aid6693891
isuzu,https://philkotse.com/isuzu-mu-x-for-sale-in-cebu-city/2015-for-sale-aid6693861
isuzu,https://philkotse.com/isuzu-d-max-for-sale-in-manila/2010-for-sale-aid6683471
isuzu,https://philkotse.com/isuzu-d-max-for-sale-in-cebu-city/2014-for-sale-aid6676461
isuzu,https://philkotse.com/isuzu-d-max-for-sale-in-quezon-city/2005-for-sale-aid6667631
isuzu,https://philkotse.com/isuzu-crosswind-for-sale-in-zamboanga-city1586/1997-for-sale-aid6650261
isuzu,https://philkotse.com/isuzu-mu-x-for-sale-in-pasig/2019-ls-a-at-for-sale-aid6647051
isuzu,https://philkotse.com/isuzu-d-max-for-sale-in-pasig/2019-ls-mt-for-sale-aid6647031
isuzu,https://philkotse.com/isuzu-mu-x-for-sale-in-pasig/2019-ls-a-at-for-sale-aid6647041
isuzu,https://philkotse.com/isuzu-mu-x-for-sale-in-pasig/2019-ls-a-mt-for-sale-aid6647021
isuzu,https://philkotse.com/isuzu-crosswind-for-sale-in-general-salipada-k-pendatun/2018-for-sale-aid6644701
isuzu,https://philkotse.com/isuzu-crosswind-for-sale-in-cavite-city/2011-for-sale-aid6643261
isuzu,https://philkotse.com/isuzu-elf-for-sale-in-marikina/2003-for-sale-aid6642111
isuzu,https://philkotse.com/isuzu-sportivo-for-sale-in-manila/2007-for-sale-aid6640881
isuzu,https://philkotse.com/isuzu-elf-for-sale-in-quezon-city/2007-for-sale-aid6634351
isuzu,https://philkotse.com/isuzu-elf-for-sale-in-quezon-city/2005-for-sale-aid6634341
isuzu,https://philkotse.com/isuzu-crosswind-for-sale-in-cebu-city/2007-for-sale-aid6632101
isuzu,https://philkotse.com/isuzu-crosswind-for-sale-in-cebu-city/2005-for-sale-aid6632071
isuzu,https://philkotse.com/isuzu-sportivo-for-sale-in-carmona/2010-for-sale-aid6630041
isuzu,https://philkotse.com/isuzu--for-sale-in-marikina/2007-forward-for-sale-aid6628021
isuzu,https://philkotse.com/isuzu-alterra-for-sale-in-manila/2008-for-sale-aid6612521
isuzu,https://philkotse.com/isuzu-crosswind-for-sale-in-manila/2010-diesel-manual-silver-aid6612021
isuzu,https://philkotse.com/isuzu-crosswind-for-sale-in-manila/2010-diesel-manual-aid6612011
isuzu,https://philkotse.com/isuzu-alterra-for-sale-in-manila/2012-automatic-diesel-p699000-aid6611581
isuzu,https://philkotse.com/isuzu-crosswind-for-sale-in-manila/2016-for-sale-aid6611541
isuzu,https://philkotse.com/isuzu-crosswind-for-sale-in-manila/2016-for-sale-aid6611241
isuzu,https://philkotse.com/isuzu-crosswind-for-sale-in-manila/2013-for-sale-aid6610431
isuzu,https://philkotse.com/isuzu-mu-x-for-sale-in-pasay/2016-for-sale-aid6610401
isuzu,https://philkotse.com/isuzu-crosswind-for-sale-in-manila/2011-for-sale-aid6609131
isuzu,https://philkotse.com/isuzu-trooper-for-sale-in-valenzuela/2003-for-sale-aid6608481
isuzu,https://philkotse.com/isuzu-d-max-for-sale-in-quezon-city/2012-for-sale-aid6608021
isuzu,https://philkotse.com/isuzu-crosswind-for-sale-in-davao-city/2008-for-sale-aid6607341
isuzu,https://philkotse.com/isuzu-crosswind-for-sale-in-manila/2012-for-sale-aid6606761
isuzu,https://philkotse.com/isuzu-d-max-for-sale-in-manila/2014-for-sale-aid6606661
isuzu,https://philkotse.com/isuzu-alterra-for-sale-in-paranaque/2014-for-sale-aid6606621
isuzu,https://philkotse.com/isuzu-sportivo-for-sale-in-makati/2013-for-sale-aid6606461
isuzu,https://philkotse.com/isuzu-mu-x-for-sale-in-manila/2017-for-sale-aid6598341
isuzu,https://philkotse.com/isuzu-crosswind-for-sale-in-manila/2003-for-sale-aid6598041
