mazda,https://philkotse.com/mazda-b2200-for-sale-in-dalaguete/selling-red-1991-manual-in-cebu-aid7082752
mazda,https://philkotse.com/mazda-3-for-sale-in-makati/silver-2015-sedan-automatic-gasoline-for-sale-aid7083072
mazda,https://philkotse.com/mazda-3-for-sale-in-antipolo/sell-white-2010-sedan-at-60000-km-aid7082822
mazda,https://philkotse.com/mazda-3-for-sale-in-las-pinas/used-2005-hatchback-for-sale-in-metro-manila-aid7076583
mazda,https://philkotse.com/mazda-cx-7-for-sale-in-makati/2010-automatic-at-75000-km-for-sale-aid7066313
mazda,https://philkotse.com/mazda-bt-50-for-sale-in-quezon-city/2015-automatic-diesel-for-sale-aid7074642
mazda,https://philkotse.com/mazda-mx-5-for-sale-in-las-pinas/sell-white-2016-convertible-automatic-gasoline-aid7062122
mazda,https://philkotse.com/mazda-2-for-sale-in-antipolo/selling-used-015-sedan-at-70000-km-in-aid7058402
mazda,https://philkotse.com/mazda-2-for-sale-in-paranaque/sell-nd-hand-016-sedan-at-30000-km-aid7046822
mazda,https://philkotse.com/mazda-3-for-sale-in-pasig/sell-2nd-hand-2015-hatchback-in-aid6971232
mazda,https://philkotse.com/mazda-cx-5-for-sale-in-makati/sell-used-2016-automatic-gasoline-in-aid7027842
mazda,https://philkotse.com/mazda-cx-7-for-sale-in-makati/sell-2nd-hand-2012-in-aid7017792
mazda,https://philkotse.com/mazda-bt-50-for-sale-in-las-pinas/2015-at-41000-km-for-sale-aid6101602
mazda,https://philkotse.com/mazda-6-for-sale-in-pasig/sell-2nd-hand-2012-at-95000-km-in-aid6978293
mazda,https://philkotse.com/mazda-familia-for-sale-in-quezon-city/blue-1996-for-sale-in-aid6978272
mazda,https://philkotse.com/mazda-3-for-sale-in-makati/sell-used-2016-hatchback-at-9978-km-in-aid6978362
mazda,https://philkotse.com/mazda-3-for-sale-in-lucena/selling-used-2007-automatic-gasoline-aid6965072
mazda,https://philkotse.com/mazda-2-for-sale-in-manila/used-018-at-0000-km-for-sale-in-aid6935153
mazda,https://philkotse.com/mazda-3-for-sale-in-norzagaray/selling-used-2017-sedan-at-15000-km-in-bulacan-aid6911432
mazda,https://philkotse.com/mazda-cx-9-for-sale-in-quezon-city/sell-used-2014-at-32000-km-in-aid6909812
mazda,https://philkotse.com/mazda-3-for-sale-in-pasig/selling-sedan-2017-at-8000-km-aid6871572
mazda,https://philkotse.com/mazda-3-for-sale-in-makati/2016-automatic-at-27000-km-for-sale-aid6860473
mazda,https://philkotse.com/mazda-cx-5-for-sale-in-makati/selling-2nd-hand-2014-at-59000-km-aid6853452
mazda,https://philkotse.com/mazda-cx-3-for-sale-in-santa-rosa796/2nd-hand-2018-for-sale-in-santa-rosa-aid6750973
mazda,https://philkotse.com/mazda-cx-5-for-sale-in-manila/2nd-hand-cx5-2012-at-70000-km-for-sale-in-aid6579342
mazda,https://philkotse.com/mazda-familia-for-sale-in-pasig/2nd-hand-1997-automatic-for-sale-in-aid6809803
mazda,https://philkotse.com/mazda-3-for-sale-in-imus/2nd-hand-2007-68000-km-for-sale-in-aid6740223
mazda,https://philkotse.com/mazda-bt-50-for-sale-in-aglipay/2nd-hand-2019-for-sale-in-aid6827173
mazda,https://philkotse.com/mazda--for-sale-in-dasmarinas/2nd-hand-gray-1997-bongo-van-for-sale-aid6824052
mazda,https://philkotse.com/mazda-cx-9-for-sale-in-carmona/2012-for-sale-in-aid6832082
mazda,https://philkotse.com/mazda-3-for-sale-in-pagadian/selling-used-2007-in-aid6828383
mazda,https://philkotse.com/mazda-3-for-sale-in-prosperidad/2016-for-sale-aid6803853
mazda,https://philkotse.com/mazda-3-for-sale-in-angeles/201-for-sale-aid6768553
mazda,https://philkotse.com/mazda-cx-9-for-sale-in-manila/2018-for-sale-aid6733152
mazda,https://philkotse.com/mazda-mx-5-for-sale-in-quezon-city/2005-mx5-for-sale-aid6728343
mazda,https://philkotse.com/mazda-2-for-sale-in-manila/011-for-sale-aid6685392
mazda,https://philkotse.com/mazda-3-for-sale-in-las-pinas/2009-for-sale-aid6657903
mazda,https://philkotse.com/mazda-2-for-sale-in-las-pinas/014-at-for-sale-aid6637483
mazda,https://philkotse.com/mazda-2-for-sale-in-manila/013-for-sale-aid6625773
mazda,https://philkotse.com/mazda-2-for-sale-in-marikina/011-for-sale-aid6566962
mazda,https://philkotse.com/mazda-3-for-sale-in-manila/2004-for-sale-aid6602473
mazda,https://philkotse.com/mazda-cx-5-for-sale-in-muntinlupa/sell-black-2012-at-84000-km-aid7081591
mazda,https://philkotse.com/mazda-3-for-sale-in-cabanatuan/2019-for-sale-in-aid7081481
mazda,https://philkotse.com/mazda-bt-50-for-sale-in-pasig/2019-for-sale-in-aid7081461
mazda,https://philkotse.com/mazda-3-for-sale-in-muntinlupa/selling-white-201-at-64728-km-in-aid7080761
mazda,https://philkotse.com/mazda-tribute-for-sale-in-quezon-city/selling-2006-at-116416-km-in-aid7077931
mazda,https://philkotse.com/mazda-cx-9-for-sale-in-muntinlupa/selling-2019-automatic-gasoline-in-aid7077901
mazda,https://philkotse.com/mazda-mx-5-for-sale-in-santa-rosa796/sell-2nd-hand-2017-at-30000-km-in-santa-rosa-aid7076311
mazda,https://philkotse.com/mazda-3-for-sale-in-baliuag/selling-2nd-hand-2005-hatchback-in-aid7076301
mazda,https://philkotse.com/mazda-mx-5-miata-for-sale-in-makati/selling-2nd-hand-2018-in-aid7076251
mazda,https://philkotse.com/mazda-cx-7-for-sale-in-quezon-city/selling-2nd-hand-2010-in-aid7076111
mazda,https://philkotse.com/mazda-2-for-sale-in-quezon-city/sell-nd-hand-016-sedan-automatic-gasoline-at-30000-km-in-aid7074251
mazda,https://philkotse.com/mazda-tribute-for-sale-in-taguig/2006-for-sale-in-aid7074111
mazda,https://philkotse.com/mazda-3-for-sale-in-marilao/selling-2nd-hand-2011-in-aid7072181
mazda,https://philkotse.com/mazda-323-for-sale-in-malabon/2nd-hand-1997-for-sale-in-aid7072031
mazda,https://philkotse.com/mazda-cx-3-for-sale-in-manila/selling-2017-automatic-gasoline-in-aid7071851
mazda,https://philkotse.com/mazda-2-for-sale-in-manila/nd-hand-011-for-sale-in-aid7070261
mazda,https://philkotse.com/mazda-3-for-sale-in-pasig/2nd-hand-2014-at-8000-km-for-sale-aid7070241
mazda,https://philkotse.com/mazda-cx-5-for-sale-in-cainta/selling-2nd-hand-2014-in-aid7069791
mazda,https://philkotse.com/mazda-cx-5-for-sale-in-muntinlupa/selling-2014-at-50000-km-in-aid7068811
mazda,https://philkotse.com/mazda-3-for-sale-in-muntinlupa/sell-2nd-hand-at-20000-km-in-aid7068561
mazda,https://philkotse.com/mazda-3-for-sale-in-mandaluyong/2nd-hand-2017-hatchback-for-sale-in-aid7068191
mazda,https://philkotse.com/mazda-3-for-sale-in-makati/selling-2015-automatic-gasoline-in-aid7067971
mazda,https://philkotse.com/mazda-3-for-sale-in-muntinlupa/selling-2006-automatic-gasoline-in-aid7066061
mazda,https://philkotse.com/mazda-mx-5-for-sale-in-cebu-city/selling-2017-automatic-gasoline-in-aid7065821
mazda,https://philkotse.com/mazda-cx-9-for-sale-in-bacoor/selling-2nd-hand-2015-at-38178-km-in-aid7064181
mazda,https://philkotse.com/mazda-cx-5-for-sale-in-cainta/selling-2nd-hand-2013-automatic-gasoline-at-20000-km-in-aid7063801
mazda,https://philkotse.com/mazda-2-for-sale-in-taguig/selling-011-sedan-for-sale-in-aid7063741
mazda,https://philkotse.com/mazda-3-for-sale-in-bayambang/2nd-hand-2015-automatic-gasoline-for-sale-in-aid7062941
mazda,https://philkotse.com/mazda-friendee-for-sale-in-rosario431/selling-2nd-hand-1999-in-rosario-aid7062181
mazda,https://philkotse.com/mazda-cx-7-for-sale-in-pasay/2012-automatic-gasoline-for-sale-in-aid7062141
mazda,https://philkotse.com/mazda-3-for-sale-in-manila/sell-black-2007-at-140000-km-aid7061341
mazda,https://philkotse.com/mazda-3-for-sale-in-manila/selling-silver-2016-in-aid7061241
mazda,https://philkotse.com/mazda-cx-7-for-sale-in-las-pinas/2010-for-sale-in-las-pias-aid7060561
mazda,https://philkotse.com/mazda-cx-5-for-sale-in-pasay/selling-2nd-hand-2019-in-aid7059661
mazda,https://philkotse.com/mazda-3-for-sale-in-pasig/2018-for-sale-in-aid7058621
mazda,https://philkotse.com/mazda-3-for-sale-in-san-pedro/2nd-hand-2007-for-sale-in-aid7058171
mazda,https://philkotse.com/mazda-tribute-for-sale-in-las-pinas/2nd-hand-2007-for-sale-in-las-pias-aid7057681
mazda,https://philkotse.com/mazda-cx-3-for-sale-in-quezon-city/sell-2nd-hand-2018-automatic-gasoline-at-30000-km-in-aid7057571
mazda,https://philkotse.com/mazda-cx-5-for-sale-in-mandaue/2nd-hand-2013-automatic-gasoline-for-sale-in-aid7057271
mazda,https://philkotse.com/mazda-cx-5-for-sale-in-antipolo/sell-2nd-hand-2014-at-59000-km-in-aid7056811
mazda,https://philkotse.com/mazda--for-sale-in-davao-city/sell-2nd-hand-bongo-truck-in-aid7055971
mazda,https://philkotse.com/mazda-2-for-sale-in-manila/selling-brand-new-019-automatic-gasoline-in-aid7055091
mazda,https://philkotse.com/mazda-3-for-sale-in-manila/2nd-hand-2010-automatic-gasoline-for-sale-in-aid7054551
mazda,https://philkotse.com/mazda-3-for-sale-in-quezon-city/selling-2nd-hand-2012-at-45000-km-in-aid7054421
mazda,https://philkotse.com/mazda-bt-50-for-sale-in-quezon-city/2nd-hand-2015-manual-diesel-for-sale-in-aid7054161
mazda,https://philkotse.com/mazda-3-for-sale-in-manila/grey-2015-hatchback-automatic-gasoline-for-sale-in-aid7054111
mazda,https://philkotse.com/mazda-3-for-sale-in-quezon-city/selling-2010-automatic-gasoline-in-aid7053791
mazda,https://philkotse.com/mazda-bt-50-for-sale-in-taguig/selling-2016-manual-diesel-in-aid7052621
mazda,https://philkotse.com/mazda-b2200-for-sale-in-quezon-city/manual-diesel-for-sale-in-aid7052591
mazda,https://philkotse.com/mazda-titan-for-sale-in-valencia278/2nd-hand-2017-at-70000-km-for-sale-aid7052431
mazda,https://philkotse.com/mazda-3-for-sale-in-quezon-city/selling-2nd-hand-2009-automatic-gasoline-at-60000-km-in-aid7051921
mazda,https://philkotse.com/mazda-2-for-sale-in-quezon-city/nd-hand-017-automatic-gasoline-for-sale-in-aid7051401
mazda,https://philkotse.com/mazda-3-for-sale-in-quezon-city/2020-for-sale-in-aid7051201
mazda,https://philkotse.com/mazda-6-for-sale-in-pasig/selling-2017-wagon-automatic-gasoline-in-aid7051161
mazda,https://philkotse.com/mazda-bt-50-for-sale-in-manila/selling-2017-automatic-diesel-in-aid7050991
mazda,https://philkotse.com/mazda-2-for-sale-in-pasig/selling-015-at-7000-km-in-aid7050821
mazda,https://philkotse.com/mazda-323-for-sale-in-marikina/2nd-hand-1997-for-sale-in-aid7050631
mazda,https://philkotse.com/mazda-3-for-sale-in-imus/2nd-hand-2010-at-80000-km-for-sale-in-aid7049821
mazda,https://philkotse.com/mazda-3-for-sale-in-makati/selling-black-2017-at-41000-km-in-aid7049721
mazda,https://philkotse.com/mazda-bt-50-for-sale-in-san-juan/2016-automatic-diesel-for-sale-in-aid7048541
mazda,https://philkotse.com/mazda-3-for-sale-in-quezon-city/2nd-hand-2007-automatic-gasoline-for-sale-in-aid7048351
mazda,https://philkotse.com/mazda-cx-7-for-sale-in-paranaque/red-2011-at-63276-km-for-sale-aid7047601
mazda,https://philkotse.com/mazda-cx-5-for-sale-in-muntinlupa/selling-blue-2012-automatic-gasoline-in-aid7046161
mazda,https://philkotse.com/mazda-2-for-sale-in-baguio/sell-black-01-sedan-automatic-gasoline-at-85000-km-in-aid7045291
mazda,https://philkotse.com/mazda-3-for-sale-in-mabalacat/selling-2008-automatic-gasoline-in-aid7044921
mazda,https://philkotse.com/mazda-bt-50-for-sale-in-paranaque/2017-at-36000-km-for-sale-in-paraaque-aid7044701
mazda,https://philkotse.com/mazda-323-for-sale-in-san-pedro/1997-for-sale-in-aid7044571
mazda,https://philkotse.com/mazda-cx-5-for-sale-in-makati/2nd-hand-2016-automatic-gasoline-for-sale-in-aid7042891
mazda,https://philkotse.com/mazda-cx-5-for-sale-in-antipolo/selling-2nd-hand-2016-automatic-gasoline-at-30000-km-in-aid7042821
mazda,https://philkotse.com/mazda-3-for-sale-in-quezon-city/2005-for-sale-in-aid7042741
mazda,https://philkotse.com/mazda-3-for-sale-in-angono/sell-2nd-hand-2012-sedan-in-aid7041891
mazda,https://philkotse.com/mazda-cx-5-for-sale-in-san-mateo/2016-automatic-gasoline-for-sale-in-aid7040801
mazda,https://philkotse.com/mazda-3-for-sale-in-tarlac-city/2nd-hand-2007-for-sale-in-aid7040671
mazda,https://philkotse.com/mazda-3-for-sale-in-legazpi/2nd-hand-2007-at-70000-km-for-sale-in-aid7040541
mazda,https://philkotse.com/mazda-3-for-sale-in-cebu-city/2nd-hand-for-sale-in-aid7040341
mazda,https://philkotse.com/mazda-cx-7-for-sale-in-cebu-city/selling-2010-at-28789-km-in-cebu-aid7039341
mazda,https://philkotse.com/mazda-cx-5-for-sale-in-makati/2nd-hand-2016-for-sale-in-aid7037941
mazda,https://philkotse.com/mazda-3-for-sale-in-taguig/selling-silver-2008-automatic-gasoline-at-71000-km-in-aid7037661
mazda,https://philkotse.com/mazda-bt-50-for-sale-in-quezon-city/selling-2015-at-30000-km-in-aid7036781
mazda,https://philkotse.com/mazda-2-for-sale-in-makati/sell-silver-011-in-aid7036601
mazda,https://philkotse.com/mazda-3-for-sale-in-cainta/2nd-hand-2009-at-42000-km-for-sale-aid7034051
mazda,https://philkotse.com/mazda-bt-50-for-sale-in-quezon-city/2019-for-sale-in-aid7034021
mazda,https://philkotse.com/mazda-cx-5-for-sale-in-makati/2nd-hand-2016-automatic-gasoline-for-sale-in-aid7033311
mazda,https://philkotse.com/mazda-cx-5-for-sale-in-marikina/2014-for-sale-in-aid7032401
mazda,https://philkotse.com/mazda-3-for-sale-in-olongapo/2016-automatic-gasoline-for-sale-in-aid7032231
mazda,https://philkotse.com/mazda-cx-7-for-sale-in-mandaue/2012-for-sale-in-aid7031301
mazda,https://philkotse.com/mazda-2-for-sale-in-tanauan183/selling-nd-hand-013-in-tanauan-aid7030611
mazda,https://philkotse.com/mazda-2-for-sale-in-quezon-city/selling-brand-new-019-in-aid7029801
mazda,https://philkotse.com/mazda-323-for-sale-in-general-trias/selling-2nd-hand-1997-in-aid7028461
mazda,https://philkotse.com/mazda-3-for-sale-in-paranaque/2008-for-sale-in-paraaque-aid7027921
mazda,https://philkotse.com/mazda-3-for-sale-in-olongapo/2nd-hand-2016-for-sale-in-city-aid7027671
mazda,https://philkotse.com/mazda-3-for-sale-in-olongapo/2nd-hand-2016-for-sale-in-aid7025861
mazda,https://philkotse.com/mazda-bt-50-for-sale-in-tarlac-city/selling-2011-at-95000-km-in-aid7025811
mazda,https://philkotse.com/mazda-2-for-sale-in-zamboanga-city1635/sell-nd-hand-011-sedan-at-10000-km-in-zamboanga-city-aid7025281
mazda,https://philkotse.com/mazda-cx-9-for-sale-in-paranaque/2nd-hand-2018-at-3500-km-for-sale-in-paraaque-aid7024091
mazda,https://philkotse.com/mazda-3-for-sale-in-quezon-city/sell-2nd-hand-2017-automatic-gasoline-at-10000-km-in-aid7023961
mazda,https://philkotse.com/mazda-3-for-sale-in-cainta/selling-2nd-hand-2015-hatchback-in-aid7023601
mazda,https://philkotse.com/mazda-cx-7-for-sale-in-mandaluyong/sell-2nd-hand-2011-at-50000-km-in-aid7023551
mazda,https://philkotse.com/mazda-3-for-sale-in-manila/selling-2nd-hand-2016-in-aid7023521
mazda,https://philkotse.com/mazda-2-for-sale-in-bacoor/sell-nd-hand-010-automatic-gasoline-at-47000-km-in-aid7023341
mazda,https://philkotse.com/mazda-3-for-sale-in-makati/selling-2015-automatic-gasoline-in-aid7023021
mazda,https://philkotse.com/mazda-cx-5-for-sale-in-antipolo/2014-for-sale-in-aid7022841
mazda,https://philkotse.com/mazda-cx-5-for-sale-in-makati/2nd-hand-2016-at-43000-km-for-sale-in-aid7022741
mazda,https://philkotse.com/mazda-6-for-sale-in-mabalacat/2004-for-sale-in-aid7022411
mazda,https://philkotse.com/mazda-6-for-sale-in-mandaluyong/2010-for-sale-in-aid7022341
mazda,https://philkotse.com/mazda-b2500-for-sale-in-manila/1999-for-sale-in-aid7021781
mazda,https://philkotse.com/mazda-bt-50-for-sale-in-quezon-city/2013-for-sale-in-aid7021311
mazda,https://philkotse.com/mazda-cx-3-for-sale-in-quezon-city/2nd-hand-2017-at-19569-km-for-sale-in-aid7019701
mazda,https://philkotse.com/mazda--for-sale-in-talisay486/sell-2nd-hand-2009-bongo-manual-diesel-at-90000-km-in-talisay-aid7019611
mazda,https://philkotse.com/mazda-2-for-sale-in-meycauayan/selling-013-at-60000-km-in-aid7019201
mazda,https://philkotse.com/mazda-2-for-sale-in-santa-rosa/sell-nd-hand-014-at-10000-km-in-aid7018671
mazda,https://philkotse.com/mazda-tribute-for-sale-in-pasig/selling-2005-at-108500-km-aid7017691
mazda,https://philkotse.com/mazda-3-for-sale-in-makati/sell-black-2016-automatic-gasoline-at-5000-km-in-aid7017531
mazda,https://philkotse.com/mazda-6-for-sale-in-pasig/sell-silver-2013-at-31000-km-in-aid7017441
mazda,https://philkotse.com/mazda-cx-5-for-sale-in-lucena/used-2013-at-42000-km-for-sale-aid7017391
mazda,https://philkotse.com/mazda-cx-5-for-sale-in-makati/selling-2nd-hand-2016-in-aid7016511
mazda,https://philkotse.com/mazda-2-for-sale-in-valenzuela/like-new-for-sale-in-aid7016101
mazda,https://philkotse.com/mazda-cx-5-for-sale-in-makati/selling-2nd-hand-2014-in-aid7015721
mazda,https://philkotse.com/mazda-3-for-sale-in-trece-martires/black-for-sale-in-aid7015671
mazda,https://philkotse.com/mazda-3-for-sale-in-manila/selling-2nd-hand-2007-in-aid7015611
mazda,https://philkotse.com/mazda-3-for-sale-in-marilao/selling-2nd-hand-2011-in-aid7015601
mazda,https://philkotse.com/mazda-3-for-sale-in-quezon-city/2nd-hand-2005-automatic-gasoline-for-sale-in-aid7014371
mazda,https://philkotse.com/mazda-2-for-sale-in-pasig/selling-014-manual-gasoline-in-aid7013441
mazda,https://philkotse.com/mazda-3-for-sale-in-makati/selling-red-2018-in-aid7011701
mazda,https://philkotse.com/mazda-2-for-sale-in-las-pinas/selling-013-automatic-gasoline-in-las-pias-aid7011211
mazda,https://philkotse.com/mazda-cx-7-for-sale-in-makati/2011-automatic-gasoline-for-sale-in-aid7010261
mazda,https://philkotse.com/mazda-cx-3-for-sale-in-quezon-city/2018-at-40000-km-for-sale-aid7009621
mazda,https://philkotse.com/mazda-3-for-sale-in-mandaue/selling-2nd-hand-2014-automatic-gasoline-in-aid7009411
mazda,https://philkotse.com/mazda-3-for-sale-in-mandaue/used-2016-for-sale-in-aid7008571
mazda,https://philkotse.com/mazda-mpv-for-sale-in-cebu-city/2002-for-sale-in-aid7007801
mazda,https://philkotse.com/mazda-323-for-sale-in-quezon-city/1996-for-sale-in-aid7006961
mazda,https://philkotse.com/mazda-3-for-sale-in-manila/2012-hatchback-automatic-gasoline-for-sale-in-aid7006731
mazda,https://philkotse.com/mazda-cx-7-for-sale-in-paranaque/used-2012-for-sale-in-paraaque-aid7006611
mazda,https://philkotse.com/mazda-3-for-sale-in-jaen/2016-hatchback-for-sale-in-aid7006541
mazda,https://philkotse.com/mazda-mx-5-for-sale-in-quezon-city/selling-red-2018-in-aid7005821
mazda,https://philkotse.com/mazda-3-for-sale-in-manila/2016-automatic-gasoline-for-sale-in-aid7005071
mazda,https://philkotse.com/mazda-cx-5-for-sale-in-quezon-city/2012-manual-gasoline-for-sale-in-aid7004851
mazda,https://philkotse.com/mazda-2-for-sale-in-cainta/selling-018-at-40000-km-in-aid7004521
mazda,https://philkotse.com/mazda-323-for-sale-in-calamba773/used-1997-for-sale-in-calamba-aid7003921
mazda,https://philkotse.com/mazda-3-for-sale-in-mabalacat/selling-2010-in-aid7003831
mazda,https://philkotse.com/mazda-3-for-sale-in-cavite-city/selling-2nd-hand-2010-in-aid7003751
mazda,https://philkotse.com/mazda-bt-50-for-sale-in-mandaue/2016-for-sale-in-aid7003441
mazda,https://philkotse.com/mazda-323-for-sale-in-mandaue/1996-manual-gasoline-for-sale-in-aid7002271
mazda,https://philkotse.com/mazda-cx-7-for-sale-in-pasig/sell-2nd-hand-2012-automatic-gasoline-in-aid7000151
mazda,https://philkotse.com/mazda-3-for-sale-in-angat/selling-black-2012-automatic-gasoline-in-aid6999641
mazda,https://philkotse.com/mazda-cx-9-for-sale-in-angat/selling-automatic-gasoline-in-aid6999631
mazda,https://philkotse.com/mazda-familia-for-sale-in-mandaluyong/sell-2nd-hand-2000-sedan-in-aid6998651
mazda,https://philkotse.com/mazda-3-for-sale-in-noveleta/2004-for-sale-in-aid6997931
mazda,https://philkotse.com/mazda-3-for-sale-in-dasmarinas/2009-for-sale-in-dasmarias-aid6997811
mazda,https://philkotse.com/mazda-3-for-sale-in-manila/2015-automatic-gasoline-for-sale-in-aid6997821
mazda,https://philkotse.com/mazda-3-for-sale-in-imus/selling-2nd-hand-2010-in-aid6997491
mazda,https://philkotse.com/mazda-6-for-sale-in-manila/sell-white-2012-at-95000-km-aid6994811
mazda,https://philkotse.com/mazda-tribute-for-sale-in-pasig/2005-automatic-gasoline-for-sale-in-aid6994271
mazda,https://philkotse.com/mazda-3-for-sale-in-san-mateo/2015-automatic-gasoline-for-sale-in-aid6994051
mazda,https://philkotse.com/mazda-cx-3-for-sale-in-malolos/selling-2nd-hand-2017-automatic-gasoline-in-aid6993481
mazda,https://philkotse.com/mazda-626-for-sale-in-dasmarinas/1994-automatic-gasoline-for-sale-in-dasmarias-aid6993401
mazda,https://philkotse.com/mazda-tribute-for-sale-in-davao-city/selling-2006-for-sale-in-aid6993271
mazda,https://philkotse.com/mazda-2-for-sale-in-quezon-city/sell-nd-hand-017-hatchback-in-aid6992491
mazda,https://philkotse.com/mazda-cx-3-for-sale-in-quezon-city/selling-2018-automatic-gasoline-in-aid6992111
mazda,https://philkotse.com/mazda-cx-3-for-sale-in-quezon-city/maroon-2018-at-20000-km-for-sale-aid6989981
mazda,https://philkotse.com/mazda-familia-for-sale-in-caloocan/selling-1997-at-130000-km-in-aid6988381
mazda,https://philkotse.com/mazda-familia-for-sale-in-cabanatuan/selling-1997-manual-gasoline-in-aid6987781
mazda,https://philkotse.com/mazda-3-for-sale-in-makati/2nd-hand-2015-for-sale-in-aid6986561
mazda,https://philkotse.com/mazda-3-for-sale-in-quezon-city/2011-for-sale-in-aid6986021
mazda,https://philkotse.com/mazda-b2200-for-sale-in-quezon-city/1991-for-sale-in-aid6985961
mazda,https://philkotse.com/mazda-2-for-sale-in-muntinlupa/selling-used-015-in-aid6985971
mazda,https://philkotse.com/mazda-b2200-for-sale-in-las-pinas/1991-manual-diesel-for-sale-in-las-pias-aid6985881
mazda,https://philkotse.com/mazda-3-for-sale-in-taguig/2018-sedan-automatic-gasoline-for-sale-in-aid6985761
mazda,https://philkotse.com/mazda-cx-7-for-sale-in-mandaue/selling-2012-in-aid6985571
mazda,https://philkotse.com/mazda-6-for-sale-in-pasig/2012-for-sale-in-aid6985211
mazda,https://philkotse.com/mazda-mx-5-for-sale-in-makati/sell-2nd-hand-2016-manual-gasoline-in-aid6984081
mazda,https://philkotse.com/mazda-3-for-sale-in-pasig/selling-2nd-hand-2017-in-aid6983121
mazda,https://philkotse.com/mazda-3-for-sale-in-mandaue/selling-2014-automatic-gasoline-in-aid6982831
mazda,https://philkotse.com/mazda-mx-5-for-sale-in-meycauayan/selling-red-2015-in-aid6982741
mazda,https://philkotse.com/mazda-friendee-for-sale-in-marikina/1992-for-sale-in-aid6981741
mazda,https://philkotse.com/mazda-3-for-sale-in-manila/2018-hatchback-for-sale-in-aid6980821
mazda,https://philkotse.com/mazda-3-for-sale-in-makati/2015-sedan-for-sale-in-aid6980441
mazda,https://philkotse.com/mazda-323-for-sale-in-taytay/selling-2nd-hand-1998-in-aid6980411
mazda,https://philkotse.com/mazda-tribute-for-sale-in-urdaneta/selling-2nd-hand-2005-automatic-gasoline-at-80000-km-in-aid6980361
mazda,https://philkotse.com/mazda-tribute-for-sale-in-las-pinas/2007-automatic-gasoline-for-sale-in-las-pias-aid6979631
mazda,https://philkotse.com/mazda-cx-7-for-sale-in-las-pinas/selling-2nd-hand-2011-in-las-pias-aid6979001
mazda,https://philkotse.com/mazda-cx-3-for-sale-in-quezon-city/2018-manual-gasoline-for-sale-in-aid6976311
mazda,https://philkotse.com/mazda-bt-50-for-sale-in-meycauayan/2016-manual-diesel-for-sale-in-aid6975961
mazda,https://philkotse.com/mazda-bt-50-for-sale-in-quezon-city/2nd-hand-2013-for-sale-in-aid6973541
mazda,https://philkotse.com/mazda-cx-5-for-sale-in-makati/selling-2nd-hand-2014-automatic-gasoline-in-aid6973221
mazda,https://philkotse.com/mazda-2-for-sale-in-quezon-city/011-hatchback-for-sale-in-aid6972371
mazda,https://philkotse.com/mazda-3-for-sale-in-san-jose-del-monte/used-2010-for-sale-in-aid6972131
mazda,https://philkotse.com/mazda-bt-50-for-sale-in-mandaluyong/brand-new-2019-for-sale-in-aid6971751
mazda,https://philkotse.com/mazda-bt-50-for-sale-in-mandaluyong/selling-brand-new-2019-truck-in-aid6971721
mazda,https://philkotse.com/mazda-2-for-sale-in-mandaluyong/selling-brand-new-019-in-aid6971431
mazda,https://philkotse.com/mazda-cx-7-for-sale-in-makati/sell-2nd-hand-2012-automatic-gasoline-in-aid6971421
mazda,https://philkotse.com/mazda-cx-9-for-sale-in-bacoor/selling-2015-automatic-diesel-in-aid6970531
mazda,https://philkotse.com/mazda-2-for-sale-in-cebu-city/selling-014-automatic-gasoline-in-aid6970441
mazda,https://philkotse.com/mazda-3-for-sale-in-marikina/selling-2011-automatic-gasoline-in-aid6970331
mazda,https://philkotse.com/mazda-mx-5-miata-for-sale-in-marilao/selling-2nd-hand-1991-at-130000-km-in-aid6970091
mazda,https://philkotse.com/mazda-bt-50-for-sale-in-quezon-city/selling-used-2015-automatic-diesel-at-30000-km-in-aid6969051
mazda,https://philkotse.com/mazda-3-for-sale-in-mandaluyong/2nd-hand-2009-automatic-gasoline-for-sale-in-aid6968701
mazda,https://philkotse.com/mazda-2-for-sale-in-malabon/nd-hand-011-manual-gasoline-for-sale-in-aid6968651
mazda,https://philkotse.com/mazda-cx-7-for-sale-in-cainta/selling-2011-automatic-gasoline-in-aid6968161
mazda,https://philkotse.com/mazda-cx-9-for-sale-in-marikina/selling-white-2013-in-aid6968151
mazda,https://philkotse.com/mazda-mx-5-for-sale-in-cainta/selling-2018-automatic-gasoline-in-aid6967881
mazda,https://philkotse.com/mazda-3-for-sale-in-paranaque/white-2015-at-15000-km-for-sale-aid6967621
mazda,https://philkotse.com/mazda-cx-7-for-sale-in-makati/2nd-hand-2012-for-sale-in-aid6966881
mazda,https://philkotse.com/mazda-3-for-sale-in-makati/selling-2nd-hand-2015-in-aid6965971
mazda,https://philkotse.com/mazda-cx-7-for-sale-in-makati/2012-automatic-gasoline-for-sale-in-aid6965941
mazda,https://philkotse.com/mazda-tribute-for-sale-in-makati/2nd-hand-2004-for-sale-in-aid6964871
mazda,https://philkotse.com/mazda-3-for-sale-in-bacoor/selling-2010-automatic-gasoline-in-aid6963991
mazda,https://philkotse.com/mazda-3-for-sale-in-bacoor/2nd-hand-2008-automatic-gasoline-for-sale-in-aid6963951
mazda,https://philkotse.com/mazda-3-for-sale-in-makati/2nd-hand-2015-automatic-gasoline-for-sale-in-aid6963461
mazda,https://philkotse.com/mazda-3-for-sale-in-las-pinas/2nd-hand-2007-automatic-gasoline-for-sale-in-las-pias-aid6963081
mazda,https://philkotse.com/mazda-tribute-for-sale-in-tanza/sell-2nd-hand-2004-automatic-gasoline-at-110000-km-in-aid6962901
mazda,https://philkotse.com/mazda-3-for-sale-in-angeles/2011-automatic-gasoline-for-sale-in-aid6962291
mazda,https://philkotse.com/mazda-cx-7-for-sale-in-paranaque/selling-2011-automatic-gasoline-in-paraaque-aid6962061
mazda,https://philkotse.com/mazda-2-for-sale-in-paranaque/selling-016-automatic-gasoline-in-paraaque-aid6962031
mazda,https://philkotse.com/mazda-323-for-sale-in-quezon-city/1996-for-sale-in-aid6960911
mazda,https://philkotse.com/mazda-3-for-sale-in-manila/selling-2nd-hand-2005-automatic-gasoline-at-72000-km-in-aid6960141
mazda,https://philkotse.com/mazda-bt-50-for-sale-in-taguig/2016-for-sale-in-aid6959771
mazda,https://philkotse.com/mazda-mx-5-for-sale-in-manila/2018-automatic-gasoline-for-sale-in-aid6959191
mazda,https://philkotse.com/mazda-bt-50-for-sale-in-makati/2013-for-sale-in-aid6959071
mazda,https://philkotse.com/mazda-cx-7-for-sale-in-makati/2012-automatic-gasoline-for-sale-in-aid6958991
mazda,https://philkotse.com/mazda--for-sale-in-lapu-lapu/like-new-bongo-for-sale-in-aid6958931
mazda,https://philkotse.com/mazda-6-for-sale-in-tanauan183/2nd-hand-2015-for-sale-in-tanauan-aid6958831
mazda,https://philkotse.com/mazda-3-for-sale-in-makati/2015-for-sale-in-aid6957611
mazda,https://philkotse.com/mazda-cx-7-for-sale-in-makati/2nd-hand-2012-automatic-gasoline-for-sale-in-aid6957491
mazda,https://philkotse.com/mazda-3-for-sale-in-taguig/2010-automatic-gasoline-for-sale-in-aid6957001
mazda,https://philkotse.com/mazda-3-for-sale-in-pasay/selling-2nd-hand-2007-automatic-gasoline-at-80000-km-in-aid6956851
mazda,https://philkotse.com/mazda-3-for-sale-in-balagtas/selling-2014-automatic-gasoline-in-aid6956761
mazda,https://philkotse.com/mazda-cx-5-for-sale-in-makati/selling-2nd-hand-2015-in-aid6956671
mazda,https://philkotse.com/mazda-cx-3-for-sale-in-san-mateo/2nd-hand-2015-automatic-gasoline-for-sale-in-aid6956321
mazda,https://philkotse.com/mazda-cx-7-for-sale-in-manila/2nd-hand-2012-for-sale-in-aid6956231
mazda,https://philkotse.com/mazda-3-for-sale-in-davao-city/selling-2017-hatchback-manual-gasoline-in-aid6956151
mazda,https://philkotse.com/mazda-bt-50-for-sale-in-paranaque/selling-2nd-hand-2016-manual-diesel-at-37000-km-in-paraaque-aid6955671
mazda,https://philkotse.com/mazda-2-for-sale-in-taal/sell-nd-hand-016-at-16000-km-in-aid6953841
mazda,https://philkotse.com/mazda-tribute-for-sale-in-manila/selling-2006-suv-automatic-gasoline-in-aid6953741
mazda,https://philkotse.com/mazda-bt-50-for-sale-in-cebu-city/2016-for-sale-in-aid6953611
mazda,https://philkotse.com/mazda-tribute-for-sale-in-quezon-city/2nd-hand-2006-for-sale-in-aid6953561
mazda,https://philkotse.com/mazda-3-for-sale-in-meycauayan/selling-2nd-hand-2008-in-aid6953391
mazda,https://philkotse.com/mazda-cx-9-for-sale-in-pasig/2nd-hand-2010-automatic-gasoline-for-sale-in-aid6953121
mazda,https://philkotse.com/mazda-626-for-sale-in-general-mariano-alvarez/1998-automatic-gasoline-for-sale-in-aid6952991
mazda,https://philkotse.com/mazda-3-for-sale-in-dasmarinas/2009-for-sale-in-dasmarias-aid6952151
mazda,https://philkotse.com/mazda-3-for-sale-in-baliuag/2nd-hand-2006-at-56000-km-for-sale-aid6952031
mazda,https://philkotse.com/mazda-bt-50-for-sale-in-samal/2016-for-sale-in-aid6951321
mazda,https://philkotse.com/mazda-2-for-sale-in-malabon/nd-hand-016-automatic-gasoline-for-sale-in-aid6949851
mazda,https://philkotse.com/mazda-3-for-sale-in-quezon-city/2nd-hand-2007-for-sale-in-aid6949161
mazda,https://philkotse.com/mazda-3-for-sale-in-sampaloc/2nd-hand-2010-at-110000-km-for-sale-in-aid6946491
mazda,https://philkotse.com/mazda-2-for-sale-in-meycauayan/selling-018-automatic-gasoline-in-aid6946031
mazda,https://philkotse.com/mazda-b2500-for-sale-in-san-fernando1200/selling-1999-manual-diesel-in-san-fernando-aid6945961
mazda,https://philkotse.com/mazda-cx-5-for-sale-in-mandaluyong/selling-2017-automatic-diesel-in-aid6945021
mazda,https://philkotse.com/mazda-2-for-sale-in-paranaque/nd-hand-017-for-sale-in-paraaque-aid6944461
mazda,https://philkotse.com/mazda-3-for-sale-in-caloocan/2010-automatic-gasoline-for-sale-in-aid6944421
mazda,https://philkotse.com/mazda-3-for-sale-in-cebu-city/sell-2nd-hand-2018-at-10000-km-in-aid6944261
mazda,https://philkotse.com/mazda-3-for-sale-in-marilao/1991-coupe-manual-gasoline-for-sale-in-aid6944201
mazda,https://philkotse.com/mazda-3-for-sale-in-malolos/selling-2016-hatchback-for-sale-in-aid6944051
mazda,https://philkotse.com/mazda-cx-3-for-sale-in-quezon-city/selling-2018-automatic-diesel-in-aid6943811
mazda,https://philkotse.com/mazda-2-for-sale-in-makati/selling-011-at-80000-km-in-aid6943791
mazda,https://philkotse.com/mazda-323-for-sale-in-marikina/selling-1997-manual-gasoline-in-aid6942721
mazda,https://philkotse.com/mazda-bt-50-for-sale-in-manila/selling-2nd-hand-2018-in-aid6942281
mazda,https://philkotse.com/mazda-mx-5-for-sale-in-muntinlupa/2nd-hand-2017-for-sale-in-aid6941021
mazda,https://philkotse.com/mazda-cx-3-for-sale-in-quezon-city/selling-2nd-hand-2018-in-aid6940041
mazda,https://philkotse.com/mazda-cx-9-for-sale-in-pasig/selling-silver-2013-automatic-gasoline-in-aid6914581
mazda,https://philkotse.com/mazda-2-for-sale-in-pasig/brown-018-automatic-gasoline-for-sale-in-aid6907681
mazda,https://philkotse.com/mazda-cx-5-for-sale-in-manila/selling-white-2015-automatic-gasoline-in-aid6888641
mazda,https://philkotse.com/mazda-2-for-sale-in-paranaque/selling-016-automatic-gasoline-at-3000-km-aid6881391
mazda,https://philkotse.com/mazda-3-for-sale-in-cavite-city/sell-red-2015-at-0000-km-in-aid6853291
mazda,https://philkotse.com/mazda-2-for-sale-in-general-salipada-k-pendatun/sell-grey-017-at-8000-km-in-gasoline-automatic-aid6845201
mazda,https://philkotse.com/mazda-3-for-sale-in-general-salipada-k-pendatun/selling-black-2007-in-aid6845111
mazda,https://philkotse.com/mazda-6-for-sale-in-pasig/selling-2019-for-sale-in-aid6803301
mazda,https://philkotse.com/mazda-2-for-sale-in-muntinlupa/selling-019-for-sale-in-aid6803281
mazda,https://philkotse.com/mazda-cx-3-for-sale-in-cabanatuan/selling-2019-automatic-gasoline-in-aid6803271
mazda,https://philkotse.com/mazda-2-for-sale-in-quezon-city/selling-white-016-for-sale-in-aid6803021
mazda,https://philkotse.com/mazda-tribute-for-sale-in-liloan463/selling-2006-in-liloan-for-sale-aid6802951
mazda,https://philkotse.com/mazda-cx-7-for-sale-in-pasig/white-2010-for-sale-in-automatic-aid6802071
mazda,https://philkotse.com/mazda-3-for-sale-in-pasig/black-2010-automatic-gasoline-for-sale-in-aid6782961
mazda,https://philkotse.com/mazda-cx-5-for-sale-in-cavite-city/black-2015-automatic-gasoline-for-sale-aid6768071
mazda,https://philkotse.com/mazda-tribute-for-sale-in-antipolo/selling-white-2006-at-80000-km-aid6767581
mazda,https://philkotse.com/mazda-3-for-sale-in-paranaque/2015-for-sale-aid6767571
mazda,https://philkotse.com/mazda-3-for-sale-in-bacoor/white-2014-for-sale-aid6759371
mazda,https://philkotse.com/mazda-cx-5-for-sale-in-bacoor/black-2015-for-sale-aid6759381
mazda,https://philkotse.com/mazda-cx-3-for-sale-in-makati/2017-for-sale-aid6731701
mazda,https://philkotse.com/mazda-3-for-sale-in-quezon-city/2015-for-sale-aid6731571
mazda,https://philkotse.com/mazda-2-for-sale-in-san-juan/011-for-sale-aid6712851
mazda,https://philkotse.com/mazda-3-for-sale-in-pasig/2010-for-sale-aid6711711
mazda,https://philkotse.com/mazda-3-for-sale-in-manila/2006-for-sale-aid6701961
mazda,https://philkotse.com/mazda-cx-5-for-sale-in-cebu-city/2015-for-sale-aid6701821
mazda,https://philkotse.com/mazda-cx-5-for-sale-in-marikina/2015-for-sale-aid6701201
mazda,https://philkotse.com/mazda-cx-7-for-sale-in-cebu-city/2011-for-sale-aid6694101
mazda,https://philkotse.com/mazda-6-for-sale-in-manila/2007-gasoline-for-sale-aid6679361
mazda,https://philkotse.com/mazda-6-for-sale-in-carmona/2008-sedan-25l-for-sale-aid6669801
mazda,https://philkotse.com/mazda-2-for-sale-in-manila/014-for-sale-aid6666391
mazda,https://philkotse.com/mazda-3-for-sale-in-pasig/2006-for-sale-aid6656581
mazda,https://philkotse.com/mazda-2-for-sale-in-manila/010-for-sale-aid6651581
mazda,https://philkotse.com/mazda-3-for-sale-in-manila/2016-gasoline-for-sale-aid6639981
mazda,https://philkotse.com/mazda-cx-9-for-sale-in-mandaluyong/2019-sport-touring-at-for-sale-aid6639621
mazda,https://philkotse.com/mazda-bt-50-for-sale-in-mandaluyong/2019-4x2-at-for-sale-aid6639631
mazda,https://philkotse.com/mazda-cx-5-for-sale-in-mandaluyong/2019-sport-at-for-sale-aid6639611
mazda,https://philkotse.com/mazda-2-for-sale-in-mandaluyong/019-v-at-for-sale-aid6639571
mazda,https://philkotse.com/mazda-2-for-sale-in-mandaluyong/019-premium-series-at-for-sale-aid6639141
mazda,https://philkotse.com/mazda-2-for-sale-in-muntinlupa/014-for-sale-aid6619751
mazda,https://philkotse.com/mazda-cx-5-for-sale-in-muntinlupa/2018-for-sale-aid6612821
mazda,https://philkotse.com/mazda-3-for-sale-in-padre-garcia/2007-for-sale-aid6611961
mazda,https://philkotse.com/mazda-cx-3-for-sale-in-mandaluyong/2018-for-sale-aid6611811
mazda,https://philkotse.com/mazda-3-for-sale-in-taguig/201-for-sale-aid6611331
mazda,https://philkotse.com/mazda-cx-7-for-sale-in-manila/2011-for-sale-aid6611131
mazda,https://philkotse.com/mazda-1000-for-sale-in-las-pinas/1996-for-sale-aid6610211
mazda,https://philkotse.com/mazda-3-for-sale-in-manila/201-for-sale-aid6608891
mazda,https://philkotse.com/mazda-3-for-sale-in-quezon-city/2016-for-sale-aid6606591
mazda,https://philkotse.com/mazda-bt-50-for-sale-in-mandaluyong/2018-new-for-sale-aid6606471
