chevrolet,https://philkotse.com/chevrolet-captiva-for-sale-in-manila/sell-brown-2016-automatic-diesel-aid7082942
chevrolet,https://philkotse.com/chevrolet-camaro-for-sale-in-manila/selling-2010-at-32000-km-in-aid7082972
chevrolet,https://philkotse.com/chevrolet-cruze-for-sale-in-paranaque/red-2012-automatic-gasoline-for-sale-aid7080342
chevrolet,https://philkotse.com/chevrolet-captiva-for-sale-in-makati/selling-black-2015-at-60000-km-in-aid7080673
chevrolet,https://philkotse.com/chevrolet-captiva-for-sale-in-quezon-city/2016-diesel-automatic-for-sale-aid7074662
chevrolet,https://philkotse.com/chevrolet-trax-for-sale-in-quezon-city/white-2018-automatic-gasoline-at-12000-km-for-sale-in-aid7078332
chevrolet,https://philkotse.com/chevrolet-trailblazer-for-sale-in-manila/white-2016-automatic-diesel-for-sale-aid7077102
chevrolet,https://philkotse.com/chevrolet-aveo-for-sale-in-imus/2007-automatic-at-72000-km-for-sale-aid7069102
chevrolet,https://philkotse.com/chevrolet-sail-for-sale-in-quezon-city/sell-used-2018-automatic-at-6000-km-aid7063632
chevrolet,https://philkotse.com/chevrolet-captiva-for-sale-in-makati/used-2011-automatic-diesel-for-sale-aid7063942
chevrolet,https://philkotse.com/chevrolet-trailblazer-for-sale-in-quezon-city/sell-blue-2017-diesel-automatic-aid7056102
chevrolet,https://philkotse.com/chevrolet-colorado-for-sale-in-san-pedro/2014-truck-at-40000-km-for-sale-aid6939692
chevrolet,https://philkotse.com/chevrolet-captiva-for-sale-in-quezon-city/white-2011-automatic-diesel-for-sale-aid7034712
chevrolet,https://philkotse.com/chevrolet-orlando-for-sale-in-legazpi/selling-used-2012-at-46306-km-in-albay-aid7038943
chevrolet,https://philkotse.com/chevrolet-optra-for-sale-in-olongapo/selling-2008-wagon-at-64000-km-aid7026372
chevrolet,https://philkotse.com/chevrolet-optra-for-sale-in-manila/2nd-hand-2005-sedan-for-sale-in-aid7032782
chevrolet,https://philkotse.com/chevrolet-cruze-for-sale-in-paranaque/red-2012-at-60000-km-for-sale-aid7028642
chevrolet,https://philkotse.com/chevrolet-trailblazer-for-sale-in-norzagaray/selling-2015-diesel-aid6994642
chevrolet,https://philkotse.com/chevrolet-captiva-for-sale-in-quezon-city/2015-diesel-automatic-for-sale-aid6994632
chevrolet,https://philkotse.com/chevrolet-optra-for-sale-in-antipolo/silver-2003-manual-for-sale-aid6986902
chevrolet,https://philkotse.com/chevrolet-corvette-for-sale-in-quezon-city/brand-new-2019-for-sale-in-aid6977472
chevrolet,https://philkotse.com/chevrolet-spark-for-sale-in-makati/red-2017-hatchback-for-sale-in-aid6982352
chevrolet,https://philkotse.com/chevrolet-captiva-for-sale-in-makati/black-2010-automatic-diesel-for-sale-aid6982102
chevrolet,https://philkotse.com/chevrolet-spin-for-sale-in-las-pinas/selling-2nd-hand-2015-at-65000-km-aid6912762
chevrolet,https://philkotse.com/chevrolet-trailblazer-for-sale-in-quezon-city/sell-2nd-hand-2015-at-60000-km-in-aid6956942
chevrolet,https://philkotse.com/chevrolet-cruze-for-sale-in-paranaque/selling-red-2012-automatic-aid6937622
chevrolet,https://philkotse.com/chevrolet-sail-for-sale-in-paranaque/selling-black-2016-at-20000-km-in-metro-manila-aid6915503
chevrolet,https://philkotse.com/chevrolet-optra-for-sale-in-manila/selling-used-2005-sedan-in-aid6915672
chevrolet,https://philkotse.com/chevrolet-optra-for-sale-in-manila/selling-2nd-hand-2005-in-aid6909822
chevrolet,https://philkotse.com/chevrolet-captiva-for-sale-in-quezon-city/sell-white-2016-at-28000-km-in-aid6902852
chevrolet,https://philkotse.com/chevrolet-trailblazer-for-sale-in-las-pinas/selling-2014-diesel-automatic-at-40000-km-aid6890152
chevrolet,https://philkotse.com/chevrolet-trailblazer-for-sale-in-caloocan/selling-2014-manual-at-44000-km-aid6757662
chevrolet,https://philkotse.com/chevrolet-camaro-for-sale-in-quezon-city/selling-2nd-hand-sedan-white-2013-aid6601743
chevrolet,https://philkotse.com/chevrolet-optra-for-sale-in-manila/2nd-hand-brown-2005-for-sale-in-aid6852772
chevrolet,https://philkotse.com/chevrolet-corvette-for-sale-in-makati/brand-new-2019-white-for-sale-in-aid6846202
chevrolet,https://philkotse.com/chevrolet-spin-for-sale-in-makati/2nd-hand-2015-at-38000-km-for-sale-in-aid6742952
chevrolet,https://philkotse.com/chevrolet-sonic-for-sale-in-carmona/sell-blue-2013-at-80000-km-in-aid6831912
chevrolet,https://philkotse.com/chevrolet-spark-for-sale-in-san-fernando1200/2013-for-sale-aid6815693
chevrolet,https://philkotse.com/chevrolet-captiva-for-sale-in-quezon-city/2015-for-sale-aid6815582
chevrolet,https://philkotse.com/chevrolet-trailblazer-for-sale-in-quezon-city/2014-for-sale-aid6803472
chevrolet,https://philkotse.com/chevrolet-spin-for-sale-in-cebu-city/2014-for-sale-aid6793113
chevrolet,https://philkotse.com/chevrolet-suburban-for-sale-in-bacoor/2011-for-sale-aid6761102
chevrolet,https://philkotse.com/chevrolet-aveo-for-sale-in-valenzuela/2007-for-sale-aid6760402
chevrolet,https://philkotse.com/chevrolet-trailblazer-for-sale-in-quezon-city/2015-28-ltx-4x2-for-sale-aid6739632
chevrolet,https://philkotse.com/chevrolet-spin-for-sale-in-makati/2015-15l-ltz-gas-at-for-sale-aid6742972
chevrolet,https://philkotse.com/chevrolet-trailblazer-for-sale-in-compostela490/2013-lt-for-sale-aid6743122
chevrolet,https://philkotse.com/chevrolet-camaro-for-sale-in-pasig/2018-for-sale-aid5064142
chevrolet,https://philkotse.com/chevrolet-trailblazer-for-sale-in-quezon-city/2015-for-sale-aid6677962
chevrolet,https://philkotse.com/chevrolet-captiva-for-sale-in-makati/2010-for-sale-aid6671222
chevrolet,https://philkotse.com/chevrolet-optra-for-sale-in-manila/2004-for-sale-aid6632483
chevrolet,https://philkotse.com/chevrolet-aveo-for-sale-in-makati/2012-for-sale-aid6593913
chevrolet,https://philkotse.com/chevrolet-sail-for-sale-in-carmona/2018-sedan-at-5643-km-for-sale-aid7083411
chevrolet,https://philkotse.com/chevrolet-sail-for-sale-in-quezon-city/selling-blue-2017-at-4000-km-in-aid7082541
chevrolet,https://philkotse.com/chevrolet-trailblazer-for-sale-in-makati/sell-grey-2014-automatic-diesel-at-170000-km-in-aid7082481
chevrolet,https://philkotse.com/chevrolet-sail-for-sale-in-makati/selling-orange-2017-in-aid7082461
chevrolet,https://philkotse.com/chevrolet-sail-for-sale-in-makati/black-2017-for-sale-in-aid7082281
chevrolet,https://philkotse.com/chevrolet-sail-for-sale-in-marikina/beige-2018-for-sale-in-aid7081621
chevrolet,https://philkotse.com/chevrolet-spark-for-sale-in-muntinlupa/selling-blue-2012-at-67081-km-in-aid7080741
chevrolet,https://philkotse.com/chevrolet-sail-for-sale-in-muntinlupa/sell-beige-2018-in-aid7080731
chevrolet,https://philkotse.com/chevrolet-cruze-for-sale-in-cebu-city/selling-white-2012-automatic-gasoline-at-30000-km-aid7080401
chevrolet,https://philkotse.com/chevrolet-captiva-for-sale-in-makati/selling-2nd-hand-2011-in-aid7080021
chevrolet,https://philkotse.com/chevrolet-captiva-for-sale-in-quezon-city/2016-automatic-diesel-for-sale-in-aid7079511
chevrolet,https://philkotse.com/chevrolet-colorado-for-sale-in-mandaue/selling-2nd-hand-2015-at-40000-km-in-aid7079421
chevrolet,https://philkotse.com/chevrolet-captiva-for-sale-in-makati/2nd-hand-2010-automatic-diesel-for-sale-in-aid7079301
chevrolet,https://philkotse.com/chevrolet-trailblazer-for-sale-in-makati/2015-for-sale-in-aid7079221
chevrolet,https://philkotse.com/chevrolet-trailblazer-for-sale-in-makati/selling-2014-at-66000-km-in-aid7079151
chevrolet,https://philkotse.com/chevrolet-aveo-for-sale-in-nabua/2007-automatic-gasoline-for-sale-in-aid7078851
chevrolet,https://philkotse.com/chevrolet-trailblazer-for-sale-in-mandaue/selling-2nd-hand-2014-in-aid7078671
chevrolet,https://philkotse.com/chevrolet-aveo-for-sale-in-imus/selling-2nd-hand-2007-in-aid7077841
chevrolet,https://philkotse.com/chevrolet-optra-for-sale-in-bacoor/selling-2nd-hand-2004-in-aid7077801
chevrolet,https://philkotse.com/chevrolet-trailblazer-for-sale-in-antipolo/selling-2015-automatic-diesel-in-aid7075951
chevrolet,https://philkotse.com/chevrolet-sail-for-sale-in-quezon-city/sell-2nd-hand-2016-at-6000-km-in-aid7075551
chevrolet,https://philkotse.com/chevrolet-optra-for-sale-in-calamba773/selling-2nd-hand-2004-in-calamba-aid7075111
chevrolet,https://philkotse.com/chevrolet-colorado-for-sale-in-quezon-city/selling-2013-automatic-diesel-in-aid7075091
chevrolet,https://philkotse.com/chevrolet-spark-for-sale-in-cainta/selling-2018-at-10000-km-in-aid7074581
chevrolet,https://philkotse.com/chevrolet-spark-for-sale-in-cainta/selling-2nd-hand-2012-at-27000-km-in-aid7074571
chevrolet,https://philkotse.com/chevrolet-trailblazer-for-sale-in-calamba773/selling-2004-automatic-gasoline-in-calamba-aid7074371
chevrolet,https://philkotse.com/chevrolet-captiva-for-sale-in-manila/2nd-hand-2011-automatic-diesel-for-sale-in-aid7073971
chevrolet,https://philkotse.com/chevrolet-sonic-for-sale-in-manila/selling-2nd-hand-2013-hatchback-in-aid7073591
chevrolet,https://philkotse.com/chevrolet-trailblazer-for-sale-in-quezon-city/2nd-hand-2013-manual-diesel-for-sale-in-aid7073571
chevrolet,https://philkotse.com/chevrolet-captiva-for-sale-in-quezon-city/2nd-hand-2008-automatic-diesel-for-sale-in-aid7073311
chevrolet,https://philkotse.com/chevrolet-trailblazer-for-sale-in-manila/selling-2019-in-aid7073281
chevrolet,https://philkotse.com/chevrolet-sail-for-sale-in-pasig/2018-for-sale-in-aid7073051
chevrolet,https://philkotse.com/chevrolet-trailblazer-for-sale-in-makati/2014-automatic-diesel-for-sale-in-aid7072751
chevrolet,https://philkotse.com/chevrolet-trailblazer-for-sale-in-pasay/2014-automatic-diesel-for-sale-in-aid7072411
chevrolet,https://philkotse.com/chevrolet-aveo-for-sale-in-imus/2nd-hand-2007-at-71000-km-for-sale-aid7071471
chevrolet,https://philkotse.com/chevrolet-spin-for-sale-in-davao-city/selling-red-2016-manual-diesel-at-31000-km-in-aid7071261
chevrolet,https://philkotse.com/chevrolet-captiva-for-sale-in-antipolo/2011-for-sale-in-aid7070991
chevrolet,https://philkotse.com/chevrolet-trailblazer-for-sale-in-quezon-city/sell-2nd-hand-2014-at-28000-km-in-aid7070841
chevrolet,https://philkotse.com/chevrolet-trailblazer-for-sale-in-quezon-city/2nd-hand-2014-at-28000-km-for-sale-aid7070681
chevrolet,https://philkotse.com/chevrolet-camaro-for-sale-in-makati/brand-new-2012-at-9500-km-for-sale-in-aid7070221
chevrolet,https://philkotse.com/chevrolet-cruze-for-sale-in-paranaque/2nd-hand-2012-at-70000-km-for-sale-aid7069281
chevrolet,https://philkotse.com/chevrolet-cruze-for-sale-in-pasay/2013-automatic-gasoline-for-sale-in-aid7068841
chevrolet,https://philkotse.com/chevrolet-camaro-for-sale-in-quezon-city/selling-2011-at-33000-km-in-aid7067981
chevrolet,https://philkotse.com/chevrolet-captiva-for-sale-in-quezon-city/2011-for-sale-in-makati-aid7067561
chevrolet,https://philkotse.com/chevrolet-trailblazer-for-sale-in-bacolod/selling-2015-automatic-diesel-in-aid7067531
chevrolet,https://philkotse.com/chevrolet-trax-for-sale-in-quezon-city/2018-automatic-gasoline-for-sale-in-aid7066791
chevrolet,https://philkotse.com/chevrolet-suburban-for-sale-in-manila/2008-automatic-gasoline-for-sale-in-aid7066781
chevrolet,https://philkotse.com/chevrolet-captiva-for-sale-in-calamba773/selling-2nd-hand-2008-in-calamba-aid7066601
chevrolet,https://philkotse.com/chevrolet-trailblazer-for-sale-in-cebu-city/selling-2nd-hand-2013-in-aid7066021
chevrolet,https://philkotse.com/chevrolet-aveo-for-sale-in-bacoor/2nd-hand-2009-hatchback-manual-gasoline-for-sale-in-aid7065801
chevrolet,https://philkotse.com/chevrolet-captiva-for-sale-in-makati/2nd-hand-2011-for-sale-in-aid7065081
chevrolet,https://philkotse.com/chevrolet-captiva-for-sale-in-makati/2011-for-sale-in-aid7064601
chevrolet,https://philkotse.com/chevrolet-tahoe-for-sale-in-quezon-city/selling-2007-automatic-gasoline-in-aid7064421
chevrolet,https://philkotse.com/chevrolet-captiva-for-sale-in-mandaue/selling-2015-automatic-diesel-in-aid7064361
chevrolet,https://philkotse.com/chevrolet-colorado-for-sale-in-cainta/2012-manual-diesel-for-sale-in-aid7064211
chevrolet,https://philkotse.com/chevrolet-cruze-for-sale-in-tarlac-city/2012-automatic-gasoline-for-sale-in-aid7063721
chevrolet,https://philkotse.com/chevrolet-trailblazer-for-sale-in-makati/2nd-hand-2013-for-sale-in-aid7063681
chevrolet,https://philkotse.com/chevrolet-trailblazer-for-sale-in-cainta/sell-2nd-hand-2016-at-20000-km-in-aid7063341
chevrolet,https://philkotse.com/chevrolet-aveo-for-sale-in-santa-teresita179/selling-blue-2006-automatic-gasoline-at-88000-km-in-santa-teresita-aid7062211
chevrolet,https://philkotse.com/chevrolet-colorado-for-sale-in-caloocan/2014-for-sale-in-aid7062161
chevrolet,https://philkotse.com/chevrolet-colorado-for-sale-in-alaminos/2nd-hand-2019-at-4496-km-for-sale-aid7060691
chevrolet,https://philkotse.com/chevrolet-sail-for-sale-in-quezon-city/selling-2017-at-9000-km-in-aid7060571
chevrolet,https://philkotse.com/chevrolet-trailblazer-for-sale-in-quezon-city/selling-white-2016-at-41228-km-in-aid7060371
chevrolet,https://philkotse.com/chevrolet-trailblazer-for-sale-in-quezon-city/white-2016-automatic-diesel-for-sale-aid7060341
chevrolet,https://philkotse.com/chevrolet-captiva-for-sale-in-antipolo/2nd-hand-2010-at-75000-km-for-sale-aid7060101
chevrolet,https://philkotse.com/chevrolet-optra-for-sale-in-san-jose-del-monte/selling-2nd-hand-2004-in-aid7059711
chevrolet,https://philkotse.com/chevrolet-sail-for-sale-in-taytay/selling-2nd-hand-2018-in-aid7059611
chevrolet,https://philkotse.com/chevrolet-trailblazer-for-sale-in-quezon-city/2nd-hand-2015-for-sale-in-aid7058961
chevrolet,https://philkotse.com/chevrolet-suburban-for-sale-in-pasay/1996-automatic-diesel-for-sale-in-aid7058351
chevrolet,https://philkotse.com/chevrolet-captiva-for-sale-in-marikina/sell-2nd-hand-2015-automatic-diesel-at-67000-km-in-aid7057941
chevrolet,https://philkotse.com/chevrolet-traverse-for-sale-in-cainta/2nd-hand-2013-automatic-gasoline-for-sale-in-aid7057871
chevrolet,https://philkotse.com/chevrolet-captiva-for-sale-in-pasay/selling-2010-automatic-diesel-in-aid7057451
chevrolet,https://philkotse.com/chevrolet-captiva-for-sale-in-cainta/2nd-hand-2016-for-sale-in-aid7057201
chevrolet,https://philkotse.com/chevrolet-trailblazer-for-sale-in-pasig/2014-automatic-diesel-for-sale-in-aid7056901
chevrolet,https://philkotse.com/chevrolet-spin-for-sale-in-cainta/2nd-hand-2015-at-22000-km-for-sale-in-aid7056511
chevrolet,https://philkotse.com/chevrolet-trailblazer-for-sale-in-quezon-city/sell-2nd-hand-2014-at-30000-km-in-aid7056061
chevrolet,https://philkotse.com/chevrolet-nova-for-sale-in-makati/sell-red-1968-in-aid7055541
chevrolet,https://philkotse.com/chevrolet-camaro-for-sale-in-makati/selling-red-1967-in-aid7055531
chevrolet,https://philkotse.com/chevrolet-trailblazer-for-sale-in-quezon-city/2017-for-sale-in-aid7054451
chevrolet,https://philkotse.com/chevrolet-trailblazer-for-sale-in-manila/selling-white-2016-in-aid7054201
chevrolet,https://philkotse.com/chevrolet-colorado-for-sale-in-manila/sell-2017-truck-in-aid7054131
chevrolet,https://philkotse.com/chevrolet-colorado-for-sale-in-manila/selling-2017-truck-in-aid7054121
chevrolet,https://philkotse.com/chevrolet-aveo-for-sale-in-marikina/automatic-gasoline-for-sale-in-aid7053751
chevrolet,https://philkotse.com/chevrolet-colorado-for-sale-in-pasig/2019-for-sale-in-aid7053741
chevrolet,https://philkotse.com/chevrolet-camaro-for-sale-in-paranaque/2015-automatic-gasoline-for-sale-in-paraaque-aid7053511
chevrolet,https://philkotse.com/chevrolet-sail-for-sale-in-talisay486/2nd-hand-2017-manual-gasoline-for-sale-in-talisay-aid7053441
chevrolet,https://philkotse.com/chevrolet-colorado-for-sale-in-quezon-city/2nd-hand-2017-for-sale-in-aid7053371
chevrolet,https://philkotse.com/chevrolet-spin-for-sale-in-pasig/2015-for-sale-in-aid7052201
chevrolet,https://philkotse.com/chevrolet-venture-for-sale-in-las-pinas/selling-2nd-hand-2001-in-las-pias-aid7051831
chevrolet,https://philkotse.com/chevrolet-colorado-for-sale-in-marikina/2nd-hand-2017-for-sale-in-aid7051761
chevrolet,https://philkotse.com/chevrolet-trailblazer-for-sale-in-quezon-city/sell-2nd-hand-2013-at-90000-km-in-aid7051491
chevrolet,https://philkotse.com/chevrolet-camaro-for-sale-in-manila/selling-red-2010-at-1324-km-aid7049601
chevrolet,https://philkotse.com/chevrolet-spin-for-sale-in-manila/sell-white-2015-at-73823-km-aid7049561
chevrolet,https://philkotse.com/chevrolet-sail-for-sale-in-paranaque/selling-2nd-hand-2018-in-paraaque-aid7048931
chevrolet,https://philkotse.com/chevrolet-optra-for-sale-in-quezon-city/selling-2005-manual-gasoline-in-aid7048631
chevrolet,https://philkotse.com/chevrolet-venture-for-sale-in-makati/2003-for-sale-in-aid7048551
chevrolet,https://philkotse.com/chevrolet-captiva-for-sale-in-las-pinas/2010-automatic-diesel-for-sale-in-las-pias-aid7048431
chevrolet,https://philkotse.com/chevrolet-captiva-for-sale-in-manila/selling-black-2009-automatic-diesel-at-74631-km-aid7047921
chevrolet,https://philkotse.com/chevrolet-colorado-for-sale-in-pasig/sell-white-2019-automatic-gasoline-at-4000-km-in-aid7047741
chevrolet,https://philkotse.com/chevrolet-camaro-for-sale-in-quezon-city/selling-black-2017-at-40000-km-in-aid7046551
chevrolet,https://philkotse.com/chevrolet-trax-for-sale-in-makati/selling-red-2016-automatic-gasoline-in-aid7046331
chevrolet,https://philkotse.com/chevrolet-optra-for-sale-in-paranaque/2006-manual-gasoline-for-sale-in-paraaque-aid7045921
chevrolet,https://philkotse.com/chevrolet-corvette-for-sale-in-pasig/brand-new-2019-automatic-gasoline-for-sale-in-aid7045871
chevrolet,https://philkotse.com/chevrolet-trailblazer-for-sale-in-cainta/selling-2nd-hand-2014-automatic-diesel-at-80000-km-in-aid7045831
chevrolet,https://philkotse.com/chevrolet-trailblazer-for-sale-in-pasig/2017-for-sale-in-aid7045181
chevrolet,https://philkotse.com/chevrolet-trailblazer-for-sale-in-san-fernando1200/2nd-hand-2016-at-59899-km-for-sale-in-san-fernando-aid7044911
chevrolet,https://philkotse.com/chevrolet-trailblazer-for-sale-in-noveleta/sell-2nd-hand-2013-at-70000-km-in-aid7044741
chevrolet,https://philkotse.com/chevrolet-aveo-for-sale-in-navotas/2006-for-sale-in-aid7044011
chevrolet,https://philkotse.com/chevrolet-cruze-for-sale-in-san-juan/sell-2nd-hand-2010-at-45000-km-in-aid7043721
chevrolet,https://philkotse.com/chevrolet-suburban-for-sale-in-quezon-city/2nd-hand-2008-automatic-gasoline-for-sale-in-aid7042311
chevrolet,https://philkotse.com/chevrolet-trailblazer-for-sale-in-quezon-city/2nd-hand-2016-for-sale-in-aid7042141
chevrolet,https://philkotse.com/chevrolet-spark-for-sale-in-quezon-city/selling-2017-automatic-gasoline-in-aid7042041
chevrolet,https://philkotse.com/chevrolet-cruze-for-sale-in-quezon-city/selling-2nd-hand-2011-at-89000-km-in-aid7040901
chevrolet,https://philkotse.com/chevrolet-suburban-for-sale-in-baguio/selling-2016-automatic-gasoline-in-aid7040651
chevrolet,https://philkotse.com/chevrolet-trailblazer-for-sale-in-makati/selling-2015-automatic-diesel-in-aid7040301
chevrolet,https://philkotse.com/chevrolet-cruze-for-sale-in-bacoor/selling-2nd-hand-2011-in-aid7039721
chevrolet,https://philkotse.com/chevrolet-tahoe-for-sale-in-manila/black-2003-for-sale-in-aid7039411
chevrolet,https://philkotse.com/chevrolet-trailblazer-for-sale-in-quezon-city/selling-2019-in-aid7039271
chevrolet,https://philkotse.com/chevrolet-spark-for-sale-in-makati/blue-2011-for-sale-in-aid7038241
chevrolet,https://philkotse.com/chevrolet-sail-for-sale-in-makati/selling-black-2017-in-aid7038131
chevrolet,https://philkotse.com/chevrolet-trailblazer-for-sale-in-manila/2015-for-sale-in-aid7038041
chevrolet,https://philkotse.com/chevrolet-trailblazer-for-sale-in-makati/selling-2013-automatic-diesel-in-aid7037911
chevrolet,https://philkotse.com/chevrolet-captiva-for-sale-in-iriga/selling-2nd-hand-in-aid7037441
chevrolet,https://philkotse.com/chevrolet-captiva-for-sale-in-iriga/2nd-hand-for-sale-in-aid7037411
chevrolet,https://philkotse.com/chevrolet-captiva-for-sale-in-quezon-city/sell-2nd-hand-2016-at-4000-km-in-aid7036881
chevrolet,https://philkotse.com/chevrolet-sail-for-sale-in-makati/orange-2017-for-sale-in-aid7036831
chevrolet,https://philkotse.com/chevrolet-captiva-for-sale-in-quezon-city/2nd-hand-2012-for-sale-in-aid7036761
chevrolet,https://philkotse.com/chevrolet-sail-for-sale-in-makati/selling-silver-2017-manual-gasoline-in-aid7036681
chevrolet,https://philkotse.com/chevrolet-sail-for-sale-in-makati/sell-black-2017-manual-gasoline-at-20000-km-in-aid7036661
chevrolet,https://philkotse.com/chevrolet-sail-for-sale-in-makati/orange-2017-for-sale-in-aid7036631
chevrolet,https://philkotse.com/chevrolet-sonic-for-sale-in-makati/blue-2015-manual-gasoline-for-sale-in-aid7036621
chevrolet,https://philkotse.com/chevrolet-sail-for-sale-in-makati/selling-silver-2017-automatic-gasoline-in-aid7036581
chevrolet,https://philkotse.com/chevrolet-captiva-for-sale-in-quezon-city/selling-2nd-hand-2011-in-aid7035221
chevrolet,https://philkotse.com/chevrolet-sonic-for-sale-in-paranaque/2nd-hand-2015-for-sale-in-paraaque-aid7034121
chevrolet,https://philkotse.com/chevrolet-sonic-for-sale-in-pandi/2nd-hand-automatic-gasoline-for-sale-in-aid7032181
chevrolet,https://philkotse.com/chevrolet-optra-for-sale-in-quezon-city/2nd-hand-2004-at-101000-km-for-sale-aid7031471
chevrolet,https://philkotse.com/chevrolet-trailblazer-for-sale-in-quezon-city/selling-2nd-hand-2015-in-aid7031121
chevrolet,https://philkotse.com/chevrolet-trailblazer-for-sale-in-quezon-city/sell-2nd-hand-2016-at-20000-km-in-aid7029771
chevrolet,https://philkotse.com/chevrolet-optra-for-sale-in-santa-maria795/selling-2004-at-90000-km-in-santa-maria-aid7029661
chevrolet,https://philkotse.com/chevrolet-spin-for-sale-in-taguig/selling-2nd-hand-2015-in-aid7028281
chevrolet,https://philkotse.com/chevrolet-sail-for-sale-in-antipolo/selling-2nd-hand-2018-at-20000-km-in-aid7027901
chevrolet,https://philkotse.com/chevrolet-trailblazer-for-sale-in-angeles/selling-2015-at-43000-km-in-aid7027761
chevrolet,https://philkotse.com/chevrolet-trailblazer-for-sale-in-quezon-city/sell-2nd-hand-2016-automatic-diesel-at-20000-km-in-aid7026761
chevrolet,https://philkotse.com/chevrolet-trailblazer-for-sale-in-roxas-city/2nd-hand-2014-for-sale-in-aid7025431
chevrolet,https://philkotse.com/chevrolet-trailblazer-for-sale-in-quezon-city/2nd-hand-2014-for-sale-in-aid7025381
chevrolet,https://philkotse.com/chevrolet-optra-for-sale-in-manila/selling-2007-manual-gasoline-in-aid7025261
chevrolet,https://philkotse.com/chevrolet-orlando-for-sale-in-quezon-city/2nd-hand-2013-automatic-gasoline-for-sale-in-aid7024891
chevrolet,https://philkotse.com/chevrolet-optra-for-sale-in-pozorrubio/2005-for-sale-in-aid7024691
chevrolet,https://philkotse.com/chevrolet-spark-for-sale-in-pasig/2012-for-sale-in-aid7024541
chevrolet,https://philkotse.com/chevrolet-camaro-for-sale-in-quezon-city/selling-2020-in-aid7024321
chevrolet,https://philkotse.com/chevrolet-aveo-for-sale-in-paranaque/selling-2nd-hand-2007-in-paraaque-aid7024311
chevrolet,https://philkotse.com/chevrolet-trailblazer-for-sale-in-toboso/2nd-hand-for-sale-in-aid7023861
chevrolet,https://philkotse.com/chevrolet-trailblazer-for-sale-in-las-pinas/2nd-hand-2014-for-sale-in-las-pias-aid7023091
chevrolet,https://philkotse.com/chevrolet-sonic-for-sale-in-makati/selling-2nd-hand-2013-at-80000-km-in-aid7021961
chevrolet,https://philkotse.com/chevrolet-sonic-for-sale-in-makati/2nd-hand-2013-hatchback-automatic-gasoline-for-sale-in-aid7021341
chevrolet,https://philkotse.com/chevrolet-sonic-for-sale-in-makati/sell-2nd-hand-2013-hatchback-in-aid7021191
chevrolet,https://philkotse.com/chevrolet-cruze-for-sale-in-pasig/selling-2012-automatic-gasoline-in-aid7021181
chevrolet,https://philkotse.com/chevrolet-cruze-for-sale-in-caloocan/2nd-hand-2010-for-sale-in-aid7021141
chevrolet,https://philkotse.com/chevrolet-sonic-for-sale-in-antipolo/2nd-hand-2013-hatchback-automatic-gasoline-for-sale-in-aid7020821
chevrolet,https://philkotse.com/chevrolet-optra-for-sale-in-ibaan/2004-for-sale-in-aid7019491
chevrolet,https://philkotse.com/chevrolet-trailblazer-for-sale-in-quezon-city/2018-manual-diesel-for-sale-in-aid7019421
chevrolet,https://philkotse.com/chevrolet-colorado-for-sale-in-cainta/selling-2nd-hand-2018-in-aid7019371
chevrolet,https://philkotse.com/chevrolet-captiva-for-sale-in-paranaque/selling-2007-at-100000-km-aid7017671
chevrolet,https://philkotse.com/chevrolet-trailblazer-for-sale-in-quezon-city/2014-automatic-diesel-for-sale-in-aid7017631
chevrolet,https://philkotse.com/chevrolet-trailblazer-for-sale-in-makati/sell-blue-2017-in-aid7017561
chevrolet,https://philkotse.com/chevrolet-trailblazer-for-sale-in-makati/selling-black-2013-manual-diesel-in-aid7017511
chevrolet,https://philkotse.com/chevrolet-sail-for-sale-in-cainta/2018-for-sale-in-aid7016701
chevrolet,https://philkotse.com/chevrolet-camaro-for-sale-in-quezon-city/2019-for-sale-in-aid7015831
chevrolet,https://philkotse.com/chevrolet-optra-for-sale-in-angeles/selling-automatic-gasoline-in-aid7015521
chevrolet,https://philkotse.com/chevrolet-trax-for-sale-in-meycauayan/selling-2nd-hand-2016-at-30000-km-in-aid7015111
chevrolet,https://philkotse.com/chevrolet-trailblazer-for-sale-in-mandaluyong/selling-black-2014-at-40000-km-in-aid7014971
chevrolet,https://philkotse.com/chevrolet-sonic-for-sale-in-makati/sell-2nd-hand-2013-hatchback-in-aid7014341
chevrolet,https://philkotse.com/chevrolet-sonic-for-sale-in-manila/orange-2015-at-30303-km-for-sale-aid7013951
chevrolet,https://philkotse.com/chevrolet-captiva-for-sale-in-dumaguete/sell-silver-2010-automatic-aid7013861
chevrolet,https://philkotse.com/chevrolet-corvette-for-sale-in-quezon-city/selling-2019-automatic-gasoline-in-aid7012891
chevrolet,https://philkotse.com/chevrolet-trailblazer-for-sale-in-quezon-city/white-2016-for-sale-automatic-aid7012331
chevrolet,https://philkotse.com/chevrolet-trailblazer-for-sale-in-quezon-city/sell-white-2016-in-aid7012291
chevrolet,https://philkotse.com/chevrolet-trailblazer-for-sale-in-makati/sell-blue-2017-at-61000-km-in-aid7011741
chevrolet,https://philkotse.com/chevrolet-sail-for-sale-in-makati/black-2018-for-sale-in-aid7011671
chevrolet,https://philkotse.com/chevrolet-trailblazer-for-sale-in-makati/sell-brown-2015-in-aid7011541
chevrolet,https://philkotse.com/chevrolet-spin-for-sale-in-cagayan-de-oro/selling-2nd-hand-2014-in-aid7011161
chevrolet,https://philkotse.com/chevrolet-spin-for-sale-in-las-pinas/sell-2012-in-las-pias-aid7011081
chevrolet,https://philkotse.com/chevrolet-trailblazer-for-sale-in-quezon-city/2013-for-sale-in-aid7011001
chevrolet,https://philkotse.com/chevrolet-trailblazer-for-sale-in-bacoor/2014-automatic-diesel-for-sale-in-aid7010801
chevrolet,https://philkotse.com/chevrolet-trailblazer-for-sale-in-makati/2015-automatic-diesel-for-sale-in-aid7009971
chevrolet,https://philkotse.com/chevrolet-optra-for-sale-in-cabuyao/sell-2nd-hand-2008-in-aid7009711
chevrolet,https://philkotse.com/chevrolet-sonic-for-sale-in-makati/selling-2013-hatchback-automatic-gasoline-in-aid7008801
chevrolet,https://philkotse.com/chevrolet-suburban-for-sale-in-muntinlupa/selling-2019-in-aid7008681
chevrolet,https://philkotse.com/chevrolet-optra-for-sale-in-mandaluyong/2008-automatic-gasoline-for-sale-in-aid7007921
chevrolet,https://philkotse.com/chevrolet-trailblazer-for-sale-in-quezon-city/red-2017-automatic-diesel-for-sale-aid7005701
chevrolet,https://philkotse.com/chevrolet-trailblazer-for-sale-in-quezon-city/blue-2017-automatic-diesel-for-sale-aid7005671
chevrolet,https://philkotse.com/chevrolet-colorado-for-sale-in-quezon-city/selling-brown-2016-in-aid7005561
chevrolet,https://philkotse.com/chevrolet-trax-for-sale-in-san-jose-de-buenavista/2016-automatic-gasoline-for-sale-in-aid7004361
chevrolet,https://philkotse.com/chevrolet-suburban-for-sale-in-quezon-city/selling-used-2011-in-aid7003911
chevrolet,https://philkotse.com/chevrolet-trailblazer-for-sale-in-cainta/selling-white-2016-automatic-diesel-in-aid7003351
chevrolet,https://philkotse.com/chevrolet-spark-for-sale-in-las-pinas/selling-2011-automatic-gasoline-in-las-pias-aid7003191
chevrolet,https://philkotse.com/chevrolet-trailblazer-for-sale-in-cainta/brown-2017-for-sale-in-aid7003011
chevrolet,https://philkotse.com/chevrolet-trailblazer-for-sale-in-cainta/selling-blue-2018-in-aid7002981
chevrolet,https://philkotse.com/chevrolet-corvette-stingray-for-sale-in-makati/1976-for-sale-in-aid7002151
chevrolet,https://philkotse.com/chevrolet-captiva-for-sale-in-quezon-city/selling-2nd-hand-2011-in-aid7001821
chevrolet,https://philkotse.com/chevrolet-sonic-for-sale-in-quezon-city/selling-2nd-hand-2013-hatchback-in-aid7001801
chevrolet,https://philkotse.com/chevrolet-suburban-for-sale-in-quezon-city/2012-automatic-gasoline-for-sale-in-aid7001771
chevrolet,https://philkotse.com/chevrolet-camaro-for-sale-in-cebu-city/white-2015-automatic-gasoline-for-sale-aid7001101
chevrolet,https://philkotse.com/chevrolet-optra-for-sale-in-tabaco/2nd-hand-2005-for-sale-in-aid6999991
chevrolet,https://philkotse.com/chevrolet-cruze-for-sale-in-cebu-city/sell-black-2010-in-aid6999801
chevrolet,https://philkotse.com/chevrolet-trailblazer-for-sale-in-general-trias/sell-2nd-hand-2013-manual-diesel-at-70000-km-in-aid6999261
chevrolet,https://philkotse.com/chevrolet-orlando-for-sale-in-quezon-city/2nd-hand-2013-automatic-gasoline-for-sale-in-aid6999211
chevrolet,https://philkotse.com/chevrolet-trailblazer-for-sale-in-dasmarinas/2014-automatic-diesel-for-sale-in-dasmarias-aid6998331
chevrolet,https://philkotse.com/chevrolet-spin-for-sale-in-binan/2nd-hand-2015-automatic-gasoline-for-sale-in-bian-aid6995231
chevrolet,https://philkotse.com/chevrolet-captiva-for-sale-in-paranaque/2007-automatic-diesel-for-sale-in-paraaque-aid6994211
chevrolet,https://philkotse.com/chevrolet-trailblazer-for-sale-in-muntinlupa/used-2017-for-sale-in-aid6993131
chevrolet,https://philkotse.com/chevrolet-cruze-for-sale-in-paranaque/selling-2nd-hand-2011-manual-gasoline-at-50000-km-in-paraaque-aid6993091
chevrolet,https://philkotse.com/chevrolet-trailblazer-for-sale-in-pasig/2016-for-sale-in-aid6992711
chevrolet,https://philkotse.com/chevrolet-trailblazer-for-sale-in-pasig/sell-used-2014-at-60000-km-in-aid6992321
chevrolet,https://philkotse.com/chevrolet-colorado-for-sale-in-san-pascual178/brand-new-2019-automatic-diesel-for-sale-in-san-pascual-aid6991151
chevrolet,https://philkotse.com/chevrolet-malibu-for-sale-in-mandaue/2014-for-sale-in-aid6991001
chevrolet,https://philkotse.com/chevrolet-suburban-for-sale-in-quezon-city/selling-2nd-hand-2019-in-aid6989701
chevrolet,https://philkotse.com/chevrolet-captiva-for-sale-in-baguio/2nd-hand-for-sale-in-aid6989151
chevrolet,https://philkotse.com/chevrolet-spark-for-sale-in-san-pablo792/2013-manual-gasoline-for-sale-in-san-pablo-aid6986701
chevrolet,https://philkotse.com/chevrolet-cruze-for-sale-in-pasig/2010-automatic-gasoline-for-sale-in-aid6986451
chevrolet,https://philkotse.com/chevrolet-optra-for-sale-in-las-pinas/2004-manual-gasoline-for-sale-in-las-pias-aid6985491
chevrolet,https://philkotse.com/chevrolet-venture-for-sale-in-tanauan183/2003-automatic-gasoline-for-sale-in-tanauan-aid6985121
chevrolet,https://philkotse.com/chevrolet-cruze-for-sale-in-pasig/sell-2nd-hand-2012-automatic-gasoline-at-10000-km-in-aid6985091
chevrolet,https://philkotse.com/chevrolet-trailblazer-for-sale-in-quezon-city/2016-for-sale-in-aid6984751
chevrolet,https://philkotse.com/chevrolet-trailblazer-for-sale-in-manila/2014-for-sale-in-aid6984631
chevrolet,https://philkotse.com/chevrolet-aveo-for-sale-in-tarlac-city/sell-2nd-hand-2007-automatic-gasoline-at-90000-km-in-aid6981491
chevrolet,https://philkotse.com/chevrolet-optra-for-sale-in-paranaque/selling-used-2006-in-paraaque-aid6979021
chevrolet,https://philkotse.com/chevrolet-suburban-for-sale-in-quezon-city/2010-for-sale-in-aid6977871
chevrolet,https://philkotse.com/chevrolet-corvette-for-sale-in-manila/2nd-hand-2019-for-sale-in-aid6977391
chevrolet,https://philkotse.com/chevrolet-trailblazer-for-sale-in-makati/selling-brown-2015-in-aid6977071
chevrolet,https://philkotse.com/chevrolet-captiva-for-sale-in-valenzuela/selling-2010-automatic-gasoline-in-aid6975551
chevrolet,https://philkotse.com/chevrolet-captiva-for-sale-in-lapu-lapu/2010-at-70000-km-for-sale-aid6975301
chevrolet,https://philkotse.com/chevrolet-sail-for-sale-in-quezon-city/2018-for-sale-in-aid6975011
chevrolet,https://philkotse.com/chevrolet-sail-for-sale-in-san-jose-del-monte/2017-for-sale-in-aid6974831
chevrolet,https://philkotse.com/chevrolet-trailblazer-for-sale-in-san-manuel1242/2017-for-sale-in-san-manuel-aid6973661
chevrolet,https://philkotse.com/chevrolet-camaro-for-sale-in-angeles/1971-for-sale-in-aid6973431
chevrolet,https://philkotse.com/chevrolet-captiva-for-sale-in-makati/2010-automatic-diesel-for-sale-in-aid6972831
chevrolet,https://philkotse.com/chevrolet-cruze-for-sale-in-makati/selling-2nd-hand-2011-in-aid6971771
chevrolet,https://philkotse.com/chevrolet-spark-for-sale-in-makati/2017-automatic-gasoline-for-sale-in-aid6971531
chevrolet,https://philkotse.com/chevrolet-sonic-for-sale-in-makati/sell-2nd-hand-2014-at-50000-km-in-aid6970951
chevrolet,https://philkotse.com/chevrolet-trailblazer-for-sale-in-angeles/2015-automatic-diesel-for-sale-in-aid6970801
chevrolet,https://philkotse.com/chevrolet-trailblazer-for-sale-in-taguig/2013-for-sale-in-aid6970461
chevrolet,https://philkotse.com/chevrolet-camaro-for-sale-in-pasig/sell-2nd-hand-2015-automatic-gasoline-in-aid6969701
chevrolet,https://philkotse.com/chevrolet-optra-for-sale-in-trece-martires/selling-2nd-hand-2004-in-aid6969281
chevrolet,https://philkotse.com/chevrolet-captiva-for-sale-in-quezon-city/2012-at-40000-km-for-sale-in-aid6969111
chevrolet,https://philkotse.com/chevrolet-trailblazer-for-sale-in-mandaluyong/selling-blue-2013-automatic-gasoline-at-55000-km-in-aid6967471
chevrolet,https://philkotse.com/chevrolet-sail-for-sale-in-quezon-city/orange-2017-for-sale-in-aid6967311
chevrolet,https://philkotse.com/chevrolet-trailblazer-for-sale-in-quezon-city/sell-brown-2018-at-24000-km-in-aid6967271
chevrolet,https://philkotse.com/chevrolet-camaro-for-sale-in-manila/selling-brand-new-2019-automatic-gasoline-in-aid6966311
chevrolet,https://philkotse.com/chevrolet-camaro-for-sale-in-makati/2019-for-sale-in-aid6964691
chevrolet,https://philkotse.com/chevrolet-venture-for-sale-in-pasig/selling-2nd-hand-2005-van-automatic-gasoline-at-92000-km-in-aid6964531
chevrolet,https://philkotse.com/chevrolet-trailblazer-for-sale-in-malabon/brand-new-2019-automatic-diesel-for-sale-in-aid6963421
chevrolet,https://philkotse.com/chevrolet-camaro-for-sale-in-makati/selling-2012-automatic-gasoline-in-aid6962681
chevrolet,https://philkotse.com/chevrolet-spark-for-sale-in-santa-rosa796/2009-for-sale-in-santa-rosa-aid6962231
chevrolet,https://philkotse.com/chevrolet-trailblazer-for-sale-in-general-santos/selling-2014-automatic-diesel-in-aid6962141
chevrolet,https://philkotse.com/chevrolet-trailblazer-for-sale-in-muntinlupa/selling-white-2016-automatic-diesel-at-54000-km-in-aid6961531
chevrolet,https://philkotse.com/chevrolet-trailblazer-for-sale-in-quezon-city/selling-2015-automatic-diesel-in-aid6960181
chevrolet,https://philkotse.com/chevrolet-captiva-for-sale-in-quezon-city/selling-2008-automatic-diesel-in-aid6959491
chevrolet,https://philkotse.com/chevrolet-trailblazer-for-sale-in-manila/selling-automatic-diesel-in-aid6959021
chevrolet,https://philkotse.com/chevrolet-optra-for-sale-in-paranaque/selling-2nd-hand-2006-in-paraaque-aid6958401
chevrolet,https://philkotse.com/chevrolet-sail-for-sale-in-pasig/selling-2nd-hand-2017-in-aid6958051
chevrolet,https://philkotse.com/chevrolet-silverado-for-sale-in-taytay/2000-automatic-gasoline-for-sale-in-aid6957641
chevrolet,https://philkotse.com/chevrolet-aveo-for-sale-in-guiguinto/2007-for-sale-in-aid6957581
chevrolet,https://philkotse.com/chevrolet-trailblazer-for-sale-in-paranaque/2nd-hand-2016-at-28000-km-for-sale-aid6957081
chevrolet,https://philkotse.com/chevrolet-optra-for-sale-in-pilar145/2004-for-sale-in-pilar-aid6956991
chevrolet,https://philkotse.com/chevrolet-colorado-for-sale-in-manila/2nd-hand-2014-for-sale-in-aid6956451
chevrolet,https://philkotse.com/chevrolet-trailblazer-for-sale-in-quezon-city/sell-2nd-hand-2018-automatic-diesel-at-24000-km-in-aid6956401
chevrolet,https://philkotse.com/chevrolet-sail-for-sale-in-quezon-city/2017-automatic-gasoline-for-sale-in-aid6956281
chevrolet,https://philkotse.com/chevrolet-cruze-for-sale-in-makati/selling-2nd-hand-2011-in-aid6956251
chevrolet,https://philkotse.com/chevrolet-spark-for-sale-in-cebu-city/selling-2nd-hand-2015-automatic-gasoline-at-40000-km-in-aid6954471
chevrolet,https://philkotse.com/chevrolet-spin-for-sale-in-manila/2nd-hand-2014-automatic-gasoline-for-sale-in-aid6950991
chevrolet,https://philkotse.com/chevrolet-trailblazer-for-sale-in-san-francisco478/selling-grey-2013-at-37000-km-in-san-francisco-aid6950811
chevrolet,https://philkotse.com/chevrolet-colorado-for-sale-in-manila/blue-2019-automatic-diesel-for-sale-aid6950721
chevrolet,https://philkotse.com/chevrolet-trailblazer-for-sale-in-manila/selling-grey-2019-automatic-diesel-aid6950711
chevrolet,https://philkotse.com/chevrolet-trailblazer-for-sale-in-manila/white-2019-for-sale-aid6950691
chevrolet,https://philkotse.com/chevrolet-trax-for-sale-in-manila/selling-silver-2019-automatic-gasoline-aid6950681
chevrolet,https://philkotse.com/chevrolet-cruze-for-sale-in-manila/2010-for-sale-in-aid6950461
chevrolet,https://philkotse.com/chevrolet-lumina-for-sale-in-quezon-city/2006-for-sale-in-aid6949581
chevrolet,https://philkotse.com/chevrolet-trax-for-sale-in-angono/2nd-hand-2016-for-sale-in-aid6947681
chevrolet,https://philkotse.com/chevrolet-captiva-for-sale-in-quezon-city/selling-2nd-hand-2016-at-28000-km-in-aid6947071
chevrolet,https://philkotse.com/chevrolet-cruze-for-sale-in-meycauayan/selling-2nd-hand-2012-in-aid6946601
chevrolet,https://philkotse.com/chevrolet-cruze-for-sale-in-manila/2011-automatic-gasoline-for-sale-in-aid6946551
chevrolet,https://philkotse.com/chevrolet-optra-for-sale-in-cainta/sell-2nd-hand-2008-at-10000-km-in-aid6946291
chevrolet,https://philkotse.com/chevrolet-lumina-for-sale-in-quezon-city/sell-2nd-hand-2006-at-46000-km-in-aid6946271
chevrolet,https://philkotse.com/chevrolet-camaro-for-sale-in-manila/selling-brand-new-2016-in-aid6946261
chevrolet,https://philkotse.com/chevrolet-trax-for-sale-in-santo-tomas180/sell-2nd-hand-2017-automatic-gasoline-at-28900-km-in-santo-tomas-aid6946131
chevrolet,https://philkotse.com/chevrolet-sonic-for-sale-in-makati/sell-2nd-hand-2013-automatic-gasoline-at-47000-km-in-aid6946081
chevrolet,https://philkotse.com/chevrolet-trailblazer-for-sale-in-san-juan/selling-2013-automatic-diesel-in-aid6945931
chevrolet,https://philkotse.com/chevrolet-spark-for-sale-in-makati/selling-2012-automatic-gasoline-in-aid6945591
chevrolet,https://philkotse.com/chevrolet-captiva-for-sale-in-san-mateo/2nd-hand-2010-automatic-diesel-for-sale-in-aid6944841
chevrolet,https://philkotse.com/chevrolet-captiva-for-sale-in-makati/selling-2011-automatic-diesel-in-aid6944301
chevrolet,https://philkotse.com/chevrolet-trailblazer-for-sale-in-quezon-city/selling-2017-at-9000-km-in-aid6943291
chevrolet,https://philkotse.com/chevrolet-trailblazer-for-sale-in-davao-city/2015-for-sale-in-aid6943231
chevrolet,https://philkotse.com/chevrolet-captiva-for-sale-in-makati/2012-automatic-diesel-for-sale-in-aid6943091
chevrolet,https://philkotse.com/chevrolet-cruze-for-sale-in-makati/selling-2011-at-72000-km-in-aid6942991
chevrolet,https://philkotse.com/chevrolet-colorado-for-sale-in-muntinlupa/sell-2nd-hand-2014-at-50000-km-in-aid6942781
chevrolet,https://philkotse.com/chevrolet-trailblazer-for-sale-in-taytay/2014-automatic-diesel-for-sale-in-aid6940831
chevrolet,https://philkotse.com/chevrolet-sail-for-sale-in-quezon-city/selling-2018-at-4000-km-in-aid6940621
chevrolet,https://philkotse.com/chevrolet-sail-for-sale-in-makati/orange-2017-manual-gasoline-for-sale-in-aid6908151
chevrolet,https://philkotse.com/chevrolet-sail-for-sale-in-makati/blue-2017-for-sale-in-aid6908141
chevrolet,https://philkotse.com/chevrolet-optra-for-sale-in-general-salipada-k-pendatun/brown-2005-automatic-gasoline-for-sale-in-aid6882991
chevrolet,https://philkotse.com/chevrolet-colorado-for-sale-in-manila/selling-red-2017-truck-automatic-diesel-in-aid6881251
chevrolet,https://philkotse.com/chevrolet-optra-for-sale-in-quezon-city/selling-grey-2005-manual-gasoline-in-aid6846181
chevrolet,https://philkotse.com/chevrolet-suburban-for-sale-in-quezon-city/2008-automatic-gasoline-for-sale-in-aid6815081
chevrolet,https://philkotse.com/chevrolet-aveo-for-sale-in-general-salipada-k-pendatun/selling-black-2007-for-sale-aid6815031
chevrolet,https://philkotse.com/chevrolet-aveo-for-sale-in-general-salipada-k-pendatun/sell-silver-2011-at-manual-gasoline-at-102769-km-for-sale-aid6814991
chevrolet,https://philkotse.com/chevrolet-sail-for-sale-in-general-salipada-k-pendatun/selling-blue-2017-for-sale-in-manual-aid6804261
chevrolet,https://philkotse.com/chevrolet-captiva-for-sale-in-cebu-city/black-2016-at-19018-km-for-sale-aid6802331
chevrolet,https://philkotse.com/chevrolet-captiva-for-sale-in-general-salipada-k-pendatun/black-2010-automatic-diesel-for-sale-in-aid6800871
chevrolet,https://philkotse.com/chevrolet-trailblazer-for-sale-in-quezon-city/selling-white-2016-aid6784581
chevrolet,https://philkotse.com/chevrolet-spark-for-sale-in-quezon-city/for-sale-red-2017-in-aid6782681
chevrolet,https://philkotse.com/chevrolet-trailblazer-for-sale-in-pasig/white-2014-automatic-diesel-for-sale-aid6768031
chevrolet,https://philkotse.com/chevrolet-aveo-for-sale-in-manila/2007-at-97000-km-for-sale-aid6767781
chevrolet,https://philkotse.com/chevrolet-optra-for-sale-in-marilao/for-sale-2007-aid6758991
chevrolet,https://philkotse.com/chevrolet-trax-for-sale-in-quezon-city/2018-for-sale-aid6740251
chevrolet,https://philkotse.com/chevrolet-spark-for-sale-in-makati/lt-2019-for-sale-aid6713231
chevrolet,https://philkotse.com/chevrolet-spark-for-sale-in-makati/lt-2019-for-sale-aid6713241
chevrolet,https://philkotse.com/chevrolet-trax-for-sale-in-makati/lt-2019-for-sale-aid6713091
chevrolet,https://philkotse.com/chevrolet-trailblazer-for-sale-in-quezon-city/2016-4x2-for-sale-aid6713081
chevrolet,https://philkotse.com/chevrolet-trailblazer-for-sale-in-quezon-city/2019-for-sale-aid6713051
chevrolet,https://philkotse.com/chevrolet-sail-for-sale-in-quezon-city/2017-ltz-for-sale-aid6712911
chevrolet,https://philkotse.com/chevrolet-colorado-for-sale-in-quezon-city/2017-for-sale-aid6712821
chevrolet,https://philkotse.com/chevrolet-sail-for-sale-in-makati/lt-2019-for-sale-aid6712771
chevrolet,https://philkotse.com/chevrolet-cruze-for-sale-in-makati/ls-2019-for-sale-aid6712781
chevrolet,https://philkotse.com/chevrolet-colorado-for-sale-in-makati/lt-2019-for-sale-aid6712741
chevrolet,https://philkotse.com/chevrolet-spark-for-sale-in-makati/ltz-2019-for-sale-aid6712751
chevrolet,https://philkotse.com/chevrolet-sail-for-sale-in-makati/ltz-2019-for-sale-aid6712761
chevrolet,https://philkotse.com/chevrolet-trailblazer-for-sale-in-makati/lt-2019-for-sale-aid6712721
chevrolet,https://philkotse.com/chevrolet-malibu-for-sale-in-makati/lts-2019-for-sale-aid6712731
chevrolet,https://philkotse.com/chevrolet-colorado-for-sale-in-makati/2019-for-sale-aid6712701
chevrolet,https://philkotse.com/chevrolet-trailblazer-for-sale-in-makati/ltx-2019-for-sale-aid6712711
chevrolet,https://philkotse.com/chevrolet-suburban-for-sale-in-makati/2019-for-sale-aid6712671
chevrolet,https://philkotse.com/chevrolet-colorado-for-sale-in-makati/ltx-2019-for-sale-aid6712681
chevrolet,https://philkotse.com/chevrolet-colorado-for-sale-in-makati/lt-2019-for-sale-aid6712691
chevrolet,https://philkotse.com/chevrolet-trax-for-sale-in-makati/ls-2019-for-sale-aid6712651
chevrolet,https://philkotse.com/chevrolet-suburban-for-sale-in-makati/2019-for-sale-aid6712661
chevrolet,https://philkotse.com/chevrolet-trailblazer-for-sale-in-makati/2019-for-sale-aid6712461
chevrolet,https://philkotse.com/chevrolet-sail-for-sale-in-makati/lt-2019-for-sale-aid6712451
chevrolet,https://philkotse.com/chevrolet-colorado-for-sale-in-makati/2019-for-sale-aid6712441
chevrolet,https://philkotse.com/chevrolet-trailblazer-for-sale-in-makati/lt-2019-for-sale-aid6712431
chevrolet,https://philkotse.com/chevrolet-colorado-for-sale-in-makati/2019-for-sale-aid6712421
chevrolet,https://philkotse.com/chevrolet-suburban-for-sale-in-batangas-city/lt-2019-for-sale-aid6712281
chevrolet,https://philkotse.com/chevrolet-trailblazer-for-sale-in-imus/ltx-2019-for-sale-aid6712251
chevrolet,https://philkotse.com/chevrolet-suburban-for-sale-in-san-juan/ltz-2019-for-sale-aid6712261
chevrolet,https://philkotse.com/chevrolet-trax-for-sale-in-quezon-city/lt-2019-for-sale-aid6712231
chevrolet,https://philkotse.com/chevrolet-sail-for-sale-in-carmona/lt-2019-for-sale-aid6712241
chevrolet,https://philkotse.com/chevrolet-colorado-for-sale-in-muntinlupa/ltz-2019-for-sale-aid6712211
chevrolet,https://philkotse.com/chevrolet-trailblazer-for-sale-in-baliuag/lt-2019-for-sale-aid6712221
chevrolet,https://philkotse.com/chevrolet-colorado-for-sale-in-baliuag/ltx-2019-for-sale-aid6712191
chevrolet,https://philkotse.com/chevrolet-trailblazer-for-sale-in-baliuag/z71-2019-for-sale-aid6712201
chevrolet,https://philkotse.com/chevrolet-trax-for-sale-in-baliuag/ls-2019-for-sale-aid6712171
chevrolet,https://philkotse.com/chevrolet-spark-for-sale-in-batangas-city/lt-2019-for-sale-aid6712181
chevrolet,https://philkotse.com/chevrolet-sail-for-sale-in-cainta/lt-2019-for-sale-aid6712141
chevrolet,https://philkotse.com/chevrolet-colorado-for-sale-in-imus/lt-2019-for-sale-aid6712081
chevrolet,https://philkotse.com/chevrolet-malibu-for-sale-in-san-juan/ltz-2019-for-sale-aid6712071
chevrolet,https://philkotse.com/chevrolet-trailblazer-for-sale-in-dagupan/lt-2019-for-sale-aid6712061
chevrolet,https://philkotse.com/chevrolet-colorado-for-sale-in-batangas-city/lt-2019-for-sale-aid6711871
chevrolet,https://philkotse.com/chevrolet-colorado-for-sale-in-batangas-city/ltz-2019-for-sale-aid6711851
chevrolet,https://philkotse.com/chevrolet-spark-for-sale-in-cainta/lt-2019-for-sale-aid6711861
chevrolet,https://philkotse.com/chevrolet-spark-for-sale-in-muntinlupa/ltz-2019-for-sale-aid6711821
chevrolet,https://philkotse.com/chevrolet-sail-for-sale-in-baliuag/ltz-2019-for-sale-aid6711831
chevrolet,https://philkotse.com/chevrolet-colorado-for-sale-in-marikina/2017-for-sale-aid6701241
chevrolet,https://philkotse.com/chevrolet-captiva-for-sale-in-quezon-city/2011-for-sale-aid6701161
chevrolet,https://philkotse.com/chevrolet-trailblazer-for-sale-in-pasig/2017-for-sale-aid6695861
chevrolet,https://philkotse.com/chevrolet-trailblazer-for-sale-in-pasig/2014-for-sale-aid6695741
chevrolet,https://philkotse.com/chevrolet-trailblazer-for-sale-in-las-pinas/2015-for-sale-aid6694811
chevrolet,https://philkotse.com/chevrolet-camaro-for-sale-in-cebu-city/2015-for-sale-aid6693881
chevrolet,https://philkotse.com/chevrolet-captiva-for-sale-in-manila/2011-for-sale-aid6679331
chevrolet,https://philkotse.com/chevrolet-trailblazer-for-sale-in-manila/2006-for-sale-aid6679221
chevrolet,https://philkotse.com/chevrolet-trailblazer-for-sale-in-manila/2015-for-sale-aid6679191
chevrolet,https://philkotse.com/chevrolet-captiva-for-sale-in-manila/2015-for-sale-aid6679121
chevrolet,https://philkotse.com/chevrolet-captiva-for-sale-in-makati/2010-for-sale-aid6673731
chevrolet,https://philkotse.com/chevrolet-spark-for-sale-in-quezon-city/2017-for-sale-aid6671901
chevrolet,https://philkotse.com/chevrolet-captiva-for-sale-in-quezon-city/2010-at-for-sale-aid6670031
chevrolet,https://philkotse.com/chevrolet-colorado-for-sale-in-manila/2017-diesel-for-sale-aid6640041
chevrolet,https://philkotse.com/chevrolet-camaro-for-sale-in-quezon-city/2017-for-sale-aid6638971
chevrolet,https://philkotse.com/chevrolet-trailblazer-for-sale-in-cebu-city/2015-for-sale-aid6631531
chevrolet,https://philkotse.com/chevrolet-colorado-for-sale-in-manila/2013-for-sale-aid6631421
chevrolet,https://philkotse.com/chevrolet-trailblazer-for-sale-in-manila/2015-for-sale-aid6630081
chevrolet,https://philkotse.com/chevrolet-trailblazer-for-sale-in-manila/2013-for-sale-aid6629411
chevrolet,https://philkotse.com/chevrolet-trailblazer-for-sale-in-pasig/2015-lt-for-sale-aid6615751
chevrolet,https://philkotse.com/chevrolet-trax-for-sale-in-manila/2017-new-for-sale-aid6612861
chevrolet,https://philkotse.com/chevrolet-trailblazer-for-sale-in-manila/2015-for-sale-aid6612671
chevrolet,https://philkotse.com/chevrolet-corvette-for-sale-in-manila/2019-for-sale-aid6612051
chevrolet,https://philkotse.com/chevrolet-trailblazer-for-sale-in-manila/2015-for-sale-aid6611861
chevrolet,https://philkotse.com/chevrolet-camaro-for-sale-in-manila/2017-new-for-sale-aid6611571
chevrolet,https://philkotse.com/chevrolet-trailblazer-for-sale-in-quezon-city/2018-for-sale-aid6610691
chevrolet,https://philkotse.com/chevrolet-traverse-for-sale-in-manila/2012-for-sale-aid6610581
chevrolet,https://philkotse.com/chevrolet-trailblazer-for-sale-in-baliuag/2018-for-sale-aid6609781
chevrolet,https://philkotse.com/chevrolet-trailblazer-for-sale-in-manila/2014-for-sale-aid6607911
chevrolet,https://philkotse.com/chevrolet-sonic-for-sale-in-manila/2013-for-sale-aid6607421
chevrolet,https://philkotse.com/chevrolet-trailblazer-for-sale-in-manila/2013-for-sale-aid6606701
chevrolet,https://philkotse.com/chevrolet-colorado-for-sale-in-manila/2015-for-sale-aid6606301
chevrolet,https://philkotse.com/chevrolet-trailblazer-for-sale-in-manila/2016-for-sale-aid6606271
