porsche,https://philkotse.com/porsche-911-carrera-4-for-sale-in-pasig/selling-blue-2001-coupe-in-aid6952452
porsche,https://philkotse.com/porsche-panamera-for-sale-in-paranaque/selling-silver-2010-in-aid7082041
porsche,https://philkotse.com/porsche-gt3-for-sale-in-quezon-city/2nd-hand-for-sale-in-aid7080061
porsche,https://philkotse.com/porsche-996-for-sale-in-naga367/1998-automatic-gasoline-for-sale-in-naga-aid7079211
porsche,https://philkotse.com/porsche-cayenne-for-sale-in-quezon-city/selling-2013-automatic-gasoline-in-aid7069901
porsche,https://philkotse.com/porsche-cayenne-for-sale-in-muntinlupa/2nd-hand-2016-automatic-gasoline-for-sale-in-aid7064571
porsche,https://philkotse.com/porsche-911-turbo-for-sale-in-quezon-city/brand-new-2003-for-sale-in-aid7064491
porsche,https://philkotse.com/porsche-911-for-sale-in-muntinlupa/selling-orange-2005-automatic-gasoline-at-39000-km-in-aid7062371
porsche,https://philkotse.com/porsche-911-for-sale-in-pasig/sell-blue-2001-manual-in-gasoline-at-37000-km-in-aid7061691
porsche,https://philkotse.com/porsche-cayenne-for-sale-in-quezon-city/selling-2nd-hand-2012-in-aid7053121
porsche,https://philkotse.com/porsche-911-turbo-for-sale-in-makati/2nd-hand-911-automatic-gasoline-for-sale-in-aid7051511
porsche,https://philkotse.com/porsche-cayenne-for-sale-in-muntinlupa/2nd-hand-2016-at-19000-km-for-sale-in-aid7051481
porsche,https://philkotse.com/porsche-macan-for-sale-in-quezon-city/silver-2016-at-13101-km-for-sale-aid7047931
porsche,https://philkotse.com/porsche-911-for-sale-in-quezon-city/white-2019-for-sale-automatic-aid7047271
porsche,https://philkotse.com/porsche-cayenne-for-sale-in-manila/yellow-2012-at-14000-km-for-sale-aid7046471
porsche,https://philkotse.com/porsche-macan-for-sale-in-valenzuela/2nd-hand-2018-at-4000-km-for-sale-aid7042631
porsche,https://philkotse.com/porsche-cayman-for-sale-in-manila/silver-2015-at-50000-km-for-sale-aid7039311
porsche,https://philkotse.com/porsche-macan-for-sale-in-manila/selling-2nd-hand-2018-in-aid7031891
porsche,https://philkotse.com/porsche-cayenne-for-sale-in-pasig/selling-2nd-hand-2012-in-aid7027861
porsche,https://philkotse.com/porsche-cayman-for-sale-in-pasig/2014-for-sale-in-aid7022581
porsche,https://philkotse.com/porsche-911-carrera-for-sale-in-quezon-city/2nd-hand-carrera-2017-at-5000-km-for-sale-aid7022021
porsche,https://philkotse.com/porsche-boxster-for-sale-in-quezon-city/2010-automatic-gasoline-for-sale-in-aid7022011
porsche,https://philkotse.com/porsche-macan-for-sale-in-las-pinas/2016-automatic-gasoline-for-sale-in-las-pias-aid7015771
porsche,https://philkotse.com/porsche-911-carrera-for-sale-in-quezon-city/sell-used-2017-automatic-gasoline-in-aid7009291
porsche,https://philkotse.com/porsche-911-carrera-for-sale-in-quezon-city/selling-2017-automatic-gasoline-in-aid6984791
porsche,https://philkotse.com/porsche-cayman-for-sale-in-pasig/selling-2014-automatic-gasoline-at-10000-km-in-aid6982961
porsche,https://philkotse.com/porsche-911-carrera-for-sale-in-pasig/blue-2001-coupe-at-37000-km-for-sale-in-city-aid6977421
porsche,https://philkotse.com/porsche-macan-for-sale-in-quezon-city/sell-black-2016-in-aid6977311
porsche,https://philkotse.com/porsche-cayenne-for-sale-in-mandaluyong/2004-automatic-gasoline-for-sale-in-aid6975231
porsche,https://philkotse.com/porsche-boxster-for-sale-in-pasay/2014-for-sale-in-aid6965401
porsche,https://philkotse.com/porsche-boxster-for-sale-in-quezon-city/2nd-hand-2015-convertible-for-sale-in-aid6962971
porsche,https://philkotse.com/porsche-911-turbo-for-sale-in-quezon-city/2016-automatic-gasoline-for-sale-in-aid6959471
porsche,https://philkotse.com/porsche-boxster-for-sale-in-paranaque/selling-2nd-hand-2009-automatic-gasoline-at-37000-km-in-paraaque-aid6955241
porsche,https://philkotse.com/porsche-boxster-for-sale-in-makati/1997-automatic-gasoline-for-sale-in-aid6953651
porsche,https://philkotse.com/porsche-boxster-for-sale-in-muntinlupa/sell-2nd-hand-2010-automatic-gasoline-at-17000-km-in-aid6952701
porsche,https://philkotse.com/porsche-boxster-for-sale-in-quezon-city/2nd-hand-2018-at-5500-km-for-sale-aid6952651
porsche,https://philkotse.com/porsche-cayenne-for-sale-in-manila/sell-2nd-hand-at-58000-km-in-aid6944041
porsche,https://philkotse.com/porsche-911-for-sale-in-pasig/selling-2008-convertible-for-sale-in-aid6943981
porsche,https://philkotse.com/porsche-cayenne-for-sale-in-makati/2nd-hand-2017-for-sale-in-aid6943711
porsche,https://philkotse.com/porsche-cayenne-for-sale-in-makati/selling-2018-automatic-gasoline-in-aid6942471
porsche,https://philkotse.com/porsche-cayenne-for-sale-in-quezon-city/sell-blue-2011-at-automatic-diesel-at-36000-km-in-aid6853481
porsche,https://philkotse.com/porsche-macan-for-sale-in-quezon-city/selling-silver-2016-automatic-gasoline-at-13101-km-in-aid6853191
porsche,https://philkotse.com/porsche-cayenne-for-sale-in-manila/grey-2006-at-65000-km-for-sale-aid6846021
porsche,https://philkotse.com/porsche-boxster-for-sale-in-quezon-city/1997-at-for-sale-aid6701951
porsche,https://philkotse.com/porsche-gt3-for-sale-in-quezon-city/2019-for-sale-aid6645041
porsche,https://philkotse.com/porsche-911-for-sale-in-manila/2019-for-sale-aid6632581
porsche,https://philkotse.com/porsche-911-for-sale-in-quezon-city/2019-for-sale-aid6623981
