mercedes-benz,https://philkotse.com/mercedes-benz-350-for-sale-in-makati/sell-used-2008-at-21000-km-in-aid7080652
mercedes-benz,https://philkotse.com/mercedes-benz-g-class-for-sale-in-quezon-city/brand-new-2018-for-sale-in-aid5244282
mercedes-benz,https://philkotse.com/mercedes-benz-glk-class-for-sale-in-pasig/2011-mercedez-benz-diesel-automatic-for-sale-aid7067442
mercedes-benz,https://philkotse.com/mercedes-benz-s-class-for-sale-in-quezon-city/2015-bulletproof-levelb6-at-1000-km-for-sale-aid6999182
mercedes-benz,https://philkotse.com/mercedes-benz-g-class-for-sale-in-quezon-city/2019-automatic-for-sale-aid6982612
mercedes-benz,https://philkotse.com/mercedes-benz-s-class-for-sale-in-manila/brand-new-2019-for-sale-in-aid6743622
mercedes-benz,https://philkotse.com/mercedes-benz-e-class-for-sale-in-san-fernando1200/selling-white-2000-in-pampanga-aid6891353
mercedes-benz,https://philkotse.com/mercedes-benz-g-class-for-sale-in-makati/selling-2018-at-1700-km-aid6891152
mercedes-benz,https://philkotse.com/mercedes-benz-560-for-sale-in-manila/brand-new-2019-for-sale-in-aid6757632
mercedes-benz,https://philkotse.com/mercedes-benz-200-for-sale-in-cagayan-de-oro/selling-2nd-hand-black-8-at-85000-km-aid6768262
mercedes-benz,https://philkotse.com/mercedes-benz-560-for-sale-in-makati/sell-brand-new-2019-in-aid6846252
mercedes-benz,https://philkotse.com/mercedes-benz-320-for-sale-in-pasig/2nd-hand-61000-km-for-sale-in-aid6740163
mercedes-benz,https://philkotse.com/mercedes-benz-c220-for-sale-in-pasig/2nd-hand-2002-at-51000-km-for-sale-in-aid6825212
mercedes-benz,https://philkotse.com/mercedes-benz-cls-class-for-sale-in-quezon-city/2018-c63-coupe-amg-for-sale-aid6222372
mercedes-benz,https://philkotse.com/mercedes-benz-sl-class-for-sale-in-lipa/2003-sl55-amg-for-sale-aid6772792
mercedes-benz,https://philkotse.com/mercedes-benz-e-class-for-sale-in-paranaque/e240-2002-for-sale-aid6778952
mercedes-benz,https://philkotse.com/mercedes-benz-c200-for-sale-in-las-pinas/2008-for-sale-aid6759973
mercedes-benz,https://philkotse.com/mercedes-benz-e-class-for-sale-in-san-fernando1200/2000-for-sale-aid6743203
mercedes-benz,https://philkotse.com/mercedes-benz-c200-for-sale-in-manila/2010-for-sale-aid6692253
mercedes-benz,https://philkotse.com/mercedes-benz-slk-class-for-sale-in-muntinlupa/slk-350-2013-for-sale-aid6652152
mercedes-benz,https://philkotse.com/mercedes-benz--for-sale-in-quezon-city/a-class-2013-automatic-gasoline-for-sale-in-aid7081721
mercedes-benz,https://philkotse.com/mercedes-benz-350-for-sale-in-las-pinas/2nd-hand-2005-automatic-gasoline-for-sale-in-las-pias-aid7079651
mercedes-benz,https://philkotse.com/mercedes-benz-200-for-sale-in-pasig/2016-automatic-gasoline-for-sale-in-aid7076041
mercedes-benz,https://philkotse.com/mercedes-benz-220-for-sale-in-pasig/2011-at-27000-km-for-sale-aid7074741
mercedes-benz,https://philkotse.com/mercedes-benz-c200-for-sale-in-bacoor/2nd-hand-2017-at-13000-km-for-sale-aid7073781
mercedes-benz,https://philkotse.com/mercedes-benz-220-for-sale-in-manila/selling-2011-at-26000-km-in-aid7073401
mercedes-benz,https://philkotse.com/mercedes-benz-560-for-sale-in-quezon-city/black-2016-at-7000-km-for-sale-in-aid7061531
mercedes-benz,https://philkotse.com/mercedes-benz--for-sale-in-manila/2nd-hand-a-class-2014-for-sale-in-aid7061331
mercedes-benz,https://philkotse.com/mercedes-benz-350-for-sale-in-muntinlupa/sell-black-2010-automatic-gasoline-at-48000-km-aid7060531
mercedes-benz,https://philkotse.com/mercedes-benz-sprinter-for-sale-in-quezon-city/selling-2nd-hand-2016-van-manual-diesel-at-10000-km-in-aid7059621
mercedes-benz,https://philkotse.com/mercedes-benz-c200-for-sale-in-manila/2002-for-sale-in-aid7059501
mercedes-benz,https://philkotse.com/mercedes-benz-230-for-sale-in-manila/1992-for-sale-in-aid7058411
mercedes-benz,https://philkotse.com/mercedes-benz-c200-for-sale-in-quezon-city/sell-2nd-hand-2011-at-46000-km-in-aid7056621
mercedes-benz,https://philkotse.com/mercedes-benz-300-for-sale-in-manila/2019-automatic-gasoline-for-sale-in-aid7056451
mercedes-benz,https://philkotse.com/mercedes-benz-200-for-sale-in-pasig/2016-automatic-gasoline-for-sale-in-aid7052091
mercedes-benz,https://philkotse.com/mercedes-benz-cls-class-for-sale-in-cebu-city/selling-2016-automatic-gasoline-in-aid7050871
mercedes-benz,https://philkotse.com/mercedes-benz-g-class-for-sale-in-quezon-city/sell-white-2019-aid7047261
mercedes-benz,https://philkotse.com/mercedes-benz-g-class-for-sale-in-quezon-city/black-2019-for-sale-aid7047251
mercedes-benz,https://philkotse.com/mercedes-benz-c200-for-sale-in-paranaque/blue-2002-for-sale-automatic-aid7047031
mercedes-benz,https://philkotse.com/mercedes-benz-300-for-sale-in-pasig/2nd-hand-2010-automatic-gasoline-for-sale-in-aid7046071
mercedes-benz,https://philkotse.com/mercedes-benz-280-for-sale-in-quezon-city/selling-2nd-hand-2009-at-00-km-in-aid7044121
mercedes-benz,https://philkotse.com/mercedes-benz-200-for-sale-in-pasig/2nd-hand-2016-at-16000-km-for-sale-in-aid7043041
mercedes-benz,https://philkotse.com/mercedes-benz-c200-for-sale-in-pasig/sell-2nd-hand-2014-at-14000-km-in-aid7040531
mercedes-benz,https://philkotse.com/mercedes-benz-200-for-sale-in-muntinlupa/2nd-hand-1975-manual-gasoline-for-sale-in-aid7030521
mercedes-benz,https://philkotse.com/mercedes-benz-320-for-sale-in-santa-rosa796/selling-2nd-hand-in-santa-rosa-aid7028011
mercedes-benz,https://philkotse.com/mercedes-benz-200-for-sale-in-quezon-city/selling-2nd-hand-9-in-aid7025481
mercedes-benz,https://philkotse.com/mercedes-benz-180-for-sale-in-makati/2nd-hand-2018-automatic-diesel-for-sale-in-aid7024231
mercedes-benz,https://philkotse.com/mercedes-benz-280-for-sale-in-quezon-city/selling-2nd-hand-1974-in-aid7021981
mercedes-benz,https://philkotse.com/mercedes-benz-320-for-sale-in-muntinlupa/2nd-hand-2001-convertible-for-sale-in-aid7021481
mercedes-benz,https://philkotse.com/mercedes-benz-560-for-sale-in-paranaque/automatic-gasoline-for-sale-in-paraaque-aid7017581
mercedes-benz,https://philkotse.com/mercedes-benz-190-for-sale-in-angeles/1986-automatic-diesel-for-sale-in-aid7017281
mercedes-benz,https://philkotse.com/mercedes-benz-cls-class-for-sale-in-quezon-city/sell-2nd-hand-2007-automatic-gasoline-at-10000-km-in-aid7012941
mercedes-benz,https://philkotse.com/mercedes-benz-320-for-sale-in-pasig/selling-2nd-hand-1999-in-aid7012921
mercedes-benz,https://philkotse.com/mercedes-benz-200-for-sale-in-pasig/selling-2nd-hand-2016-in-aid7012901
mercedes-benz,https://philkotse.com/mercedes-benz-220-for-sale-in-bacoor/black-2013-automatic-diesel-for-sale-aid7011531
mercedes-benz,https://philkotse.com/mercedes-benz-c200-for-sale-in-quezon-city/2011-for-sale-in-aid7010561
mercedes-benz,https://philkotse.com/mercedes-benz--for-sale-in-pasig/ml-class-2013-automatic-diesel-for-sale-in-aid7009741
mercedes-benz,https://philkotse.com/mercedes-benz-slk-class-for-sale-in-muntinlupa/sell-silver-2001-convertible-at-53000-km-in-aid7001451
mercedes-benz,https://philkotse.com/mercedes-benz-c200-for-sale-in-manila/black-2007-automatic-gasoline-for-sale-aid7000811
mercedes-benz,https://philkotse.com/mercedes-benz-glk-class-for-sale-in-bacoor/selling-2nd-hand-2013-in-aid7000271
mercedes-benz,https://philkotse.com/mercedes-benz-gla-for-sale-in-pasig/used-2015-for-sale-in-aid6997831
mercedes-benz,https://philkotse.com/mercedes-benz-c200-for-sale-in-quezon-city/2007-for-sale-in-aid6997551
mercedes-benz,https://philkotse.com/mercedes-benz-sprinter-for-sale-in-las-pinas/selling-used-2010-van-automatic-diesel-in-las-pias-aid6986501
mercedes-benz,https://philkotse.com/mercedes-benz-c200-for-sale-in-quezon-city/selling-2014-in-aid6986301
mercedes-benz,https://philkotse.com/mercedes-benz-gla-for-sale-in-pasig/sell-2016-in-aid6984821
mercedes-benz,https://philkotse.com/mercedes-benz-glk-class-for-sale-in-mandaluyong/selling-2nd-hand-2013-in-aid6980841
mercedes-benz,https://philkotse.com/mercedes-benz-230-for-sale-in-paranaque/selling-2nd-hand-1999-at-76000-km-in-paraaque-aid6977771
mercedes-benz,https://philkotse.com/mercedes-benz-c200-for-sale-in-quezon-city/sell-silver-2015-in-aid6977541
mercedes-benz,https://philkotse.com/mercedes-benz-300-for-sale-in-paranaque/2019-for-sale-in-city-aid6977491
mercedes-benz,https://philkotse.com/mercedes-benz-350-for-sale-in-manila/2nd-hand-2018-for-sale-in-aid6977361
mercedes-benz,https://philkotse.com/mercedes-benz-c200-for-sale-in-quezon-city/sell-used-2015-at-40000-km-in-aid6973921
mercedes-benz,https://philkotse.com/mercedes-benz-gla-for-sale-in-pasig/selling-2016-in-aid6972641
mercedes-benz,https://philkotse.com/mercedes-benz-c200-for-sale-in-baguio/selling-2012-at-18000-km-in-aid6965801
mercedes-benz,https://philkotse.com/mercedes-benz-c200-for-sale-in-makati/2016-automatic-gasoline-for-sale-in-aid6964191
mercedes-benz,https://philkotse.com/mercedes-benz-s-class-for-sale-in-pasig/2nd-hand-2010-automatic-gasoline-for-sale-in-aid6964041
mercedes-benz,https://philkotse.com/mercedes-benz-220-for-sale-in-quezon-city/selling-2011-automatic-diesel-in-aid6958121
mercedes-benz,https://philkotse.com/mercedes-benz-230-for-sale-in-dumaguete/2nd-hand-2000-at-40000-km-for-sale-in-aid6952951
mercedes-benz,https://philkotse.com/mercedes-benz-230-for-sale-in-muntinlupa/1998-for-sale-in-aid6952751
mercedes-benz,https://philkotse.com/mercedes-benz-c200-for-sale-in-cainta/selling-2nd-hand-2009-in-aid6951871
mercedes-benz,https://philkotse.com/mercedes-benz-500-for-sale-in-manila/2016-for-sale-in-aid6951781
mercedes-benz,https://philkotse.com/mercedes-benz-230-for-sale-in-muntinlupa/2nd-hand-1998-at-110000-km-for-sale-aid6948991
mercedes-benz,https://philkotse.com/mercedes-benz-c200-for-sale-in-muntinlupa/2nd-hand-2011-for-sale-in-aid6947141
mercedes-benz,https://philkotse.com/mercedes-benz-260-for-sale-in-pasig/automatic-gasoline-for-sale-in-aid6945531
mercedes-benz,https://philkotse.com/mercedes-benz-320-for-sale-in-marikina/1999-for-sale-in-aid6942581
mercedes-benz,https://philkotse.com/mercedes-benz-200-for-sale-in-makati/sell-2nd-hand-2017-at-23000-km-in-aid6939841
mercedes-benz,https://philkotse.com/mercedes-benz-c200-for-sale-in-quezon-city/blue-2002-for-sale-automatic-aid6900511
mercedes-benz,https://philkotse.com/mercedes-benz-c200-for-sale-in-muntinlupa/selling-grey-2009-at-68000-km-for-sale-in-aid6805961
mercedes-benz,https://philkotse.com/mercedes-benz-slk-class-for-sale-in-makati/2001-for-sale-aid6784521
mercedes-benz,https://philkotse.com/mercedes-benz-glk-class-for-sale-in-quezon-city/glk-220-2014-for-sale-aid6713021
mercedes-benz,https://philkotse.com/mercedes-benz-c200-for-sale-in-las-pinas/2008-for-sale-aid6666771
mercedes-benz,https://philkotse.com/mercedes-benz-gl-class-for-sale-in-valenzuela/2017-for-sale-aid6623441
mercedes-benz,https://philkotse.com/mercedes-benz--for-sale-in-manila/c-class-2015-for-sale-aid6613391
mercedes-benz,https://philkotse.com/mercedes-benz-slk-class-for-sale-in-quezon-city/2002-for-sale-aid6613381
mercedes-benz,https://philkotse.com/mercedes-benz-180-for-sale-in-valenzuela/2018-for-sale-aid6613371
mercedes-benz,https://philkotse.com/mercedes-benz-s-class-for-sale-in-quezon-city/2017-for-sale-aid6613321
mercedes-benz,https://philkotse.com/mercedes-benz-g-class-for-sale-in-manila/2014-for-sale-aid6613041
mercedes-benz,https://philkotse.com/mercedes-benz-230-for-sale-in-santa-rosa796/1999-for-sale-aid6612491
mercedes-benz,https://philkotse.com/mercedes-benz-gtr-for-sale-in-manila/2018-automatic-gasoline-p18000000-aid6612341
mercedes-benz,https://philkotse.com/mercedes-benz-230-for-sale-in-manila/1997-for-sale-aid6611521
