subaru,https://philkotse.com/subaru-impreza-wrx-sti-for-sale-in-manila/white-2008-for-sale-in-aid7082912
subaru,https://philkotse.com/subaru-forester-for-sale-in-quezon-city/blue-2011-at-77000-km-for-sale-aid7082122
subaru,https://philkotse.com/subaru-wrx-sti-for-sale-in-quezon-city/pearl-white-2015-at-14000-km-for-sale-aid7068402
subaru,https://philkotse.com/subaru-outback-for-sale-in-quezon-city/used-2017-for-sale-in-aid6667992
subaru,https://philkotse.com/subaru-wrx-sti-for-sale-in-quezon-city/used-2015-at-14000-km-for-sale-aid7049393
subaru,https://philkotse.com/subaru-impreza-wrx-sti-for-sale-in-marikina/blue-2003-at-65000-km-for-sale-aid7041562
subaru,https://philkotse.com/subaru-xv-for-sale-in-quezon-city/blue-2013-for-sale-in-aid7038853
subaru,https://philkotse.com/subaru-forester-for-sale-in-makati/white-2013-for-sale-in-aid7027942
subaru,https://philkotse.com/subaru-impreza-for-sale-in-taguig/sell-used-2010-sedan-in-aid7018202
subaru,https://philkotse.com/subaru-impreza-for-sale-in-cabuyao/used-2008-at-53000-km-for-sale-aid6602872
subaru,https://philkotse.com/subaru-wrx-sti-for-sale-in-taguig/blue-2014-for-sale-in-aid6956412
subaru,https://philkotse.com/subaru-xv-for-sale-in-makati/2nd-hand-2013-for-sale-in-aid6982462
subaru,https://philkotse.com/subaru-wrx-for-sale-in-angeles/for-sale-2018-at-5560-km-aid6976813
subaru,https://philkotse.com/subaru-legacy-for-sale-in-quezon-city/blue-2000-at-110000-km-for-sale-aid6934962
subaru,https://philkotse.com/subaru-wrx-for-sale-in-pasig/2nd-hand-blue-2017-at-5000-km-for-sale-in-aid6852762
subaru,https://philkotse.com/subaru-forester-for-sale-in-dumaguete/selling-used-2018-at-2600-km-aid6569382
subaru,https://philkotse.com/subaru-forester-for-sale-in-cainta/selling-brand-new-2019-diesel-automatic-aid6593653
subaru,https://philkotse.com/subaru-wrx-sti-for-sale-in-quezon-city/2nd-hand-2018-13000-km-for-sale-in-aid6849692
subaru,https://philkotse.com/subaru-forester-for-sale-in-taguig/2014-for-sale-in-aid6816942
subaru,https://philkotse.com/subaru-wrx-for-sale-in-carmona/white-2014-at-25475-km-for-sale-aid6832192
subaru,https://philkotse.com/subaru-forester-for-sale-in-las-pinas/2013-xt-turbo-automatic-casa-maintained-aid6840302
subaru,https://philkotse.com/subaru-forester-for-sale-in-taguig/2018-for-sale-aid6806113
subaru,https://philkotse.com/subaru-wrx-for-sale-in-batangas-city/2015-at-for-sale-aid6693612
subaru,https://philkotse.com/subaru-outback-for-sale-in-cainta/36-cvt-2018-for-sale-aid6593673
subaru,https://philkotse.com/subaru-xv-for-sale-in-cainta/2019-new-for-sale-aid6639243
subaru,https://philkotse.com/subaru-forester-for-sale-in-cainta/xt-20-2019-for-sale-aid6639323
subaru,https://philkotse.com/subaru-impreza-for-sale-in-taguig/2017-for-sale-aid6614362
subaru,https://philkotse.com/subaru-impreza-for-sale-in-cabuyao/2008-for-sale-aid6602753
subaru,https://philkotse.com/subaru-wrx-for-sale-in-manila/selling-2015-manual-gasoline-in-aid7081771
subaru,https://philkotse.com/subaru-forester-for-sale-in-makati/selling-2015-automatic-gasoline-in-aid7081571
subaru,https://philkotse.com/subaru-forester-for-sale-in-quezon-city/2nd-hand-2018-automatic-gasoline-for-sale-in-aid7076121
subaru,https://philkotse.com/subaru-xv-for-sale-in-quezon-city/2nd-hand-2015-automatic-gasoline-for-sale-in-aid7075891
subaru,https://philkotse.com/subaru-forester-for-sale-in-quezon-city/selling-2nd-hand-2010-in-aid7075511
subaru,https://philkotse.com/subaru-forester-for-sale-in-dauin/2nd-hand-2018-at-2600-km-for-sale-aid7074401
subaru,https://philkotse.com/subaru-forester-for-sale-in-manila/selling-white-2013-automatic-gasoline-in-aid7074191
subaru,https://philkotse.com/subaru-forester-for-sale-in-mandaue/2nd-hand-2015-at-39000-km-for-sale-in-aid7071241
subaru,https://philkotse.com/subaru-xv-for-sale-in-paranaque/2nd-hand-2013-at-42000-km-for-sale-in-paraaque-aid7068071
subaru,https://philkotse.com/subaru-wrx-for-sale-in-batangas-city/2nd-hand-2015-at-12000-km-for-sale-aid7066471
subaru,https://philkotse.com/subaru-forester-for-sale-in-cebu-city/2nd-hand-2008-automatic-gasoline-for-sale-in-aid7066071
subaru,https://philkotse.com/subaru-legacy-for-sale-in-paranaque/selling-2017-at-8000-km-in-paraaque-aid7064851
subaru,https://philkotse.com/subaru-forester-for-sale-in-quezon-city/sell-2nd-hand-2015-automatic-gasoline-at-17000-km-in-aid7063981
subaru,https://philkotse.com/subaru-xv-for-sale-in-meycauayan/selling-2nd-hand-2015-in-aid7062921
subaru,https://philkotse.com/subaru-forester-for-sale-in-pasay/selling-2015-automatic-gasoline-in-aid7062811
subaru,https://philkotse.com/subaru-forester-for-sale-in-kawit/2012-for-sale-in-aid7060501
subaru,https://philkotse.com/subaru-impreza-for-sale-in-quezon-city/like-new-2009-for-sale-in-aid7060221
subaru,https://philkotse.com/subaru-xv-for-sale-in-taguig/selling-2013-at-80000-km-in-aid7060141
subaru,https://philkotse.com/subaru-forester-for-sale-in-quezon-city/2nd-hand-2007-at-100000-km-for-sale-in-aid7060111
subaru,https://philkotse.com/subaru-forester-for-sale-in-antipolo/selling-2013-automatic-gasoline-in-aid7059771
subaru,https://philkotse.com/subaru-forester-for-sale-in-las-pinas/sell-2nd-hand-2012-automatic-gasoline-at-62000-km-in-las-pias-aid7059691
subaru,https://philkotse.com/subaru-forester-for-sale-in-antipolo/selling-2nd-hand-2010-in-aid7059421
subaru,https://philkotse.com/subaru-forester-for-sale-in-paranaque/2nd-hand-2004-at-119000-km-for-sale-aid7058811
subaru,https://philkotse.com/subaru-forester-for-sale-in-cainta/2nd-hand-2007-for-sale-in-aid7057601
subaru,https://philkotse.com/subaru-forester-for-sale-in-marikina/selling-2nd-hand-2015-in-aid7057581
subaru,https://philkotse.com/subaru-xv-for-sale-in-quezon-city/selling-2nd-hand-2016-at-25000-km-in-aid7057511
subaru,https://philkotse.com/subaru-wrx-for-sale-in-pasig/sell-2nd-hand-2014-at-20000-km-in-aid7056761
subaru,https://philkotse.com/subaru-wrx-for-sale-in-manila/2017-for-sale-in-aid7056421
subaru,https://philkotse.com/subaru-impreza-wrx-for-sale-in-quezon-city/grey-2011-hatchback-manual-gasoline-for-sale-in-aid7054051
subaru,https://philkotse.com/subaru-xv-for-sale-in-makati/2nd-hand-2012-for-sale-in-aid7053401
subaru,https://philkotse.com/subaru-outback-for-sale-in-pasig/selling-2016-automatic-gasoline-in-aid7052351
subaru,https://philkotse.com/subaru-forester-for-sale-in-pasay/2nd-hand-2016-for-sale-in-aid7052191
subaru,https://philkotse.com/subaru-forester-for-sale-in-antipolo/selling-2nd-hand-2012-at-62000-km-in-aid7050831
subaru,https://philkotse.com/subaru-forester-for-sale-in-makati/2nd-hand-2014-for-sale-in-aid7050321
subaru,https://philkotse.com/subaru-wrx-sti-for-sale-in-quezon-city/selling-2015-manual-gasoline-in-aid7050301
subaru,https://philkotse.com/subaru-forester-for-sale-in-marikina/selling-2012-automatic-gasoline-in-aid7048611
subaru,https://philkotse.com/subaru-wrx-for-sale-in-makati/selling-2018-automatic-gasoline-in-aid7048491
subaru,https://philkotse.com/subaru-forester-for-sale-in-dasmarinas/automatic-gasoline-for-sale-in-dasmarias-aid7048451
subaru,https://philkotse.com/subaru-forester-for-sale-in-mandaluyong/2nd-hand-2003-automatic-gasoline-for-sale-in-aid7048091
subaru,https://philkotse.com/subaru-forester-for-sale-in-quezon-city/silver-2014-automatic-gasoline-for-sale-in-aid7047641
subaru,https://philkotse.com/subaru-impreza-for-sale-in-manila/selling-2019-automatic-gasoline-in-aid7047321
subaru,https://philkotse.com/subaru-levorg-for-sale-in-manila/selling-2019-automatic-gasoline-in-aid7047311
subaru,https://philkotse.com/subaru-wrx-for-sale-in-manila/2019-automatic-gasoline-for-sale-in-aid7047301
subaru,https://philkotse.com/subaru-xv-for-sale-in-manila/2019-automatic-gasoline-for-sale-in-aid7047291
subaru,https://philkotse.com/subaru-wrx-for-sale-in-quezon-city/2nd-hand-2018-for-sale-in-aid7045951
subaru,https://philkotse.com/subaru-wrx-for-sale-in-pasig/selling-2014-at-20000-km-in-aid7045841
subaru,https://philkotse.com/subaru-xv-for-sale-in-mandaluyong/selling-2nd-hand-2012-in-aid7044601
subaru,https://philkotse.com/subaru-forester-for-sale-in-manila/sell-2nd-hand-2016-at-34000-km-in-aid7044521
subaru,https://philkotse.com/subaru-forester-for-sale-in-antipolo/sell-2nd-hand-2015-automatic-gasoline-at-30000-km-in-aid7044141
subaru,https://philkotse.com/subaru-wrx-for-sale-in-marikina/2016-for-sale-in-aid7043961
subaru,https://philkotse.com/subaru-forester-for-sale-in-makati/selling-2nd-hand-2013-in-aid7042941
subaru,https://philkotse.com/subaru-forester-for-sale-in-makati/selling-2015-automatic-gasoline-in-aid7041211
subaru,https://philkotse.com/subaru-wrx-for-sale-in-manila/2014-for-sale-in-aid7040161
subaru,https://philkotse.com/subaru-forester-for-sale-in-las-pinas/selling-2nd-hand-2014-automatic-gasoline-at-43000-km-in-las-pias-aid7040011
subaru,https://philkotse.com/subaru-forester-for-sale-in-manila/selling-2016-in-aid7039401
subaru,https://philkotse.com/subaru-xv-for-sale-in-quezon-city/selling-2013-at-40000-km-in-aid7038581
subaru,https://philkotse.com/subaru-forester-for-sale-in-makati/2nd-hand-2012-automatic-gasoline-for-sale-in-aid7038031
subaru,https://philkotse.com/subaru-forester-for-sale-in-makati/2nd-hand-2015-automatic-gasoline-for-sale-in-aid7036501
subaru,https://philkotse.com/subaru-levorg-for-sale-in-manila/red-2017-at-18000-km-for-sale-aid7036411
subaru,https://philkotse.com/subaru-brz-for-sale-in-marikina/selling-2nd-hand-br-z-2014-manual-gasoline-at-30000-km-in-aid7034781
subaru,https://philkotse.com/subaru-legacy-for-sale-in-paranaque/2nd-hand-2010-for-sale-in-paraaque-aid7033531
subaru,https://philkotse.com/subaru-forester-for-sale-in-quezon-city/selling-2014-at-100000-km-in-aid7033211
subaru,https://philkotse.com/subaru-impreza-wrx-sti-for-sale-in-dumaguete/1998-for-sale-in-aid7031911
subaru,https://philkotse.com/subaru-forester-for-sale-in-makati/selling-2015-automatic-gasoline-in-aid7030821
subaru,https://philkotse.com/subaru-forester-for-sale-in-quezon-city/2nd-hand-2011-at-40000-km-for-sale-aid7030591
subaru,https://philkotse.com/subaru-xv-for-sale-in-quezon-city/sell-2nd-hand-2013-at-40000-km-in-aid7030411
subaru,https://philkotse.com/subaru-forester-for-sale-in-pasig/2nd-hand-2014-at-50000-km-for-sale-in-aid7030191
subaru,https://philkotse.com/subaru-forester-for-sale-in-makati/sell-2nd-hand-2013-at-42000-km-in-aid7030091
subaru,https://philkotse.com/subaru-forester-for-sale-in-makati/sell-2nd-hand-2015-at-45000-km-in-aid7028801
subaru,https://philkotse.com/subaru-forester-for-sale-in-pasig/selling-2010-automatic-gasoline-in-aid7028441
subaru,https://philkotse.com/subaru-brz-for-sale-in-mandaue/selling-2nd-hand-in-aid7027951
subaru,https://philkotse.com/subaru-forester-for-sale-in-marikina/2015-automatic-gasoline-for-sale-in-aid7027741
subaru,https://philkotse.com/subaru-forester-for-sale-in-makati/2nd-hand-2015-automatic-gasoline-for-sale-in-aid7027281
subaru,https://philkotse.com/subaru-forester-for-sale-in-makati/2nd-hand-2012-at-62000-km-for-sale-in-aid7026911
subaru,https://philkotse.com/subaru-xv-for-sale-in-paranaque/2013-automatic-gasoline-for-sale-in-paraaque-aid7026821
subaru,https://philkotse.com/subaru-forester-for-sale-in-pasig/selling-2nd-hand-2014-automatic-gasoline-at-35000-km-in-aid7026011
subaru,https://philkotse.com/subaru-forester-for-sale-in-quezon-city/2nd-hand-2013-at-60000-km-for-sale-aid7025761
subaru,https://philkotse.com/subaru-forester-for-sale-in-quezon-city/selling-2nd-hand-2015-in-aid7025221
subaru,https://philkotse.com/subaru-wrx-for-sale-in-quezon-city/sell-brand-new-2019-manual-gasoline-in-aid7024861
subaru,https://philkotse.com/subaru-forester-for-sale-in-cebu-city/2nd-hand-2009-for-sale-in-aid7023771
subaru,https://philkotse.com/subaru-forester-for-sale-in-taguig/2nd-hand-2013-automatic-gasoline-for-sale-in-aid7023731
subaru,https://philkotse.com/subaru-forester-for-sale-in-makati/selling-2nd-hand-2012-at-71000-km-in-aid7022491
subaru,https://philkotse.com/subaru-wrx-for-sale-in-valenzuela/sell-2nd-hand-2015-at-30000-km-in-aid7022431
subaru,https://philkotse.com/subaru-impreza-for-sale-in-san-fernando1200/selling-2009-manual-gasoline-in-san-fernando-aid7022381
subaru,https://philkotse.com/subaru-forester-for-sale-in-kawit/selling-2013-automatic-gasoline-in-aid7022361
subaru,https://philkotse.com/subaru-wrx-for-sale-in-paranaque/2nd-hand-2017-for-sale-in-paraaque-aid7022241
subaru,https://philkotse.com/subaru-forester-for-sale-in-antipolo/2012-automatic-gasoline-for-sale-in-aid7020811
subaru,https://philkotse.com/subaru-forester-for-sale-in-makati/selling-2nd-hand-2013-in-aid7020741
subaru,https://philkotse.com/subaru-outback-for-sale-in-quezon-city/selling-2nd-hand-2019-automatic-gasoline-at-3000-km-in-aid7019411
subaru,https://philkotse.com/subaru-forester-for-sale-in-manila/selling-2nd-hand-2011-automatic-gasoline-at-40000-km-in-aid7019341
subaru,https://philkotse.com/subaru-xv-for-sale-in-las-pinas/selling-2014-automatic-gasoline-in-las-pias-aid7019221
subaru,https://philkotse.com/subaru-forester-for-sale-in-mandaue/2014-automatic-gasoline-for-sale-in-aid7015931
subaru,https://philkotse.com/subaru-impreza-for-sale-in-san-juan/sell-2nd-hand-2009-automatic-gasoline-at-63000-km-in-aid7015891
subaru,https://philkotse.com/subaru-forester-for-sale-in-makati/2012-for-sale-in-aid7015661
subaru,https://philkotse.com/subaru-impreza-for-sale-in-dasmarinas/sell-2nd-hand-2008-hatchback-at-100000-km-in-dasmarias-aid7015431
subaru,https://philkotse.com/subaru-forester-for-sale-in-manila/selling-2015-automatic-gasoline-in-aid7015231
subaru,https://philkotse.com/subaru-forester-for-sale-in-makati/selling-2012-automatic-gasoline-in-aid7015041
subaru,https://philkotse.com/subaru-forester-for-sale-in-makati/selling-2012-automatic-gasoline-in-aid7014391
subaru,https://philkotse.com/subaru-legacy-for-sale-in-pasay/selling-2nd-hand-1997-in-aid7013011
subaru,https://philkotse.com/subaru-xv-for-sale-in-pasig/2014-automatic-gasoline-for-sale-in-city-aid7012431
subaru,https://philkotse.com/subaru-forester-for-sale-in-taytay/2014-automatic-gasoline-for-sale-in-aid7010671
subaru,https://philkotse.com/subaru-wrx-for-sale-in-paranaque/2017-for-sale-in-paraaque-aid7010171
subaru,https://philkotse.com/subaru-forester-for-sale-in-manila/selling-2012-automatic-gasoline-in-aid7007231
subaru,https://philkotse.com/subaru-forester-for-sale-in-san-juan/selling-2011-automatic-gasoline-in-aid7007001
subaru,https://philkotse.com/subaru-forester-for-sale-in-paranaque/used-2013-for-sale-in-paraaque-aid7007011
subaru,https://philkotse.com/subaru-forester-for-sale-in-makati/selling-2nd-hand-2013-in-aid7006861
subaru,https://philkotse.com/subaru-forester-for-sale-in-manila/selling-2018-automatic-gasoline-aid7005611
subaru,https://philkotse.com/subaru-forester-for-sale-in-manila/selling-2011-at-45212-km-aid7005311
subaru,https://philkotse.com/subaru-forester-for-sale-in-pasig/selling-used-2014-in-aid7004291
subaru,https://philkotse.com/subaru-forester-for-sale-in-makati/2013-for-sale-in-aid7004111
subaru,https://philkotse.com/subaru-outback-for-sale-in-quezon-city/selling-2nd-hand-2017-in-aid7003691
subaru,https://philkotse.com/subaru-xv-for-sale-in-pasig/brand-new-for-sale-in-aid7003521
subaru,https://philkotse.com/subaru-wrx-for-sale-in-paranaque/2017-automatic-gasoline-for-sale-in-paraaque-aid7003241
subaru,https://philkotse.com/subaru-forester-for-sale-in-quezon-city/2nd-hand-2014-for-sale-in-aid7002531
subaru,https://philkotse.com/subaru-forester-for-sale-in-makati/selling-2nd-hand-2013-in-aid7002541
subaru,https://philkotse.com/subaru-xv-for-sale-in-makati/2nd-hand-2013-for-sale-in-aid7002431
subaru,https://philkotse.com/subaru-forester-for-sale-in-san-pedro/selling-2012-at-90000-km-in-aid7002371
subaru,https://philkotse.com/subaru-forester-for-sale-in-paranaque/selling-2nd-hand-2016-automatic-gasoline-in-paraaque-aid7002381
subaru,https://philkotse.com/subaru-forester-for-sale-in-makati/selling-2nd-hand-2013-in-aid7001881
subaru,https://philkotse.com/subaru-legacy-for-sale-in-quezon-city/selling-2012-for-sale-in-aid7001521
subaru,https://philkotse.com/subaru-forester-for-sale-in-manila/brand-new-2019-for-sale-in-aid7000291
subaru,https://philkotse.com/subaru-forester-for-sale-in-manila/white-2013-for-sale-in-aid7000261
subaru,https://philkotse.com/subaru-forester-for-sale-in-manila/sell-white-2011-in-aid7000211
subaru,https://philkotse.com/subaru-forester-for-sale-in-taguig/2017-automatic-gasoline-for-sale-in-aid6999191
subaru,https://philkotse.com/subaru-forester-for-sale-in-taguig/used-2013-at-60000-km-for-sale-in-aid6998591
subaru,https://philkotse.com/subaru-forester-for-sale-in-silang/selling-2013-automatic-gasoline-in-aid6995481
subaru,https://philkotse.com/subaru-xv-for-sale-in-san-mateo/2013-automatic-gasoline-for-sale-in-aid6995131
subaru,https://philkotse.com/subaru-wrx-for-sale-in-quezon-city/red-2018-for-sale-in-aid6994981
subaru,https://philkotse.com/subaru-forester-for-sale-in-manila/2018-for-sale-in-aid6994001
subaru,https://philkotse.com/subaru-forester-for-sale-in-pasig/2014-for-sale-in-aid6993781
subaru,https://philkotse.com/subaru-forester-for-sale-in-cagayan-de-oro/2013-automatic-gasoline-for-sale-in-aid6993331
subaru,https://philkotse.com/subaru-legacy-for-sale-in-pasig/2010-automatic-gasoline-for-sale-in-aid6993301
subaru,https://philkotse.com/subaru-legacy-for-sale-in-quezon-city/sell-used-2012-at-70000-km-in-aid6991991
subaru,https://philkotse.com/subaru-brz-for-sale-in-quezon-city/selling-2nd-hand-2018-in-aid6990561
subaru,https://philkotse.com/subaru-forester-for-sale-in-quezon-city/2011-for-sale-in-aid6990131
subaru,https://philkotse.com/subaru-xv-for-sale-in-makati/sell-2nd-hand-2012-at-50000-km-in-aid6989811
subaru,https://philkotse.com/subaru-forester-for-sale-in-makati/selling-2nd-hand-2013-automatic-gasoline-in-aid6989761
subaru,https://philkotse.com/subaru-outback-for-sale-in-quezon-city/selling-2017-in-aid6989671
subaru,https://philkotse.com/subaru-forester-for-sale-in-quezon-city/sell-2nd-hand-2015-automatic-gasoline-in-aid6989211
subaru,https://philkotse.com/subaru-forester-for-sale-in-las-pinas/selling-2010-in-las-pias-aid6989141
subaru,https://philkotse.com/subaru-legacy-for-sale-in-paranaque/selling-2010-automatic-gasoline-in-paraaque-aid6987321
subaru,https://philkotse.com/subaru-xv-for-sale-in-mandaue/selling-2nd-hand-2014-in-aid6986551
subaru,https://philkotse.com/subaru-xv-for-sale-in-pasig/brand-new-2019-for-sale-in-aid6986191
subaru,https://philkotse.com/subaru-xv-for-sale-in-manila/2012-automatic-gasoline-for-sale-in-aid6985931
subaru,https://philkotse.com/subaru-impreza-for-sale-in-pasig/sell-2nd-hand-2010-sedan-in-aid6984611
subaru,https://philkotse.com/subaru-forester-for-sale-in-makati/selling-2nd-hand-2012-automatic-gasoline-at-70000-km-in-aid6984221
subaru,https://philkotse.com/subaru-xv-for-sale-in-las-pinas/2nd-hand-2018-for-sale-in-las-pias-aid6983031
subaru,https://philkotse.com/subaru-forester-for-sale-in-san-mateo/selling-2nd-hand-2013-in-aid6982841
subaru,https://philkotse.com/subaru-forester-for-sale-in-mandaue/2013-automatic-gasoline-for-sale-in-aid6982801
subaru,https://philkotse.com/subaru-forester-for-sale-in-san-jose-del-monte/2013-automatic-gasoline-for-sale-in-aid6982061
subaru,https://philkotse.com/subaru-impreza-for-sale-in-cabuyao/sell-2008-hatchback-automatic-gasoline-at-60000-km-in-aid6981771
subaru,https://philkotse.com/subaru-legacy-for-sale-in-davao-city/selling-2nd-hand-2011-automatic-gasoline-in-aid6981161
subaru,https://philkotse.com/subaru-forester-for-sale-in-makati/sell-2nd-hand-2013-automatic-gasoline-in-aid6981031
subaru,https://philkotse.com/subaru-forester-for-sale-in-makati/2012-automatic-gasoline-for-sale-in-aid6980571
subaru,https://philkotse.com/subaru-forester-for-sale-in-makati/2013-for-sale-in-aid6980591
subaru,https://philkotse.com/subaru-wrx-for-sale-in-manila/2014-for-sale-in-aid6980431
subaru,https://philkotse.com/subaru-forester-for-sale-in-san-mateo/2012-automatic-gasoline-for-sale-in-aid6977791
subaru,https://philkotse.com/subaru-forester-for-sale-in-pasig/2011-for-sale-in-aid6976091
subaru,https://philkotse.com/subaru-brz-for-sale-in-quezon-city/selling-2nd-hand-2014-in-aid6976081
subaru,https://philkotse.com/subaru-wrx-for-sale-in-santa-rosa796/2nd-hand-2015-at-70000-km-for-sale-aid6974991
subaru,https://philkotse.com/subaru-brz-for-sale-in-mandaue/2013-automatic-gasoline-for-sale-in-aid6973851
subaru,https://philkotse.com/subaru-forester-for-sale-in-taguig/2011-automatic-gasoline-for-sale-in-aid6973721
subaru,https://philkotse.com/subaru-forester-for-sale-in-pasig/sell-2nd-hand-2014-automatic-gasoline-in-aid6973281
subaru,https://philkotse.com/subaru-xv-for-sale-in-makati/sell-2nd-hand-2013-automatic-gasoline-in-aid6972911
subaru,https://philkotse.com/subaru-forester-for-sale-in-quezon-city/selling-2nd-hand-2007-in-aid6972241
subaru,https://philkotse.com/subaru-forester-for-sale-in-quezon-city/selling-2014-at-60000-km-in-aid6971931
subaru,https://philkotse.com/subaru-wrx-for-sale-in-paranaque/selling-used-2017-in-paraaque-aid6970881
subaru,https://philkotse.com/subaru-outback-for-sale-in-pasig/brand-new-2019-for-sale-in-aid6970811
subaru,https://philkotse.com/subaru-xv-for-sale-in-mandaue/selling-used-2015-in-aid6970021
subaru,https://philkotse.com/subaru-forester-for-sale-in-marikina/selling-2011-automatic-gasoline-in-aid6969661
subaru,https://philkotse.com/subaru-forester-for-sale-in-manila/sell-blue-2012-at-62580-km-aid6967601
subaru,https://philkotse.com/subaru-forester-for-sale-in-marikina/selling-2nd-hand-2010-in-aid6966011
subaru,https://philkotse.com/subaru-forester-for-sale-in-mandaluyong/selling-2nd-hand-2014-in-aid6965421
subaru,https://philkotse.com/subaru-forester-for-sale-in-manila/2nd-hand-2014-su-at-30000-km-for-sale-aid6965311
subaru,https://philkotse.com/subaru-outback-for-sale-in-mandaue/selling-2nd-hand-2016-at-18000-km-in-aid6960881
subaru,https://philkotse.com/subaru-wrx-sti-for-sale-in-quezon-city/2016-manual-gasoline-for-sale-in-aid6957871
subaru,https://philkotse.com/subaru-brz-for-sale-in-manila/sell-pearl-white-2013-manual-gasoline-at-40000-km-in-aid6957721
subaru,https://philkotse.com/subaru-levorg-for-sale-in-taguig/2nd-hand-2016-automatic-gasoline-for-sale-in-aid6957481
subaru,https://philkotse.com/subaru-forester-for-sale-in-quezon-city/2nd-hand-2011-for-sale-in-aid6957331
subaru,https://philkotse.com/subaru-forester-for-sale-in-cebu-city/2nd-hand-2010-at-100000-km-for-sale-in-aid6956661
subaru,https://philkotse.com/subaru-forester-for-sale-in-mandaue/2nd-hand-2018-automatic-gasoline-for-sale-in-aid6956341
subaru,https://philkotse.com/subaru-wrx-for-sale-in-paranaque/sell-2nd-hand-2017-automatic-gasoline-at-8000-km-in-paraaque-aid6954741
subaru,https://philkotse.com/subaru-forester-for-sale-in-marilao/2nd-hand-2011-automatic-gasoline-for-sale-in-aid6954501
subaru,https://philkotse.com/subaru-forester-for-sale-in-quezon-city/2009-automatic-gasoline-for-sale-in-aid6953851
subaru,https://philkotse.com/subaru-impreza-for-sale-in-pasig/selling-2018-automatic-gasoline-in-aid6952491
subaru,https://philkotse.com/subaru-forester-for-sale-in-mandaue/2013-automatic-gasoline-for-sale-in-aid6951861
subaru,https://philkotse.com/subaru-forester-for-sale-in-manila/2nd-hand-2010-for-sale-in-aid6950481
subaru,https://philkotse.com/subaru-forester-for-sale-in-quezon-city/2nd-hand-2008-for-sale-in-aid6950331
subaru,https://philkotse.com/subaru-forester-for-sale-in-manila/2010-automatic-gasoline-for-sale-in-aid6950311
subaru,https://philkotse.com/subaru-forester-for-sale-in-marikina/2010-for-sale-in-aid6946611
subaru,https://philkotse.com/subaru-forester-for-sale-in-pasay/2nd-hand-2009-automatic-gasoline-for-sale-in-aid6944101
subaru,https://philkotse.com/subaru-wrx-sti-for-sale-in-taguig/sell-2nd-hand-2014-manual-gasoline-at-80000-km-in-aid6943571
subaru,https://philkotse.com/subaru-forester-for-sale-in-meycauayan/selling-2nd-hand-2013-in-aid6943221
subaru,https://philkotse.com/subaru-brz-for-sale-in-pasig/2019-for-sale-in-aid6942971
subaru,https://philkotse.com/subaru-wrx-sti-for-sale-in-binan/2014-manual-gasoline-for-sale-in-bian-aid6941851
subaru,https://philkotse.com/subaru-wrx-sti-for-sale-in-mandaue/2009-manual-gasoline-for-sale-in-aid6941641
subaru,https://philkotse.com/subaru-wrx-for-sale-in-pasig/selling-brand-new-2019-in-aid6941141
subaru,https://philkotse.com/subaru-forester-for-sale-in-pasig/2nd-hand-2014-automatic-gasoline-for-sale-in-aid6940671
subaru,https://philkotse.com/subaru-wrx-for-sale-in-pasig/2017-for-sale-in-aid6939731
subaru,https://philkotse.com/subaru-wrx-for-sale-in-quezon-city/2nd-hand-2015-automatic-gasoline-for-sale-in-aid6939721
subaru,https://philkotse.com/subaru-impreza-for-sale-in-lipa/gray-2013-for-sale-in-aid6939611
subaru,https://philkotse.com/subaru-xv-for-sale-in-makati/black-2012-automatic-for-sale-aid6914521
subaru,https://philkotse.com/subaru-xv-for-sale-in-quezon-city/selling-2014-at-24000-km-in-aid6900391
subaru,https://philkotse.com/subaru-impreza-for-sale-in-manila/blue-2015-sedan-manual-gasoline-for-sale-in-aid6849951
subaru,https://philkotse.com/subaru-forester-for-sale-in-cebu-city/selling-black-2009-automatic-gasoline-aid6845101
subaru,https://philkotse.com/subaru-xv-for-sale-in-makati/selling-2012-for-sale-in-aid6802981
subaru,https://philkotse.com/subaru-impreza-wrx-sti-for-sale-in-quezon-city/white-2008-manual-gasoline-for-sale-in-aid6802191
subaru,https://philkotse.com/subaru-forester-for-sale-in-pasig/selling-red-2009-at-98000-km-in-aid6784221
subaru,https://philkotse.com/subaru-forester-for-sale-in-pasig/for-sale-2003-in-aid6784171
subaru,https://philkotse.com/subaru-forester-for-sale-in-manila/2018-for-sale-aid6767711
subaru,https://philkotse.com/subaru-wrx-for-sale-in-makati/for-sale-black-2014-at-25000-km-in-aid6767591
subaru,https://philkotse.com/subaru-forester-for-sale-in-cebu-city/2009-for-sale-aid6760501
subaru,https://philkotse.com/subaru-forester-for-sale-in-manila/2008-for-sale-aid6713271
subaru,https://philkotse.com/subaru-xv-for-sale-in-pasig/2013-for-sale-aid6700791
subaru,https://philkotse.com/subaru-wrx-for-sale-in-cebu-city/2013-for-sale-aid6694021
subaru,https://philkotse.com/subaru-forester-for-sale-in-makati/2013-for-sale-aid6693741
subaru,https://philkotse.com/subaru-forester-for-sale-in-balagtas/2010-sh-for-sale-aid6693711
subaru,https://philkotse.com/subaru-xv-for-sale-in-taguig/2016-for-sale-aid6670531
subaru,https://philkotse.com/subaru-forester-for-sale-in-manila/2016-for-sale-aid6646411
subaru,https://philkotse.com/subaru-legacy-for-sale-in-manila/2012-for-sale-aid6636511
subaru,https://philkotse.com/subaru-xv-for-sale-in-marikina/2013-for-sale-aid6629571
subaru,https://philkotse.com/subaru-forester-for-sale-in-manila/2011-for-sale-aid6629441
subaru,https://philkotse.com/subaru-forester-for-sale-in-quezon-city/2014-for-sale-aid6618691
subaru,https://philkotse.com/subaru-forester-for-sale-in-balagtas/2010-for-sale-aid6618681
subaru,https://philkotse.com/subaru-forester-for-sale-in-manila/2008-for-sale-aid6611791
subaru,https://philkotse.com/subaru-forester-for-sale-in-muntinlupa/2013-for-sale-aid6609711
subaru,https://philkotse.com/subaru-brz-for-sale-in-valenzuela/2014-for-sale-aid6609671
subaru,https://philkotse.com/subaru-forester-for-sale-in-cainta/2011-for-sale-aid6609451
subaru,https://philkotse.com/subaru-impreza-for-sale-in-taguig/2017-for-sale-aid6607331
subaru,https://philkotse.com/subaru-forester-for-sale-in-paranaque/2012-for-sale-aid6606721
