volkswagen,https://philkotse.com/volkswagen-golf-for-sale-in-pasig/selling-used-2017-in-aid7037353
volkswagen,https://philkotse.com/volkswagen-beetle-for-sale-in-manila/selling-yellow-2005-at-44000-km-aid6945822
volkswagen,https://philkotse.com/volkswagen-beetle-for-sale-in-agdangan/sell-used-bettle-2002-7000-km-in-aid6845042
volkswagen,https://philkotse.com/volkswagen-touareg-for-sale-in-manila/2015-aid6733212
volkswagen,https://philkotse.com/volkswagen-beetle-for-sale-in-marikina/1972-manual-diesel-for-sale-in-aid7079001
volkswagen,https://philkotse.com/volkswagen-golf-for-sale-in-tanza/selling-2017-automatic-diesel-at-2000-km-in-aid7078861
volkswagen,https://philkotse.com/volkswagen-santana-for-sale-in-muntinlupa/brand-new-2018-for-sale-in-aid7066521
volkswagen,https://philkotse.com/volkswagen-golf-for-sale-in-quezon-city/selling-2nd-hand-2008-in-aid7058521
volkswagen,https://philkotse.com/volkswagen-beetle-for-sale-in-quezon-city/1962-manual-gasoline-for-sale-in-aid7043551
volkswagen,https://philkotse.com/volkswagen-beetle-for-sale-in-malabon/selling-2016-manual-gasoline-in-aid7029301
volkswagen,https://philkotse.com/volkswagen-new-beetle-for-sale-in-meycauayan/like-new-for-sale-in-aid7025891
volkswagen,https://philkotse.com/volkswagen-golf-for-sale-in-quezon-city/sell-used-2018-at-10000-km-in-aid7007031
volkswagen,https://philkotse.com/volkswagen-jetta-for-sale-in-manila/white-2017-at-10000-km-for-sale-aid7005791
volkswagen,https://philkotse.com/volkswagen-polo-for-sale-in-angeles/selling-2nd-hand-2014-manual-diesel-at-50000-km-in-aid7000481
volkswagen,https://philkotse.com/volkswagen-jetta-for-sale-in-muntinlupa/2016-automatic-diesel-for-sale-in-aid6999131
volkswagen,https://philkotse.com/volkswagen-beetle-for-sale-in-pasay/used-2015-for-sale-in-aid6998201
volkswagen,https://philkotse.com/volkswagen-golf-for-sale-in-cebu-city/2017-for-sale-in-aid6997791
volkswagen,https://philkotse.com/volkswagen-polo-for-sale-in-pasig/sell-2nd-hand-2016-hatchback-in-aid6992011
volkswagen,https://philkotse.com/volkswagen-beetle-for-sale-in-meycauayan/selling-1969-at-130000-km-in-aid6985331
volkswagen,https://philkotse.com/volkswagen-jetta-for-sale-in-manila/2017-for-sale-in-aid6984051
volkswagen,https://philkotse.com/volkswagen-beetle-for-sale-in-cainta/2004-convertible-automatic-gasoline-for-sale-in-aid6981551
volkswagen,https://philkotse.com/volkswagen-jetta-for-sale-in-quezon-city/sell-2nd-hand-2016-automatic-diesel-in-aid6975221
volkswagen,https://philkotse.com/volkswagen-beetle-for-sale-in-manila/2001-automatic-gasoline-for-sale-in-aid6972551
volkswagen,https://philkotse.com/volkswagen-beetle-for-sale-in-manila/used-2001-for-sale-in-aid6971181
volkswagen,https://philkotse.com/volkswagen-beetle-for-sale-in-lubao/selling-used-in-aid6971011
volkswagen,https://philkotse.com/volkswagen-beetle-for-sale-in-quezon-city/2nd-hand-1975-manual-gasoline-for-sale-in-aid6963341
volkswagen,https://philkotse.com/volkswagen-beetle-for-sale-in-muntinlupa/selling-2007-automatic-gasoline-in-aid6954511
volkswagen,https://philkotse.com/volkswagen-golf-for-sale-in-manila/selling-2nd-hand-2008-in-aid6944381
volkswagen,https://philkotse.com/volkswagen-beetle-for-sale-in-makati/2nd-hand-2003-for-sale-in-aid6942251
volkswagen,https://philkotse.com/volkswagen-golf-for-sale-in-makati/grey-2015-automatic-gasoline-for-sale-in-aid6882341
volkswagen,https://philkotse.com/volkswagen-beetle-for-sale-in-makati/2014-for-sale-aid6668731
volkswagen,https://philkotse.com/volkswagen-tiguan-for-sale-in-bacolod/2019-for-sale-aid6667381
volkswagen,https://philkotse.com/volkswagen-santana-for-sale-in-quezon-city/2019-for-sale-aid6667391
volkswagen,https://philkotse.com/volkswagen-passat-for-sale-in-santa-rosa796/2019-for-sale-aid6667371
volkswagen,https://philkotse.com/volkswagen-beetle-for-sale-in-quezon-city/1972-for-sale-aid6656351
volkswagen,https://philkotse.com/volkswagen-beetle-for-sale-in-marikina/2003-for-sale-aid6613021
