lexus,https://philkotse.com/lexus-rx-350-for-sale-in-manila/brand-new-2019-for-sale-aid7066033
lexus,https://philkotse.com/lexus-ls-for-sale-in-manila/brand-new-2019-for-sale-aid7069353
lexus,https://philkotse.com/lexus-lx-for-sale-in-quezon-city/brand-new-2019-for-sale-in-aid7063962
lexus,https://philkotse.com/lexus-lx-570-for-sale-in-quezon-city/black-2017-bulletproof-levelb6-at-8000-km-for-sale-aid7018262
lexus,https://philkotse.com/lexus-lx-570-for-sale-in-manila/selling-brand-new-2019-automatic-aid6977322
lexus,https://philkotse.com/lexus-is-350-for-sale-in-lemery164/sell-used-2016-automatic-gasoline-in-lemery-aid4718932
lexus,https://philkotse.com/lexus-rx-350-for-sale-in-manila/brand-new-2016-for-sale-in-aid6903363
lexus,https://philkotse.com/lexus-lx-570-for-sale-in-makati/black-2018-lx-at-3000-km-for-sale-in-aid6909152
lexus,https://philkotse.com/lexus-rx-350-for-sale-in-caloocan/brand-new-2019-for-sale-in-aid6827013
lexus,https://philkotse.com/lexus-gs-450h-for-sale-in-manila/2019-for-sale-aid6706132
lexus,https://philkotse.com/lexus-lx-for-sale-in-quezon-city/2019-for-sale-aid6728642
lexus,https://philkotse.com/lexus-is-350-for-sale-in-quezon-city/grey-2014-automatic-gasoline-for-sale-aid7082311
lexus,https://philkotse.com/lexus-ls-460-for-sale-in-manila/white-2013-at-43175-km-for-sale-aid7049551
lexus,https://philkotse.com/lexus-is-for-sale-in-pasig/2nd-hand-2017-at-12000-km-for-sale-aid7048891
lexus,https://philkotse.com/lexus-nx-for-sale-in-mandaluyong/selling-2nd-hand-2015-in-aid7046081
lexus,https://philkotse.com/lexus-is300-for-sale-in-quezon-city/2010-automatic-gasoline-for-sale-in-aid7044481
lexus,https://philkotse.com/lexus-lx-for-sale-in-manila/sell-black-2007-in-aid7039371
lexus,https://philkotse.com/lexus-rx-350-for-sale-in-manila/white-2010-for-sale-automatic-aid7036911
lexus,https://philkotse.com/lexus-ls460l-for-sale-in-quezon-city/2nd-hand-2009-for-sale-in-aid7034271
lexus,https://philkotse.com/lexus-is-for-sale-in-san-jose1128/2nd-hand-2017-automatic-gasoline-for-sale-in-san-jose-aid7025161
lexus,https://philkotse.com/lexus-is-350-for-sale-in-pasig/selling-2nd-hand-2017-in-aid7023391
lexus,https://philkotse.com/lexus-rx-350-for-sale-in-pasig/selling-2017-at-5109-km-in-aid7015281
lexus,https://philkotse.com/lexus-rx-450h-for-sale-in-pasig/2nd-hand-rx450h-2011-automatic-gasoline-for-sale-in-aid7015161
lexus,https://philkotse.com/lexus-rc-for-sale-in-makati/selling-2018-automatic-gasoline-in-aid7008321
lexus,https://philkotse.com/lexus-es-350-for-sale-in-cebu-city/black-2013-at-66188-km-for-sale-aid7000991
lexus,https://philkotse.com/lexus-rx-350-for-sale-in-quezon-city/2013-for-sale-in-aid6997061
lexus,https://philkotse.com/lexus-es-350-for-sale-in-muntinlupa/selling-2012-in-aid6995151
lexus,https://philkotse.com/lexus-rc-for-sale-in-makati/selling-2nd-hand-2018-in-aid6985691
lexus,https://philkotse.com/lexus-ls460l-for-sale-in-pasig/2015-for-sale-in-aid6985221
lexus,https://philkotse.com/lexus-is-for-sale-in-quezon-city/2015-for-sale-in-aid6984741
lexus,https://philkotse.com/lexus-rc-for-sale-in-quezon-city/blue-2016-automatic-gasoline-for-sale-in-aid6977581
lexus,https://philkotse.com/lexus-nx-for-sale-in-quezon-city/2nd-hand-2015-for-sale-in-aid6977501
lexus,https://philkotse.com/lexus-is-350-for-sale-in-quezon-city/selling-silver-2017-in-aid6977481
lexus,https://philkotse.com/lexus-rx-350-for-sale-in-quezon-city/silver-2017-for-sale-in-aid6977141
lexus,https://philkotse.com/lexus-gx-for-sale-in-quezon-city/selling-black-2017-at-10000-km-in-aid6977131
lexus,https://philkotse.com/lexus-is-350-for-sale-in-paranaque/2014-for-sale-in-paraaque-aid6962051
lexus,https://philkotse.com/lexus-is-for-sale-in-caloocan/selling-2015-automatic-gasoline-in-aid6939681
lexus,https://philkotse.com/lexus-rx-350-for-sale-in-paranaque/silver-2012-automatic-gasoline-for-sale-aid6907821
lexus,https://philkotse.com/lexus-lx-570-for-sale-in-manila/black-2018-at-3000-km-for-sale-in-aid6882541
lexus,https://philkotse.com/lexus-lx-for-sale-in-makati/sell-2001-automatic-gasoline-at-63400-km-aid6881491
lexus,https://philkotse.com/lexus-es-350-for-sale-in-pasig/grey-2018-at-13000-km-for-sale-in-aid6876131
lexus,https://philkotse.com/lexus-gx-for-sale-in-pasig/sell-blue-2004-in-aid6853401
lexus,https://philkotse.com/lexus-is-350-for-sale-in-paranaque/sell-red-2017-at-7500-km-in-paraaque-aid6845941
lexus,https://philkotse.com/lexus-lx-570-for-sale-in-general-salipada-k-pendatun/selling-white-2018-for-sale-aid6815281
lexus,https://philkotse.com/lexus-lx-570-for-sale-in-general-salipada-k-pendatun/selling-white-2018-for-sale-in-automatic-aid6815161
lexus,https://philkotse.com/lexus-gx-for-sale-in-pasig/470-2004-for-sale-aid6701341
lexus,https://philkotse.com/lexus-lx-for-sale-in-manila/450d-2019-for-sale-aid6693831
lexus,https://philkotse.com/lexus-lx-570-for-sale-in-manila/2019-for-sale-aid6693841
lexus,https://philkotse.com/lexus-lx-for-sale-in-quezon-city/2019-for-sale-aid6644981
lexus,https://philkotse.com/lexus-lx-for-sale-in-quezon-city/2019-570-for-sale-aid6623451
lexus,https://philkotse.com/lexus-gs-450h-for-sale-in-manila/2019-for-sale-aid6623431
lexus,https://philkotse.com/lexus-ls-460-for-sale-in-manila/2013-p2500000-for-sale-aid6613771
lexus,https://philkotse.com/lexus-ls-460-for-sale-in-quezon-city/2007-for-sale-aid6609871
