jeep,https://philkotse.com/jeep-willys-for-sale-in-baler/green-1994-truck-in-aid7008692
jeep,https://philkotse.com/jeep-wrangler-for-sale-in-manila/2017-automatic-gasoline-for-sale-aid6945722
jeep,https://philkotse.com/jeep-cherokee-for-sale-in-manila/selling-new-2019-in-aid6902963
jeep,https://philkotse.com/jeep-wrangler-unlimited-for-sale-in-quezon-city/sell-red-2016-at-23000-km-in-aid6897602
jeep,https://philkotse.com/jeep-cherokee-for-sale-in-manila/selling-white-brand-new-2019-in-aid6826993
jeep,https://philkotse.com/jeep-commander-for-sale-in-calauan/2010-automatic-diesel-for-sale-in-aid7070501
jeep,https://philkotse.com/jeep-grand-cherokee-for-sale-in-mandaluyong/selling-2nd-hand-2015-in-aid7068251
jeep,https://philkotse.com/jeep-commander-for-sale-in-muntinlupa/2nd-hand-2016-automatic-gasoline-for-sale-in-aid7064721
jeep,https://philkotse.com/jeep-wrangler-for-sale-in-cebu-city/white-2016-at-27000-km-for-sale-aid7062231
jeep,https://philkotse.com/jeep-wrangler-for-sale-in-palayan/automatic-gasoline-for-sale-in-aid7052441
jeep,https://philkotse.com/jeep-commander-for-sale-in-quezon-city/2nd-hand-2008-at-52000-km-for-sale-in-aid7051371
jeep,https://philkotse.com/jeep-commander-for-sale-in-muntinlupa/selling-2nd-hand-2016-at-10000-km-in-aid7051251
jeep,https://philkotse.com/jeep-cherokee-for-sale-in-paranaque/selling-2017-at-17000-km-in-paraaque-aid7048861
jeep,https://philkotse.com/jeep-wrangler-for-sale-in-pasig/selling-black-2016-at-22000-km-in-aid7047691
jeep,https://philkotse.com/jeep-wrangler-for-sale-in-pasay/1995-for-sale-in-aid7041271
jeep,https://philkotse.com/jeep-cherokee-for-sale-in-quezon-city/1998-automatic-gasoline-for-sale-in-aid7035811
jeep,https://philkotse.com/jeep-wrangler-for-sale-in-alaminos769/like-new-for-sale-in-alaminos-aid7014981
jeep,https://philkotse.com/jeep-wrangler-for-sale-in-san-fernando1200/selling-2017-automatic-gasoline-in-san-fernando-aid7014701
jeep,https://philkotse.com/jeep-wrangler-for-sale-in-pasig/black-2016-for-sale-in-aid7012991
jeep,https://philkotse.com/jeep-commander-for-sale-in-marikina/2007-automatic-gasoline-for-sale-in-aid7008821
jeep,https://philkotse.com/jeep-wrangler-for-sale-in-makati/selling-2nd-hand-2017-in-aid7002951
jeep,https://philkotse.com/jeep--for-sale-in-cabuyao/sell-2nd-hand-2013-rubicon-automatic-diesel-in-aid6994341
jeep,https://philkotse.com/jeep-wrangler-for-sale-in-quezon-city/selling-2nd-hand-2017-in-aid6986351
jeep,https://philkotse.com/jeep-wrangler-for-sale-in-mandaluyong/2nd-hand-2016-automatic-gasoline-for-sale-in-aid6965361
jeep,https://philkotse.com/jeep-wrangler-for-sale-in-bay/selling-2nd-hand-2019-in-aid6956301
jeep,https://philkotse.com/jeep-cherokee-for-sale-in-quezon-city/2nd-hand-2012-at-60000-km-for-sale-aid6947781
jeep,https://philkotse.com/jeep-cherokee-for-sale-in-san-fernando762/2nd-hand-2013-for-sale-in-san-fernando-aid6943831
jeep,https://philkotse.com/jeep-wrangler-for-sale-in-pasay/1997-manual-gasoline-for-sale-in-aid6942761
jeep,https://philkotse.com/jeep-commander-for-sale-in-pasig/2008-automatic-gasoline-for-sale-in-aid6938771
jeep,https://philkotse.com/jeep-commander-for-sale-in-general-salipada-k-pendatun/selling-silver-2010-at-40681-km-aid6845411
jeep,https://philkotse.com/jeep-cherokee-for-sale-in-quezon-city/2011-for-sale-in-aid6767861
jeep,https://philkotse.com/jeep-cherokee-for-sale-in-quezon-city/2012-automatic-gasoline-for-sale-in-aid6759091
jeep,https://philkotse.com/jeep-wrangler-for-sale-in-panglao/2006-for-sale-aid6613001
jeep,https://philkotse.com/jeep-wrangler-for-sale-in-caloocan/2017-for-sale-aid6609971
