suzuki,https://philkotse.com/suzuki-celerio-for-sale-in-santa-rosa796/selling-2nd-hand-2012-hatchback-in-santa-rosa-aid7079362
suzuki,https://philkotse.com/suzuki-celerio-for-sale-in-quezon-city/used-2019-manual-gasoline-for-sale-aid7076902
suzuki,https://philkotse.com/suzuki-vitara-for-sale-in-pasig/selling-white-1994-manual-in-aid7076852
suzuki,https://philkotse.com/suzuki-swift-for-sale-in-cebu-city/2012-automatic-gasoline-for-sale-aid7065683
suzuki,https://philkotse.com/suzuki-grand-vitara-for-sale-in-cebu-city/2014-automatic-at-47000-km-for-sale-aid7065162
suzuki,https://philkotse.com/suzuki-swift-for-sale-in-quezon-city/2018-automatic-at-26000-km-for-sale-aid7069762
suzuki,https://philkotse.com/suzuki-jimny-for-sale-in-quezon-city/used-2016-for-sale-in-aid7058122
suzuki,https://philkotse.com/suzuki-grand-vitara-for-sale-in-quezon-city/used-2015-for-sale-in-aid7040112
suzuki,https://philkotse.com/suzuki-jimny-for-sale-in-santiago/sell-used-2003-at-70000-km-in-isabela-aid7023132
suzuki,https://philkotse.com/suzuki-multi-cab-for-sale-in-ozamiz/selling-2005-at-150000-km-aid6982632
suzuki,https://philkotse.com/suzuki-swift-for-sale-in-pasig/black-2017-hatchback-at-11000-km-for-sale-aid6982622
suzuki,https://philkotse.com/suzuki-alto-k10-for-sale-in-valenzuela/selling-used-2012-at-76000-km-aid6982533
suzuki,https://philkotse.com/suzuki-grand-vitara-for-sale-in-quezon-city/2005-for-sale-in-aid6949932
suzuki,https://philkotse.com/suzuki-alto-for-sale-in-san-jose1128/selling-red-2nd-hand-2014-aid6945123
suzuki,https://philkotse.com/suzuki-swift-for-sale-in-las-pinas/used-2010-hatchback-for-sale-in-metro-manila-aid6934553
suzuki,https://philkotse.com/suzuki-celerio-for-sale-in-bacoor/selling-used-2012-in-aid6928963
suzuki,https://philkotse.com/suzuki-multi-cab-for-sale-in-liloan463/selling-blue-2007-in-liloan-aid6922403
suzuki,https://philkotse.com/suzuki-alto-for-sale-in-munoz/2014-manual-for-sale-in-aid6924953
suzuki,https://philkotse.com/suzuki-swift-for-sale-in-las-pinas/selling-2018-automatic-casa-maintained-in-aid6911252
suzuki,https://philkotse.com/suzuki-jimny-for-sale-in-quezon-city/green-2017-automatic-gasoline-for-sale-in-aid6904002
suzuki,https://philkotse.com/suzuki-multi-cab-for-sale-in-cebu-city/new-2019-for-sale-in-aid6902772
suzuki,https://philkotse.com/suzuki-multi-cab-for-sale-in-lapu-lapu/selling-brand-new-2019-in-cebu-aid6641982
suzuki,https://philkotse.com/suzuki-multi-cab-for-sale-in-lapu-lapu/sell-brand-new-2019-in-cebu-aid6647972
suzuki,https://philkotse.com/suzuki-swift-for-sale-in-las-pinas/2012-manual-at-56000-km-for-sale-aid6885512
suzuki,https://philkotse.com/suzuki-sx4-for-sale-in-paranaque/selling-hatchback-2011-automatic-in-aid6870822
suzuki,https://philkotse.com/suzuki-apv-for-sale-in-pasig/selling-2nd-hand-silver-2015-manual-in-aid6861783
suzuki,https://philkotse.com/suzuki-carry-for-sale-in-tagum/sell-blue-2006-in-aid6597542
suzuki,https://philkotse.com/suzuki-apv-for-sale-in-pasig/2016-manual-at-8000-km-for-sale-in-aid6857932
suzuki,https://philkotse.com/suzuki-alto-for-sale-in-muntinlupa/selling-brand-new-2019-in-aid6859452
suzuki,https://philkotse.com/suzuki-celerio-for-sale-in-muntinlupa/brand-new-2019-for-sale-in-aid6859432
suzuki,https://philkotse.com/suzuki-jimny-for-sale-in-muntinlupa/2019-brand-new-for-sale-in-aid6859032
suzuki,https://philkotse.com/suzuki-jimny-for-sale-in-muntinlupa/2019-brand-new-jymny-for-sale-in-aid6859492
suzuki,https://philkotse.com/suzuki-jimny-for-sale-in-muntinlupa/selling-brand-new-2019-in-aid6859482
suzuki,https://philkotse.com/suzuki-ertiga-for-sale-in-muntinlupa/selling-2019-in-aid6859322
suzuki,https://philkotse.com/suzuki-ertiga-for-sale-in-muntinlupa/selling-2019-brand-new-in-aid6859312
suzuki,https://philkotse.com/suzuki-dzire-for-sale-in-muntinlupa/selling-brand-new-2019-in-aid6859262
suzuki,https://philkotse.com/suzuki-ciaz-for-sale-in-muntinlupa/brand-new-2018-for-sale-in-aid6859192
suzuki,https://philkotse.com/suzuki-vitara-for-sale-in-muntinlupa/selling-brand-new-red-2019-in-aid6859402
suzuki,https://philkotse.com/suzuki-vitara-for-sale-in-muntinlupa/selling-white-2019-brand-new-suv-in-aid6859392
suzuki,https://philkotse.com/suzuki-jimny-for-sale-in-quezon-city/selling-2nd-hand-2011-in-aid6853112
suzuki,https://philkotse.com/suzuki-swift-for-sale-in-muntinlupa/2019-brand-new-for-sale-in-aid6825852
suzuki,https://philkotse.com/suzuki-ertiga-for-sale-in-muntinlupa/2019-brand-new-for-sale-aid6830242
suzuki,https://philkotse.com/suzuki-ertiga-for-sale-in-muntinlupa/2019-brand-new-for-sale-in-aid6830232
suzuki,https://philkotse.com/suzuki-ciaz-for-sale-in-muntinlupa/sell-grey-sedan-2018-brand-new-aid6825922
suzuki,https://philkotse.com/suzuki-celerio-for-sale-in-muntinlupa/selling-2019-brand-new-in-aid6830212
suzuki,https://philkotse.com/suzuki-vitara-for-sale-in-muntinlupa/2019-white-brand-new-for-sale-in-aid6830122
suzuki,https://philkotse.com/suzuki-vitara-for-sale-in-muntinlupa/2019-black-brand-new-for-sale-in-aid6830062
suzuki,https://philkotse.com/suzuki-vitara-for-sale-in-muntinlupa/2019-red-brand-new-for-sale-in-aid6839422
suzuki,https://philkotse.com/suzuki-vitara-for-sale-in-muntinlupa/2019-brand-new-for-sale-in-aid6839402
suzuki,https://philkotse.com/suzuki-swift-for-sale-in-muntinlupa/2019-brand-new-white-for-sale-in-aid6839372
suzuki,https://philkotse.com/suzuki-swift-for-sale-in-muntinlupa/2019-brand-new-for-sale-in-aid6839312
suzuki,https://philkotse.com/suzuki-dzire-for-sale-in-muntinlupa/2019-brand-new-grey-for-sale-in-aid6830832
suzuki,https://philkotse.com/suzuki-alto-for-sale-in-muntinlupa/2019-brand-new-blue-for-sale-in-aid6830822
suzuki,https://philkotse.com/suzuki-ertiga-for-sale-in-muntinlupa/2019-brand-new-for-sale-in-aid6839562
suzuki,https://philkotse.com/suzuki-dzire-for-sale-in-muntinlupa/2019-brand-new-black-for-sale-in-aid6839522
suzuki,https://philkotse.com/suzuki--for-sale-in-tagum/sell-2nd-hand-multi-cab-in-aid6740013
suzuki,https://philkotse.com/suzuki-dzire-for-sale-in-carmona/sell-used-2013-in-aid6831982
suzuki,https://philkotse.com/suzuki-swift-for-sale-in-makati/selling-used-2010-at-37000-km-in-aid6829952
suzuki,https://philkotse.com/suzuki-alto-for-sale-in-muntinlupa/selling-brand-new-2019-in-aid6839492
suzuki,https://philkotse.com/suzuki-celerio-for-sale-in-muntinlupa/selling-brand-new-2019-in-aid6839462
suzuki,https://philkotse.com/suzuki-ciaz-for-sale-in-muntinlupa/selling-brand-new-2018-in-aid6839452
suzuki,https://philkotse.com/suzuki-escudo-for-sale-in-paranaque/1999-for-sale-aid6742563
suzuki,https://philkotse.com/suzuki-swift-for-sale-in-san-mateo/2016-hatchback-manual-for-sale-aid6739462
suzuki,https://philkotse.com/suzuki-ertiga-for-sale-in-bacoor/2017-for-sale-aid6809303
suzuki,https://philkotse.com/suzuki-jimny-for-sale-in-san-pedro/2013-for-sale-aid6815523
suzuki,https://philkotse.com/suzuki-ertiga-for-sale-in-bacoor/2017-for-sale-aid6815613
suzuki,https://philkotse.com/suzuki-grand-vitara-for-sale-in-abuyog/2007-for-sale-aid6803913
suzuki,https://philkotse.com/suzuki-multi-cab-for-sale-in-davao-city/2010-for-sale-aid6801193
suzuki,https://philkotse.com/suzuki-swift-dzire-for-sale-in-don-victoriano-chiongbian/2014-12l-for-sale-aid6768422
suzuki,https://philkotse.com/suzuki-swift-for-sale-in-plaridel296/2006-for-sale-aid6760412
suzuki,https://philkotse.com/suzuki-vitara-for-sale-in-quezon-city/1997-for-sale-aid6730563
suzuki,https://philkotse.com/suzuki-apv-for-sale-in-cebu-city/2017-for-sale-aid6672962
suzuki,https://philkotse.com/suzuki-jimny-for-sale-in-alcala/4x4-automatic-2004-for-sale-aid6740772
suzuki,https://philkotse.com/suzuki-carry-for-sale-in-imus/1998-for-sale-aid6725442
suzuki,https://philkotse.com/suzuki-ertiga-for-sale-in-pasig/2017-for-sale-aid6730232
suzuki,https://philkotse.com/suzuki-jimny-for-sale-in-santiago/2011-for-sale-aid6731062
suzuki,https://philkotse.com/suzuki-alto-for-sale-in-quezon-city/2008-for-sale-aid6723253
suzuki,https://philkotse.com/suzuki-apv-for-sale-in-cebu-city/2013-for-sale-aid6717252
suzuki,https://philkotse.com/suzuki-celerio-for-sale-in-davao-city/2016-for-sale-aid6676862
suzuki,https://philkotse.com/suzuki-grand-vitara-for-sale-in-davao-city/2015-for-sale-aid6676842
suzuki,https://philkotse.com/suzuki-ciaz-for-sale-in-davao-city/2017-for-sale-aid6681673
suzuki,https://philkotse.com/suzuki-apv-for-sale-in-makati/2012-for-sale-aid6674773
suzuki,https://philkotse.com/suzuki-multi-cab-for-sale-in-bacolod/2005-for-sale-aid6673713
suzuki,https://philkotse.com/suzuki-multi-cab-for-sale-in-bacolod/2009-for-sale-aid6656082
suzuki,https://philkotse.com/suzuki-apv-for-sale-in-quezon-city/2014-for-sale-aid6629952
suzuki,https://philkotse.com/suzuki-multi-cab-for-sale-in-dumaguete/2002-multicab-for-sale-aid6623703
suzuki,https://philkotse.com/suzuki-carry-for-sale-in-lapu-lapu/2006-for-sale-aid6620152
suzuki,https://philkotse.com/suzuki-ertiga-for-sale-in-bacoor/2017-gl-mt-for-sale-aid6603163
suzuki,https://philkotse.com/suzuki-jimny-for-sale-in-santiago/13-4x4-2011-for-sale-aid6602002
suzuki,https://philkotse.com/suzuki-ciaz-for-sale-in-carmona/sell-2017-sedan-at-58434-km-aid7083401
suzuki,https://philkotse.com/suzuki-vitara-for-sale-in-carmona/2018-for-sale-cavite-aid7083391
suzuki,https://philkotse.com/suzuki-ertiga-for-sale-in-carmona/sell-2018-for-sale-in-cavite-aid7083371
suzuki,https://philkotse.com/suzuki-ertiga-for-sale-in-paranaque/selling-2016-at-1111-km-aid7082611
suzuki,https://philkotse.com/suzuki-ciaz-for-sale-in-paranaque/grey-2018-for-sale-in-paraaque-aid7082321
suzuki,https://philkotse.com/suzuki-ciaz-for-sale-in-makati/sell-brown-2016-automatic-gasoline-at-33000-km-in-aid7082291
suzuki,https://philkotse.com/suzuki-samurai-for-sale-in-antipolo/used-1995-manual-gasoline-for-sale-in-aid7081781
suzuki,https://philkotse.com/suzuki-multi-cab-for-sale-in-imus/selling-manual-gasoline-in-aid7079641
suzuki,https://philkotse.com/suzuki-multi-cab-for-sale-in-cebu-city/selling-2nd-hand-2017-in-aid7079431
suzuki,https://philkotse.com/suzuki-multi-cab-for-sale-in-antipolo/selling-2nd-hand-2014-manual-gasoline-at-69000-km-in-aid7079011
suzuki,https://philkotse.com/suzuki-swift-for-sale-in-quezon-city/2018-automatic-gasoline-for-sale-in-aid7078841
suzuki,https://philkotse.com/suzuki-celerio-for-sale-in-santa-rosa796/2011-manual-gasoline-for-sale-in-santa-rosa-aid7078001
suzuki,https://philkotse.com/suzuki-apv-for-sale-in-quezon-city/2012-manual-gasoline-for-sale-in-aid7077911
suzuki,https://philkotse.com/suzuki-apv-for-sale-in-manila/selling-2014-automatic-gasoline-in-aid7077871
suzuki,https://philkotse.com/suzuki-multi-cab-for-sale-in-mandaue/2nd-hand-2017-manual-gasoline-for-sale-in-aid7077491
suzuki,https://philkotse.com/suzuki-multi-cab-for-sale-in-lapu-lapu/2nd-hand-manual-gasoline-for-sale-in-aid7077451
suzuki,https://philkotse.com/suzuki-jimny-for-sale-in-mandaue/2000-manual-gasoline-for-sale-in-aid7075791
suzuki,https://philkotse.com/suzuki-multi-cab-for-sale-in-santa-rosa796/2nd-hand-2010-for-sale-in-santa-rosa-aid7074421
suzuki,https://philkotse.com/suzuki-multi-cab-for-sale-in-malabon/2012-manual-gasoline-for-sale-in-aid7073721
suzuki,https://philkotse.com/suzuki-jimny-for-sale-in-quezon-city/selling-automatic-gasoline-in-aid7073101
suzuki,https://philkotse.com/suzuki-apv-for-sale-in-cainta/selling-2014-automatic-gasoline-in-aid7072851
suzuki,https://philkotse.com/suzuki-grand-vitara-for-sale-in-cebu-city/selling-2nd-hand-2014-at-47000-km-in-aid7072711
suzuki,https://philkotse.com/suzuki-jimny-for-sale-in-binan/selling-2nd-hand-2010-in-bian-aid7072651
suzuki,https://philkotse.com/suzuki-apv-for-sale-in-manila/2009-for-sale-in-aid7072301
suzuki,https://philkotse.com/suzuki-jimny-for-sale-in-manila/selling-2nd-hand-2003-in-aid7071461
suzuki,https://philkotse.com/suzuki-ciaz-for-sale-in-bacoor/selling-2nd-hand-2018-automatic-gasoline-at-40000-km-in-aid7071161
suzuki,https://philkotse.com/suzuki-jimny-for-sale-in-binan/2nd-hand-2017-at-28000-km-for-sale-in-bian-aid7070891
suzuki,https://philkotse.com/suzuki-swift-for-sale-in-angeles/selling-2016-manual-gasoline-in-aid7070651
suzuki,https://philkotse.com/suzuki-vitara-for-sale-in-dagupan/like-new-for-sale-in-aid7070211
suzuki,https://philkotse.com/suzuki-celerio-for-sale-in-quezon-city/2nd-hand-2013-for-sale-in-aid7070061
suzuki,https://philkotse.com/suzuki-multi-cab-for-sale-in-lapu-lapu/selling-2006-manual-gasoline-in-aid7069681
suzuki,https://philkotse.com/suzuki-swift-for-sale-in-san-fernando1200/selling-2016-automatic-gasoline-in-san-fernando-aid7069501
suzuki,https://philkotse.com/suzuki-swift-for-sale-in-valenzuela/sell-2nd-hand-2008-automatic-gasoline-at-30000-km-in-aid7068901
suzuki,https://philkotse.com/suzuki-ertiga-for-sale-in-cagayan-de-oro/2018-manual-gasoline-for-sale-in-aid7068141
suzuki,https://philkotse.com/suzuki-celerio-for-sale-in-angono/2nd-hand-2010-for-sale-in-aid7068101
suzuki,https://philkotse.com/suzuki-swift-for-sale-in-las-pinas/selling-2nd-hand-2016-in-las-pias-aid7067451
suzuki,https://philkotse.com/suzuki-jimny-for-sale-in-mexico/2016-manual-gasoline-for-sale-in-aid7066981
suzuki,https://philkotse.com/suzuki-ciaz-for-sale-in-muntinlupa/2nd-hand-2017-for-sale-in-aid7066551
suzuki,https://philkotse.com/suzuki-multi-cab-for-sale-in-general-mariano-alvarez/2010-manual-gasoline-for-sale-in-aid7066221
suzuki,https://philkotse.com/suzuki-swift-for-sale-in-manila/2nd-hand-2006-automatic-gasoline-for-sale-in-aid7066101
suzuki,https://philkotse.com/suzuki-celerio-for-sale-in-mandaluyong/2nd-hand-2009-for-sale-in-aid7065671
suzuki,https://philkotse.com/suzuki-vitara-for-sale-in-quezon-city/sell-brand-new-2019-in-aid7065511
suzuki,https://philkotse.com/suzuki-ertiga-for-sale-in-quezon-city/brand-new-2019-for-sale-in-aid7065401
suzuki,https://philkotse.com/suzuki-ciaz-for-sale-in-las-pinas/selling-brand-new-2019-in-las-pias-aid7065381
suzuki,https://philkotse.com/suzuki-multi-cab-for-sale-in-paranaque/selling-2006-manual-gasoline-in-paraaque-aid7065051
suzuki,https://philkotse.com/suzuki-multi-cab-for-sale-in-santo-tomas180/manual-gasoline-for-sale-in-santo-tomas-aid7064551
suzuki,https://philkotse.com/suzuki-swift-for-sale-in-quezon-city/selling-2nd-hand-2012-in-aid7064371
suzuki,https://philkotse.com/suzuki-alto-for-sale-in-pasig/selling-2017-at-40000-km-in-aid7063761
suzuki,https://philkotse.com/suzuki-ciaz-for-sale-in-las-pinas/selling-2nd-hand-2016-in-las-pias-aid7062771
suzuki,https://philkotse.com/suzuki-ciaz-for-sale-in-manila/white-2018-at-8632-km-for-sale-aid7062401
suzuki,https://philkotse.com/suzuki-apv-for-sale-in-guiguinto/black-2007-automatic-gasoline-for-sale-aid7062321
suzuki,https://philkotse.com/suzuki-grand-vitara-for-sale-in-quezon-city/selling-beige-2005-automatic-gasoline-in-aid7061611
suzuki,https://philkotse.com/suzuki-grand-vitara-for-sale-in-dumaguete/selling-2000-automatic-gasoline-in-aid7059751
suzuki,https://philkotse.com/suzuki-grand-vitara-for-sale-in-san-juan/selling-2nd-hand-2008-automatic-gasoline-at-87000-km-in-aid7059181
suzuki,https://philkotse.com/suzuki-multi-cab-for-sale-in-san-rafael301/2nd-hand-2002-manual-gasoline-for-sale-in-san-rafael-aid7059131
suzuki,https://philkotse.com/suzuki-ertiga-for-sale-in-angeles/selling-2nd-hand-2017-in-aid7058951
suzuki,https://philkotse.com/suzuki-apv-for-sale-in-marikina/selling-2nd-hand-2012-in-aid7058911
suzuki,https://philkotse.com/suzuki-swift-for-sale-in-lubao/2012-automatic-gasoline-for-sale-in-aid7058871
suzuki,https://philkotse.com/suzuki-swift-for-sale-in-tacloban/selling-2nd-hand-2014-in-aid7058731
suzuki,https://philkotse.com/suzuki-swift-for-sale-in-los-banos/2nd-hand-2015-manual-gasoline-for-sale-in-los-baos-aid7058491
suzuki,https://philkotse.com/suzuki-jimny-for-sale-in-quezon-city/2017-for-sale-in-aid7058381
suzuki,https://philkotse.com/suzuki-multi-cab-for-sale-in-san-pascual178/selling-2nd-hand-2011-in-san-pascual-aid7058161
suzuki,https://philkotse.com/suzuki-vitara-for-sale-in-angeles/selling-2nd-hand-2004-in-aid7057801
suzuki,https://philkotse.com/suzuki-swift-for-sale-in-mandaluyong/selling-2nd-hand-2015-in-aid7057781
suzuki,https://philkotse.com/suzuki-swift-for-sale-in-lipa/selling-2nd-hand-2017-at-31128-km-in-aid7057621
suzuki,https://philkotse.com/suzuki-ertiga-for-sale-in-cainta/selling-2nd-hand-2017-at-20000-km-in-aid7057091
suzuki,https://philkotse.com/suzuki-ertiga-for-sale-in-las-pinas/2016-for-sale-in-las-pias-aid7056951
suzuki,https://philkotse.com/suzuki-carry-for-sale-in-cainta/selling-white-2018-manual-diesel-in-aid7056871
suzuki,https://philkotse.com/suzuki-swift-for-sale-in-cainta/sell-2nd-hand-2017-at-20000-km-in-aid7056731
suzuki,https://philkotse.com/suzuki-ciaz-for-sale-in-davao-city/2017-for-sale-in-aid7056661
suzuki,https://philkotse.com/suzuki-celerio-for-sale-in-cainta/2nd-hand-2015-for-sale-in-aid7056571
suzuki,https://philkotse.com/suzuki-apv-for-sale-in-pasig/2nd-hand-2010-for-sale-in-aid7056221
suzuki,https://philkotse.com/suzuki-apv-for-sale-in-pasay/2nd-hand-2009-van-for-sale-in-aid7056211
suzuki,https://philkotse.com/suzuki-swift-for-sale-in-marilao/2017-for-sale-in-aid7054601
suzuki,https://philkotse.com/suzuki-celerio-for-sale-in-lapu-lapu/2016-for-sale-in-aid7053961
suzuki,https://philkotse.com/suzuki-swift-for-sale-in-batangas-city/2010-for-sale-in-aid7053631
suzuki,https://philkotse.com/suzuki-apv-for-sale-in-calamba773/selling-2018-at-14500-km-in-calamba-aid7053301
suzuki,https://philkotse.com/suzuki-multi-cab-for-sale-in-binangonan/2nd-hand-2010-at-130000-km-for-sale-in-aid7053261
suzuki,https://philkotse.com/suzuki-grand-vitara-for-sale-in-quezon-city/2nd-hand-2005-at-60000-km-for-sale-in-aid7053111
suzuki,https://philkotse.com/suzuki-jimny-for-sale-in-quezon-city/2nd-hand-2017-manual-electric-for-sale-in-aid7052951
suzuki,https://philkotse.com/suzuki-multi-cab-for-sale-in-dipolog/2016-manual-gasoline-for-sale-in-aid7051981
suzuki,https://philkotse.com/suzuki-ertiga-for-sale-in-angeles/sell-2nd-hand-2015-manual-gasoline-at-15000-km-in-aid7051311
suzuki,https://philkotse.com/suzuki-apv-for-sale-in-bacoor/2nd-hand-2013-for-sale-in-aid7051121
suzuki,https://philkotse.com/suzuki-swift-for-sale-in-cainta/2017-for-sale-in-aid7050501
suzuki,https://philkotse.com/suzuki-multi-cab-for-sale-in-malabon/manual-gasoline-for-sale-in-aid7050221
suzuki,https://philkotse.com/suzuki-multi-cab-for-sale-in-guagua/2nd-hand-2004-for-sale-in-aid7050211
suzuki,https://philkotse.com/suzuki-apv-for-sale-in-talisay486/black-2011-manual-gasoline-for-sale-aid7049691
suzuki,https://philkotse.com/suzuki-swift-for-sale-in-manila/silver-2015-automatic-gasoline-for-sale-aid7049581
suzuki,https://philkotse.com/suzuki-multi-cab-for-sale-in-bacoor/selling-2013-manual-gasoline-in-aid7048391
suzuki,https://philkotse.com/suzuki-ciaz-for-sale-in-manila/2019-manual-gasoline-for-sale-in-aid7047341
suzuki,https://philkotse.com/suzuki-vitara-for-sale-in-manila/2019-for-sale-in-aid7047331
suzuki,https://philkotse.com/suzuki-ciaz-for-sale-in-las-pinas/sell-black-2016-at-23804-km-in-las-pias-aid7046701
suzuki,https://philkotse.com/suzuki-multi-cab-for-sale-in-quezon-city/2nd-hand-2010-manual-gasoline-for-sale-in-aid7045731
suzuki,https://philkotse.com/suzuki-jimny-for-sale-in-mandaue/selling-2000-manual-gasoline-in-aid7045321
suzuki,https://philkotse.com/suzuki-apv-for-sale-in-manila/2nd-hand-2007-at-130000-km-for-sale-aid7044761
suzuki,https://philkotse.com/suzuki-alto-for-sale-in-paranaque/2nd-hand-2014-at-38000-km-for-sale-in-paraaque-aid7044611
suzuki,https://philkotse.com/suzuki-ertiga-for-sale-in-quezon-city/2019-manual-gasoline-for-sale-in-aid7043171
suzuki,https://philkotse.com/suzuki-ertiga-for-sale-in-cebu-city/selling-2015-manual-gasoline-in-aid7043131
suzuki,https://philkotse.com/suzuki-celerio-for-sale-in-lapu-lapu/2nd-hand-2011-hatchback-for-sale-in-aid7043101
suzuki,https://philkotse.com/suzuki-ertiga-for-sale-in-taytay/2014-automatic-gasoline-for-sale-in-aid7042901
suzuki,https://philkotse.com/suzuki-apv-for-sale-in-tanza/2010-for-sale-in-aid7041981
suzuki,https://philkotse.com/suzuki-swift-for-sale-in-quezon-city/selling-2016-hatchback-for-sale-in-aid7041801
suzuki,https://philkotse.com/suzuki-celerio-for-sale-in-bacoor/2nd-hand-2010-automatic-gasoline-for-sale-in-aid7041521
suzuki,https://philkotse.com/suzuki-jimny-for-sale-in-cagayan-de-oro/selling-2017-automatic-gasoline-in-aid7040931
suzuki,https://philkotse.com/suzuki-celerio-for-sale-in-talisay486/2017-for-sale-in-talisay-aid7040561
suzuki,https://philkotse.com/suzuki-apv-for-sale-in-taytay/selling-2nd-hand-in-aid7040231
suzuki,https://philkotse.com/suzuki-vitara-for-sale-in-marikina/brand-new-2019-for-sale-in-aid7039821
suzuki,https://philkotse.com/suzuki-ertiga-for-sale-in-pasig/2017-for-sale-automatic-aid7038571
suzuki,https://philkotse.com/suzuki-ciaz-for-sale-in-makati/selling-brown-2016-in-aid7038231
suzuki,https://philkotse.com/suzuki-ciaz-for-sale-in-makati/selling-white-2017-automatic-gasoline-at-15000-km-in-aid7038111
suzuki,https://philkotse.com/suzuki-multi-cab-for-sale-in-ibaan/2010-manual-gasoline-for-sale-in-aid7037871
suzuki,https://philkotse.com/suzuki-jimny-for-sale-in-quezon-city/selling-2nd-hand-2010-in-aid7037641
suzuki,https://philkotse.com/suzuki-multi-cab-for-sale-in-pasig/2nd-hand-manual-gasoline-for-sale-in-aid7036401
suzuki,https://philkotse.com/suzuki-jimny-for-sale-in-marikina/2nd-hand-2018-automatic-gasoline-for-sale-in-aid7036381
suzuki,https://philkotse.com/suzuki-ertiga-for-sale-in-quezon-city/brand-new-2019-automatic-gasoline-for-sale-in-aid7034301
suzuki,https://philkotse.com/suzuki-ciaz-for-sale-in-makati/2nd-hand-2017-for-sale-in-aid7034291
suzuki,https://philkotse.com/suzuki-celerio-for-sale-in-cebu-city/selling-2013-manual-gasoline-in-aid7033251
suzuki,https://philkotse.com/suzuki-vitara-for-sale-in-ibaan/sell-2nd-hand-1997-automatic-gasoline-at-130000-km-in-aid7032971
suzuki,https://philkotse.com/suzuki-sx4-for-sale-in-quezon-city/2013-for-sale-in-aid7032821
suzuki,https://philkotse.com/suzuki-alto-for-sale-in-antipolo/sell-2nd-hand-2008-manual-gasoline-at-83000-km-in-aid7032801
suzuki,https://philkotse.com/suzuki-jimny-for-sale-in-caloocan/selling-2019-automatic-gasoline-in-aid7032701
suzuki,https://philkotse.com/suzuki-swift-for-sale-in-quezon-city/selling-2009-automatic-gasoline-in-aid7032611
suzuki,https://philkotse.com/suzuki-vitara-for-sale-in-quezon-city/2019-automatic-gasoline-for-sale-in-aid7031561
suzuki,https://philkotse.com/suzuki-ertiga-for-sale-in-quezon-city/2019-automatic-gasoline-for-sale-in-aid7031531
suzuki,https://philkotse.com/suzuki-jimny-for-sale-in-quezon-city/selling-black-manual-gasoline-in-aid7031171
suzuki,https://philkotse.com/suzuki-multi-cab-for-sale-in-caloocan/2nd-hand-for-sale-in-aid7030731
suzuki,https://philkotse.com/suzuki-multi-cab-for-sale-in-lemery164/selling-manual-gasoline-in-lemery-aid7030721
suzuki,https://philkotse.com/suzuki-celerio-for-sale-in-mandaue/2nd-hand-2013-automatic-gasoline-for-sale-in-aid7030661
suzuki,https://philkotse.com/suzuki-alto-for-sale-in-angeles/selling-2nd-hand-2014-manual-gasoline-at-70000-km-in-aid7030261
suzuki,https://philkotse.com/suzuki-alto-for-sale-in-camaligan/2nd-hand-2016-at-30000-km-for-sale-aid7030141
suzuki,https://philkotse.com/suzuki-ertiga-for-sale-in-marikina/2nd-hand-2014-manual-gasoline-for-sale-in-aid7029841
suzuki,https://philkotse.com/suzuki-jimny-for-sale-in-santiago/selling-2003-at-70000-km-in-aid7029591
suzuki,https://philkotse.com/suzuki-multi-cab-for-sale-in-valencia278/2nd-hand-2014-manual-gasoline-for-sale-in-valencia-aid7029571
suzuki,https://philkotse.com/suzuki-multi-cab-for-sale-in-cabuyao/sell-2nd-hand-2010-manual-gasoline-at-110000-km-in-aid7029331
suzuki,https://philkotse.com/suzuki-swift-dzire-for-sale-in-manila/selling-blue-swift-drize-2013-at-23000-km-aid7029341
suzuki,https://philkotse.com/suzuki-ertiga-for-sale-in-manila/brown-2015-at-28000-km-for-sale-aid7029251
suzuki,https://philkotse.com/suzuki-celerio-for-sale-in-marikina/silver-2013-at-32000-km-for-sale-aid7029231
suzuki,https://philkotse.com/suzuki-multi-cab-for-sale-in-manila/selling-grey-2005-at-130000-km-in-aid7029021
suzuki,https://philkotse.com/suzuki-grand-vitara-for-sale-in-mandaue/2014-automatic-gasoline-for-sale-in-aid7028531
suzuki,https://philkotse.com/suzuki-apv-for-sale-in-quezon-city/2nd-hand-2011-for-sale-in-aid7028391
suzuki,https://philkotse.com/suzuki-multi-cab-for-sale-in-mandaue/2018-manual-gasoline-for-sale-in-aid7025531
suzuki,https://philkotse.com/suzuki-swift-for-sale-in-quezon-city/2006-for-sale-in-aid7025311
suzuki,https://philkotse.com/suzuki-celerio-for-sale-in-mandaluyong/sell-brand-new-2019-in-aid7025241
suzuki,https://philkotse.com/suzuki-swift-dzire-for-sale-in-antipolo/2019-automatic-gasoline-for-sale-in-aid7024641
suzuki,https://philkotse.com/suzuki-multi-cab-for-sale-in-cordova/like-new-for-sale-in-aid7024471
suzuki,https://philkotse.com/suzuki-jimny-for-sale-in-bacolor/2017-manual-gasoline-for-sale-in-aid7024341
suzuki,https://philkotse.com/suzuki-multi-cab-for-sale-in-las-pinas/selling-2nd-hand-in-las-pias-aid7023811
suzuki,https://philkotse.com/suzuki-celerio-for-sale-in-calumpit/2nd-hand-2011-at-90000-km-for-sale-in-aid7023571
suzuki,https://philkotse.com/suzuki-swift-for-sale-in-cebu-city/sell-2nd-hand-2010-manual-gasoline-at-10000-km-in-aid7023511
suzuki,https://philkotse.com/suzuki-ertiga-for-sale-in-mandaluyong/selling-2019-automatic-gasoline-in-aid7023371
suzuki,https://philkotse.com/suzuki-vitara-for-sale-in-quezon-city/selling-2nd-hand-2000-at-150000-km-in-aid7023361
suzuki,https://philkotse.com/suzuki-swift-for-sale-in-pasig/selling-2009-automatic-gasoline-in-aid7022081
suzuki,https://philkotse.com/suzuki-multi-cab-for-sale-in-pasig/2011-manual-gasoline-for-sale-in-aid7021641
suzuki,https://philkotse.com/suzuki-alto-for-sale-in-cebu-city/2nd-hand-2009-for-sale-in-aid7021431
suzuki,https://philkotse.com/suzuki-multi-cab-for-sale-in-butuan/selling-2nd-hand-2017-manual-gasoline-at-110000-km-in-aid7021381
suzuki,https://philkotse.com/suzuki-alto-for-sale-in-pasig/sell-2nd-hand-2017-hatchback-manual-gasoline-at-40000-km-in-aid7021121
suzuki,https://philkotse.com/suzuki-multi-cab-for-sale-in-liloan463/selling-2nd-hand-2014-in-liloan-aid7020751
suzuki,https://philkotse.com/suzuki-jimny-for-sale-in-cagayan-de-oro/2nd-hand-2009-for-sale-in-aid7020701
suzuki,https://philkotse.com/suzuki-apv-for-sale-in-quezon-city/selling-2nd-hand-2012-in-aid7020611
suzuki,https://philkotse.com/suzuki-multi-cab-for-sale-in-cordova/selling-2nd-hand-2016-in-aid7019661
suzuki,https://philkotse.com/suzuki-swift-for-sale-in-meycauayan/selling-2012-automatic-gasoline-in-aid7019621
suzuki,https://philkotse.com/suzuki-multi-cab-for-sale-in-lucena/2nd-hand-2014-manual-diesel-for-sale-in-aid7019181
suzuki,https://philkotse.com/suzuki-celerio-for-sale-in-mandaue/selling-2017-automatic-gasoline-in-aid7019121
suzuki,https://philkotse.com/suzuki-apv-for-sale-in-pasay/selling-2nd-hand-2009-van-at-110000-km-in-aid7018921
suzuki,https://philkotse.com/suzuki-ciaz-for-sale-in-taytay/2nd-hand-2016-at-23000-km-for-sale-in-aid7018881
suzuki,https://philkotse.com/suzuki-multi-cab-for-sale-in-butuan/selling-2015-automatic-gasoline-in-aid7018871
suzuki,https://philkotse.com/suzuki-apv-for-sale-in-las-pinas/selling-2009-suv-automatic-gasoline-in-las-pias-aid7018631
suzuki,https://philkotse.com/suzuki-celerio-for-sale-in-cebu-city/2012-for-sale-in-aid7017911
suzuki,https://philkotse.com/suzuki-swift-for-sale-in-quezon-city/sell-pearlwhite-2007-at-94000-km-aid7017261
suzuki,https://philkotse.com/suzuki-swift-for-sale-in-pasay/2nd-hand-2015-for-sale-in-aid7016161
suzuki,https://philkotse.com/suzuki-celerio-for-sale-in-quezon-city/2012-manual-gasoline-for-sale-in-aid7015871
suzuki,https://philkotse.com/suzuki-apv-for-sale-in-quezon-city/2nd-hand-2005-automatic-gasoline-for-sale-in-aid7015151
suzuki,https://philkotse.com/suzuki-jimny-for-sale-in-quezon-city/2003-manual-gasoline-for-sale-in-aid7014421
suzuki,https://philkotse.com/suzuki-apv-for-sale-in-manila/selling-silver-2012-manual-gasoline-at-60000-km-aid7014091
suzuki,https://philkotse.com/suzuki-jimny-for-sale-in-quezon-city/silver-2003-automatic-gasoline-for-sale-in-aid7013891
suzuki,https://philkotse.com/suzuki-jimny-for-sale-in-talisay486/sell-2005-manual-gasoline-at-10000-km-in-talisay-aid7013641
suzuki,https://philkotse.com/suzuki-apv-for-sale-in-pasig/2015-for-sale-in-aid7013561
suzuki,https://philkotse.com/suzuki-ciaz-for-sale-in-pasig/2017-manual-gasoline-for-sale-in-aid7013471
suzuki,https://philkotse.com/suzuki-swift-for-sale-in-pasig/2016-manual-gasoline-for-sale-in-city-aid7013351
suzuki,https://philkotse.com/suzuki-ciaz-for-sale-in-pasig/2017-for-sale-in-aid7013341
suzuki,https://philkotse.com/suzuki-ciaz-for-sale-in-pasig/2018-for-sale-in-aid7012871
suzuki,https://philkotse.com/suzuki-ciaz-for-sale-in-pasig/selling-2016-automatic-gasoline-aid7012851
suzuki,https://philkotse.com/suzuki-swift-dzire-for-sale-in-pasig/2015-for-sale-in-aid7012801
suzuki,https://philkotse.com/suzuki-apv-for-sale-in-quezon-city/selling-white-2016-in-aid7011891
suzuki,https://philkotse.com/suzuki-ciaz-for-sale-in-makati/black-2018-manual-gasoline-for-sale-in-aid7011711
suzuki,https://philkotse.com/suzuki-swift-for-sale-in-cavite-city/white-2007-for-sale-automatic-aid7011441
suzuki,https://philkotse.com/suzuki-samurai-for-sale-in-malabon/2nd-hand-manual-gasoline-for-sale-in-aid7010891
suzuki,https://philkotse.com/suzuki-jimny-for-sale-in-santa-cruz539/2015-for-sale-in-santa-cruz-aid7010871
suzuki,https://philkotse.com/suzuki-celerio-for-sale-in-quezon-city/sell-2nd-hand-2012-manual-gasoline-at-40000-km-in-aid7010551
suzuki,https://philkotse.com/suzuki-vitara-for-sale-in-quezon-city/used-1996-for-sale-in-aid7010421
suzuki,https://philkotse.com/suzuki-ertiga-for-sale-in-quezon-city/2018-for-sale-in-aid7010381
suzuki,https://philkotse.com/suzuki-bravo-for-sale-in-paranaque/sell-2nd-hand-2006-in-paraaque-aid7010371
suzuki,https://philkotse.com/suzuki-ciaz-for-sale-in-caloocan/2019-automatic-gasoline-for-sale-in-aid7009841
suzuki,https://philkotse.com/suzuki-grand-vitara-for-sale-in-manila/selling-2nd-hand-2005-manual-gasoline-at-10000-km-in-aid7009731
suzuki,https://philkotse.com/suzuki-celerio-for-sale-in-mandaue/selling-2nd-hand-2013-automatic-gasoline-in-aid7009461
suzuki,https://philkotse.com/suzuki-alto-for-sale-in-iriga/selling-2nd-hand-2015-in-aid7009141
suzuki,https://philkotse.com/suzuki-swift-for-sale-in-cainta/2009-automatic-gasoline-for-sale-in-aid7009031
suzuki,https://philkotse.com/suzuki-alto-for-sale-in-quezon-city/selling-2nd-hand-2016-in-aid7008631
suzuki,https://philkotse.com/suzuki-apv-for-sale-in-quezon-city/selling-2nd-hand-2014-manual-gasoline-at-30000-km-in-aid7008011
suzuki,https://philkotse.com/suzuki-multi-cab-for-sale-in-paranaque/2010-manual-gasoline-for-sale-in-paraaque-aid7007891
suzuki,https://philkotse.com/suzuki-multi-cab-for-sale-in-cainta/used-2006-at-50000-km-for-sale-aid7007721
suzuki,https://philkotse.com/suzuki-celerio-for-sale-in-naga367/2016-manual-gasoline-for-sale-in-naga-aid7007581
suzuki,https://philkotse.com/suzuki-swift-for-sale-in-quezon-city/2010-for-sale-in-aid7007391
suzuki,https://philkotse.com/suzuki-celerio-for-sale-in-quezon-city/2013-manual-gasoline-for-sale-in-aid7007221
suzuki,https://philkotse.com/suzuki-celerio-for-sale-in-taguig/2011-automatic-gasoline-for-sale-in-aid7006691
suzuki,https://philkotse.com/suzuki-apv-for-sale-in-general-trias/sell-2nd-hand-2005-automatic-gasoline-at-60000-km-in-aid7006681
suzuki,https://philkotse.com/suzuki-ertiga-for-sale-in-quezon-city/white-2018-for-sale-aid7005751
suzuki,https://philkotse.com/suzuki-apv-for-sale-in-quezon-city/2014-manual-gasoline-for-sale-in-aid7005121
suzuki,https://philkotse.com/suzuki-multi-cab-for-sale-in-mandaue/selling-2015-manual-gasoline-in-aid7005041
suzuki,https://philkotse.com/suzuki-ertiga-for-sale-in-davao-city/selling-2016-manual-gasoline-in-aid7005011
suzuki,https://philkotse.com/suzuki-multi-cab-for-sale-in-davao-city/sell-2nd-hand-2015-at-110000-km-in-aid7004791
suzuki,https://philkotse.com/suzuki-swift-for-sale-in-general-trias/red-2014-manual-gasoline-for-sale-in-aid7004691
suzuki,https://philkotse.com/suzuki-celerio-for-sale-in-calumpit/selling-2nd-hand-2011-at-100000-km-in-aid7003341
suzuki,https://philkotse.com/suzuki-apv-for-sale-in-quezon-city/selling-2015-at-30000-km-in-aid7003081
suzuki,https://philkotse.com/suzuki-celerio-for-sale-in-manila/red-2017-at-46000-km-for-sale-aid7001181
suzuki,https://philkotse.com/suzuki-swift-for-sale-in-manila/red-2011-at-61000-km-for-sale-aid7001001
suzuki,https://philkotse.com/suzuki-ciaz-for-sale-in-manila/black-2018-at-23582-km-for-sale-aid7000781
suzuki,https://philkotse.com/suzuki-multi-cab-for-sale-in-cebu-city/selling-2nd-hand-2009-van-in-aid7000011
suzuki,https://philkotse.com/suzuki-apv-for-sale-in-cainta/selling-2nd-hand-2014-van-in-aid6999851
suzuki,https://philkotse.com/suzuki-apv-for-sale-in-cainta/selling-2008-at-90000-km-in-aid6999371
suzuki,https://philkotse.com/suzuki-celerio-for-sale-in-paranaque/2010-automatic-gasoline-for-sale-in-paraaque-aid6998991
suzuki,https://philkotse.com/suzuki-multi-cab-for-sale-in-cebu-city/2017-for-sale-in-aid6998341
suzuki,https://philkotse.com/suzuki-apv-for-sale-in-pateros/selling-2016-manual-gasoline-in-aid6997861
suzuki,https://philkotse.com/suzuki-multi-cab-for-sale-in-lipa/manual-gasoline-for-sale-in-aid6997521
suzuki,https://philkotse.com/suzuki-multi-cab-for-sale-in-consolacion/selling-2nd-hand-in-aid6996361
suzuki,https://philkotse.com/suzuki-swift-for-sale-in-quezon-city/white-2016-for-sale-in-aid6994951
suzuki,https://philkotse.com/suzuki-grand-vitara-for-sale-in-manila/2005-automatic-gasoline-for-sale-aid6994761
suzuki,https://philkotse.com/suzuki-apv-for-sale-in-manila/2006-manual-gasoline-for-sale-in-aid6992941
suzuki,https://philkotse.com/suzuki-multi-cab-for-sale-in-cebu-city/selling-2016-van-manual-gasoline-at-60000-km-in-aid6991941
suzuki,https://philkotse.com/suzuki-ertiga-for-sale-in-makati/selling-brand-new-2019-manual-gasoline-in-aid6991221
suzuki,https://philkotse.com/suzuki-vitara-for-sale-in-manila/2nd-hand-1996-for-sale-in-aid6988911
suzuki,https://philkotse.com/suzuki-vitara-for-sale-in-guiguinto/brand-new-for-sale-in-aid6987681
suzuki,https://philkotse.com/suzuki-bravo-for-sale-in-paranaque/selling-2006-manual-gasoline-in-paraaque-aid6986111
suzuki,https://philkotse.com/suzuki-vitara-for-sale-in-manila/sell-2nd-hand-2018-automatic-gasoline-in-aid6986121
suzuki,https://philkotse.com/suzuki-alto-for-sale-in-mandaue/selling-2nd-hand-2014-in-aid6985811
suzuki,https://philkotse.com/suzuki-celerio-for-sale-in-cebu-city/sell-2nd-hand-2016-at-40000-km-in-aid6984861
suzuki,https://philkotse.com/suzuki-celerio-for-sale-in-cebu-city/2016-automatic-gasoline-for-sale-in-aid6984711
suzuki,https://philkotse.com/suzuki-ertiga-for-sale-in-dasmarinas/2015-for-sale-in-dasmarias-aid6984171
suzuki,https://philkotse.com/suzuki-apv-for-sale-in-manila/selling-2013-automatic-gasoline-in-aid6983621
suzuki,https://philkotse.com/suzuki-ertiga-for-sale-in-bacoor/red-2018-manual-gasoline-for-sale-in-aid6982761
suzuki,https://philkotse.com/suzuki-apv-for-sale-in-san-juan/2008-manual-gasoline-for-sale-in-aid6982121
suzuki,https://philkotse.com/suzuki-celerio-for-sale-in-naic/used-2011-at-70000-km-for-sale-in-aid6981791
suzuki,https://philkotse.com/suzuki-ertiga-for-sale-in-san-mateo/selling-brand-new-2019-in-aid6981501
suzuki,https://philkotse.com/suzuki-grand-vitara-for-sale-in-cebu-city/selling-2005-automatic-gasoline-in-aid6980991
suzuki,https://philkotse.com/suzuki-celerio-for-sale-in-santa-rosa796/selling-2012-automatic-gasoline-in-santa-rosa-aid6980581
suzuki,https://philkotse.com/suzuki-ertiga-for-sale-in-san-jose-del-monte/2014-manual-gasoline-for-sale-in-aid6980541
suzuki,https://philkotse.com/suzuki-wagon-r-for-sale-in-dasmarinas/sell-2nd-hand-2006-in-dasmarias-aid6980391
suzuki,https://philkotse.com/suzuki-vitara-for-sale-in-makati/2002-automatic-gasoline-for-sale-in-aid6980321
suzuki,https://philkotse.com/suzuki-celerio-for-sale-in-paranaque/selling-2013-automatic-gasoline-in-paraaque-aid6978641
suzuki,https://philkotse.com/suzuki-ciaz-for-sale-in-pasig/selling-2018-at-10000-km-in-aid6976421
suzuki,https://philkotse.com/suzuki-ciaz-for-sale-in-binan/used-2018-manual-gasoline-for-sale-in-bian-aid6975621
suzuki,https://philkotse.com/suzuki-multi-cab-for-sale-in-taytay/2016-manual-gasoline-for-sale-in-aid6975151
suzuki,https://philkotse.com/suzuki-swift-for-sale-in-paranaque/selling-used-2015-in-paraaque-aid6975121
suzuki,https://philkotse.com/suzuki-swift-for-sale-in-pasig/2013-automatic-gasoline-for-sale-in-aid6975041
suzuki,https://philkotse.com/suzuki-ertiga-for-sale-in-manila/sell-brand-new-2019-in-aid6974791
suzuki,https://philkotse.com/suzuki-swift-for-sale-in-manila/2nd-hand-2015-for-sale-in-aid6974101
suzuki,https://philkotse.com/suzuki-apv-for-sale-in-cainta/selling-2012-at-70000-km-in-aid6973971
suzuki,https://philkotse.com/suzuki-apv-for-sale-in-pasay/selling-silver-2016-in-aid6972771
suzuki,https://philkotse.com/suzuki-multi-cab-for-sale-in-taguig/2nd-hand-for-sale-in-aid6972711
suzuki,https://philkotse.com/suzuki-alto-for-sale-in-quezon-city/selling-2007-manual-gasoline-in-aid6972041
suzuki,https://philkotse.com/suzuki-bravo-for-sale-in-paranaque/2006-manual-gasoline-for-sale-in-paraaque-aid6971551
suzuki,https://philkotse.com/suzuki-celerio-for-sale-in-lapu-lapu/selling-2nd-hand-2017-in-aid6970321
suzuki,https://philkotse.com/suzuki-ertiga-for-sale-in-manila/selling-2nd-hand-2016-in-aid6970261
suzuki,https://philkotse.com/suzuki-multi-cab-for-sale-in-pasig/2011-manual-gasoline-for-sale-in-aid6970081
suzuki,https://philkotse.com/suzuki-alto-for-sale-in-quezon-city/2nd-hand-2008-for-sale-in-aid6969501
suzuki,https://philkotse.com/suzuki-multi-cab-for-sale-in-pateros/2007-manual-gasoline-for-sale-in-aid6969371
suzuki,https://philkotse.com/suzuki-swift-for-sale-in-marikina/2nd-hand-2016-for-sale-in-aid6969161
suzuki,https://philkotse.com/suzuki-grand-vitara-for-sale-in-caloocan/2002-at-110000-km-for-sale-in-aid6968261
suzuki,https://philkotse.com/suzuki-multi-cab-for-sale-in-alaminos/selling-manual-gasoline-in-aid6968241
suzuki,https://philkotse.com/suzuki-multi-cab-for-sale-in-lipa/selling-2011-manual-gasoline-in-aid6968131
suzuki,https://philkotse.com/suzuki-apv-for-sale-in-bulakan/selling-black-2007-automatic-gasoline-at-139000-km-aid6967781
suzuki,https://philkotse.com/suzuki-celerio-for-sale-in-antipolo/selling-black-2017-at-10000-km-in-aid6967641
suzuki,https://philkotse.com/suzuki-ertiga-for-sale-in-quezon-city/blue-2015-automatic-gasoline-for-sale-aid6967561
suzuki,https://philkotse.com/suzuki-jimny-for-sale-in-quezon-city/sell-black-2016-at-42000-km-aid6967351
suzuki,https://philkotse.com/suzuki-multi-cab-for-sale-in-bacoor/1996-for-sale-in-aid6966291
suzuki,https://philkotse.com/suzuki-multi-cab-for-sale-in-quezon-city/2009-manual-gasoline-for-sale-in-aid6966281
suzuki,https://philkotse.com/suzuki-swift-dzire-for-sale-in-quezon-city/selling-2nd-hand-2016-in-aid6965891
suzuki,https://philkotse.com/suzuki-ertiga-for-sale-in-dasmarinas/2019-manual-gasoline-for-sale-in-dasmarias-aid6965781
suzuki,https://philkotse.com/suzuki-celerio-for-sale-in-quezon-city/selling-2nd-hand-2018-at-13000-km-in-aid6965511
suzuki,https://philkotse.com/suzuki-multi-cab-for-sale-in-cebu-city/2nd-hand-for-sale-in-aid6964741
suzuki,https://philkotse.com/suzuki-grand-vitara-for-sale-in-cebu-city/selling-2nd-hand-2014-automatic-gasoline-at-47000-km-in-aid6964291
suzuki,https://philkotse.com/suzuki-ciaz-for-sale-in-taytay/2nd-hand-2018-automatic-gasoline-for-sale-in-aid6964001
suzuki,https://philkotse.com/suzuki-apv-for-sale-in-cainta/selling-2nd-hand-2014-at-90000-km-in-aid6963581
suzuki,https://philkotse.com/suzuki-multi-cab-for-sale-in-marikina/selling-2nd-hand-2013-in-aid6963531
suzuki,https://philkotse.com/suzuki-swift-dzire-for-sale-in-makati/2nd-hand-2000-for-sale-in-aid6963151
suzuki,https://philkotse.com/suzuki-multi-cab-for-sale-in-imus/selling-2007-at-100000-km-in-aid6962281
suzuki,https://philkotse.com/suzuki-vitara-for-sale-in-san-juan/selling-2nd-hand-2000-in-aid6959761
suzuki,https://philkotse.com/suzuki-apv-for-sale-in-makati/2018-manual-gasoline-for-sale-in-aid6959691
suzuki,https://philkotse.com/suzuki-multi-cab-for-sale-in-agoo/selling-2nd-hand-1996-manual-gasoline-at-130000-km-in-aid6959391
suzuki,https://philkotse.com/suzuki-grand-vitara-for-sale-in-mandaluyong/2nd-hand-2016-at-20000-km-for-sale-aid6959241
suzuki,https://philkotse.com/suzuki-alto-for-sale-in-paranaque/selling-2013-at-60000-km-in-paraaque-aid6959061
suzuki,https://philkotse.com/suzuki-kizashi-for-sale-in-makati/2nd-hand-2014-for-sale-in-aid6958961
suzuki,https://philkotse.com/suzuki-multi-cab-for-sale-in-cordova/selling-2nd-hand-2016-in-aid6958711
suzuki,https://philkotse.com/suzuki-celerio-for-sale-in-davao-city/selling-2nd-hand-2017-manual-gasoline-at-30000-km-in-aid6958141
suzuki,https://philkotse.com/suzuki-jimny-for-sale-in-davao-city/2nd-hand-2011-manual-gasoline-for-sale-in-aid6957951
suzuki,https://philkotse.com/suzuki-multi-cab-for-sale-in-silang/2nd-hand-2011-automatic-gasoline-for-sale-in-aid6957781
suzuki,https://philkotse.com/suzuki-multi-cab-for-sale-in-cainta/2009-manual-gasoline-for-sale-in-aid6957601
suzuki,https://philkotse.com/suzuki-swift-for-sale-in-antipolo/2017-automatic-gasoline-for-sale-in-teresa-aid6957131
suzuki,https://philkotse.com/suzuki-swift-for-sale-in-meycauayan/selling-2nd-hand-2014-in-aid6957041
suzuki,https://philkotse.com/suzuki-multi-cab-for-sale-in-silang/selling-2011-manual-gasoline-in-aid6956681
suzuki,https://philkotse.com/suzuki-multi-cab-for-sale-in-cebu-city/selling-2012-van-for-sale-in-aid6956431
suzuki,https://philkotse.com/suzuki-vitara-for-sale-in-muntinlupa/2019-for-sale-in-aid6954821
suzuki,https://philkotse.com/suzuki-swift-for-sale-in-pasig/2017-for-sale-in-aid6953821
suzuki,https://philkotse.com/suzuki-grand-vitara-for-sale-in-pasig/selling-2015-at-20000-km-in-aid6953621
suzuki,https://philkotse.com/suzuki-vitara-for-sale-in-manila/selling-1998-manual-gasoline-in-aid6952601
suzuki,https://philkotse.com/suzuki-apv-for-sale-in-lapu-lapu/selling-2009-at-60000-km-in-aid6952351
suzuki,https://philkotse.com/suzuki-multi-cab-for-sale-in-talisay486/selling-2nd-hand-2011-van-in-talisay-aid6952291
suzuki,https://philkotse.com/suzuki-alto-for-sale-in-padre-garcia/2nd-hand-2018-at-20000-km-for-sale-in-aid6952281
suzuki,https://philkotse.com/suzuki-multi-cab-for-sale-in-manila/2002-manual-gasoline-for-sale-in-aid6952261
suzuki,https://philkotse.com/suzuki-swift-for-sale-in-san-mateo/selling-red-2012-automatic-gasoline-in-aid6951891
suzuki,https://philkotse.com/suzuki-bravo-for-sale-in-paranaque/2nd-hand-2006-at-60000-km-for-sale-in-paraaque-aid6951821
suzuki,https://philkotse.com/suzuki-apv-for-sale-in-pasig/selling-2nd-hand-2019-manual-gasoline-at-10000-km-in-aid6951651
suzuki,https://philkotse.com/suzuki-apv-for-sale-in-san-simon/selling-2012-in-aid6951551
suzuki,https://philkotse.com/suzuki-alto-for-sale-in-cabanatuan/2014-manual-gasoline-for-sale-in-aid6950371
suzuki,https://philkotse.com/suzuki-multi-cab-for-sale-in-taguig/2014-manual-gasoline-for-sale-in-aid6949631
suzuki,https://philkotse.com/suzuki-multi-cab-for-sale-in-dasmarinas/selling-2nd-hand-2017-in-dasmarias-aid6949621
suzuki,https://philkotse.com/suzuki-apv-for-sale-in-davao-city/2016-manual-gasoline-for-sale-in-aid6949181
suzuki,https://philkotse.com/suzuki-apv-for-sale-in-paranaque/selling-2011-automatic-gasoline-in-paraaque-aid6948981
suzuki,https://philkotse.com/suzuki-jimny-for-sale-in-dasmarinas/2016-manual-gasoline-for-sale-in-dasmarias-aid6947721
suzuki,https://philkotse.com/suzuki-ertiga-for-sale-in-san-fernando762/2nd-hand-2015-manual-gasoline-for-sale-in-san-fernando-aid6946211
suzuki,https://philkotse.com/suzuki-multi-cab-for-sale-in-dasmarinas/selling-2017-manual-gasoline-in-dasmarias-aid6945491
suzuki,https://philkotse.com/suzuki-swift-for-sale-in-cainta/2017-for-sale-in-aid6945461
suzuki,https://philkotse.com/suzuki-grand-vitara-for-sale-in-cagayan-de-oro/selling-2nd-hand-2003-at-130000-km-in-aid6945191
suzuki,https://philkotse.com/suzuki-celerio-for-sale-in-makati/2nd-hand-2012-for-sale-in-aid6944531
suzuki,https://philkotse.com/suzuki-swift-for-sale-in-makati/2nd-hand-2017-for-sale-in-aid6944341
suzuki,https://philkotse.com/suzuki-vitara-for-sale-in-san-fernando1200/2nd-hand-1997-for-sale-in-san-fernando-aid6943861
suzuki,https://philkotse.com/suzuki-apv-for-sale-in-mabalacat/sell-2nd-hand-2011-manual-gasoline-at-50000-km-in-aid6943641
suzuki,https://philkotse.com/suzuki-swift-for-sale-in-pasig/selling-2nd-hand-2017-in-aid6943551
suzuki,https://philkotse.com/suzuki-jimny-for-sale-in-paranaque/selling-2nd-hand-2015-at-33000-km-in-paraaque-aid6943451
suzuki,https://philkotse.com/suzuki-swift-for-sale-in-quezon-city/selling-2010-manual-gasoline-in-aid6941791
suzuki,https://philkotse.com/suzuki-ertiga-for-sale-in-general-trias/2015-manual-gasoline-for-sale-in-aid6941731
suzuki,https://philkotse.com/suzuki-sx4-for-sale-in-mandaluyong/2012-automatic-gasoline-for-sale-in-aid6940861
suzuki,https://philkotse.com/suzuki-multi-cab-for-sale-in-silang/selling-2nd-hand-2017-in-aid6940731
suzuki,https://philkotse.com/suzuki-ertiga-for-sale-in-caloocan/brand-new-2019-for-sale-in-aid6940611
suzuki,https://philkotse.com/suzuki-multi-cab-for-sale-in-davao-city/selling-2nd-hand-2017-at-130000-km-in-aid6940571
suzuki,https://philkotse.com/suzuki-multi-cab-for-sale-in-liloan463/sell-2nd-hand-2012-van-manual-gasoline-at-60000-km-in-liloan-aid6939431
suzuki,https://philkotse.com/suzuki-multi-cab-for-sale-in-cainta/sell-2nd-hand-2005-manual-gasoline-at-100000-km-in-aid6939031
suzuki,https://philkotse.com/suzuki-celerio-for-sale-in-las-pinas/2nd-hand-2010-at-56000-km-for-sale-in-las-pias-aid6938951
suzuki,https://philkotse.com/suzuki-swift-for-sale-in-linamon/2013-automatic-gasoline-for-sale-in-aid6938781
suzuki,https://philkotse.com/suzuki-ciaz-for-sale-in-makati/white-2016-automatic-gasoline-for-sale-in-aid6908121
suzuki,https://philkotse.com/suzuki-ertiga-for-sale-in-general-salipada-k-pendatun/2019-for-sale-in-aid6862541
suzuki,https://philkotse.com/suzuki-alto-for-sale-in-san-francisco478/sell-blue-2017-at-21000-km-in-san-francisco-aid6853361
suzuki,https://philkotse.com/suzuki-apv-for-sale-in-quezon-city/black-2015-for-sale-in-aid6845811
suzuki,https://philkotse.com/suzuki-celerio-for-sale-in-general-salipada-k-pendatun/selling-white-2017-automatic-gasoline-for-sale-aid6815641
suzuki,https://philkotse.com/suzuki-swift-for-sale-in-cebu-city/sell-red-2015-at-manual-gasoline-at-25000-km-for-sale-aid6815091
suzuki,https://philkotse.com/suzuki-swift-for-sale-in-general-salipada-k-pendatun/selling-2015-manual-gasoline-for-sale-aid6815001
suzuki,https://philkotse.com/suzuki-swift-for-sale-in-general-salipada-k-pendatun/black-2017-for-sale-in-aid6802311
suzuki,https://philkotse.com/suzuki-jimny-for-sale-in-general-salipada-k-pendatun/black-2018-for-sale-aid6801531
suzuki,https://philkotse.com/suzuki-apv-for-sale-in-manila/for-sale-2018-at-manual-gasoline-at-9488-km-in-aid6784081
suzuki,https://philkotse.com/suzuki-ertiga-for-sale-in-cagayan-de-oro/white-2019-manual-gasoline-for-sale-aid6782641
suzuki,https://philkotse.com/suzuki-vitara-for-sale-in-cagayan-de-oro/blue-2019-for-sale-aid6782631
suzuki,https://philkotse.com/suzuki-grand-vitara-for-sale-in-quezon-city/selling-brown-2015-automatic-gasoline-in-aid6768061
suzuki,https://philkotse.com/suzuki-jimny-for-sale-in-paranaque/red-2016-automatic-gasoline-for-sale-aid6759441
suzuki,https://philkotse.com/suzuki-apv-for-sale-in-quezon-city/2015-for-sale-aid6731561
suzuki,https://philkotse.com/suzuki-ertiga-for-sale-in-quezon-city/2017-for-sale-aid6731551
suzuki,https://philkotse.com/suzuki-ertiga-for-sale-in-pasig/2017-for-sale-aid6731501
suzuki,https://philkotse.com/suzuki-apv-for-sale-in-las-pinas/2009-for-sale-aid6713071
suzuki,https://philkotse.com/suzuki-swift-for-sale-in-las-pinas/2009-for-sale-aid6712641
suzuki,https://philkotse.com/suzuki-swift-for-sale-in-bacoor/2011-for-sale-aid6701261
suzuki,https://philkotse.com/suzuki-ertiga-for-sale-in-cebu-city/2018-for-sale-aid6695511
suzuki,https://philkotse.com/suzuki-vitara-for-sale-in-manila/2015-for-sale-aid6679311
suzuki,https://philkotse.com/suzuki-apv-for-sale-in-san-mateo/2014-for-sale-aid6678411
suzuki,https://philkotse.com/suzuki-ciaz-for-sale-in-quezon-city/2018-mt-for-sale-aid6677111
suzuki,https://philkotse.com/suzuki-jimny-for-sale-in-cebu-city/2014-for-sale-aid6675911
suzuki,https://philkotse.com/suzuki-multi-cab-for-sale-in-cagayan-de-oro/1999-multicab-for-sale-aid6674471
suzuki,https://philkotse.com/suzuki-jimny-for-sale-in-quezon-city/2017-for-sale-aid6671951
suzuki,https://philkotse.com/suzuki-apv-for-sale-in-quezon-city/2017-for-sale-aid6670851
suzuki,https://philkotse.com/suzuki-swift-dzire-for-sale-in-carmona/2013-mt-for-sale-aid6669791
suzuki,https://philkotse.com/suzuki-swift-for-sale-in-taguig/2010-for-sale-aid6666511
suzuki,https://philkotse.com/suzuki-apv-for-sale-in-cebu-city/2017-for-sale-aid6665541
suzuki,https://philkotse.com/suzuki-apv-for-sale-in-makati/2018-for-sale-aid6653101
suzuki,https://philkotse.com/suzuki-ertiga-for-sale-in-pasig/2019-15-gl-mt-for-sale-aid6651551
suzuki,https://philkotse.com/suzuki-ertiga-for-sale-in-pasig/2019-15-gl-at-for-sale-aid6651561
suzuki,https://philkotse.com/suzuki-ertiga-for-sale-in-pasig/2019-14-glx-at-for-sale-aid6651541
suzuki,https://philkotse.com/suzuki-swift-for-sale-in-pasig/2019-12-gl-at-for-sale-aid6650281
suzuki,https://philkotse.com/suzuki-swift-for-sale-in-pasig/2019-12-glx-at-for-sale-aid6650291
suzuki,https://philkotse.com/suzuki-jimny-for-sale-in-pasig/2019-15-glx-4x4-at-for-sale-aid6646951
suzuki,https://philkotse.com/suzuki-jimny-for-sale-in-pasig/2019-15-gl-4x4-mt-for-sale-aid6646961
suzuki,https://philkotse.com/suzuki-carry-for-sale-in-pasig/2019-super-08-filcab-mt-for-sale-aid6646931
suzuki,https://philkotse.com/suzuki-carry-for-sale-in-pasig/2019-super-08-utility-van-mt-for-sale-aid6646941
suzuki,https://philkotse.com/suzuki-jimny-for-sale-in-pasig/2019-15-glx-4x4-at-for-sale-aid6646911
suzuki,https://philkotse.com/suzuki-vitara-for-sale-in-pasig/2019-16-gl-4x2-at-for-sale-aid6646921
suzuki,https://philkotse.com/suzuki-carry-for-sale-in-pasig/2019-super-08-cargo-van-mt-for-sale-aid6646901
suzuki,https://philkotse.com/suzuki-vitara-for-sale-in-pasig/2019-16-gl-4x2-at-for-sale-aid6646891
suzuki,https://philkotse.com/suzuki-carry-for-sale-in-pasig/2019-super-08-truck-mt-for-sale-aid6646871
suzuki,https://philkotse.com/suzuki-dzire-for-sale-in-pasig/2019-12-mt-for-sale-aid6646561
suzuki,https://philkotse.com/suzuki-dzire-for-sale-in-pasig/2019-12-at-for-sale-aid6646571
suzuki,https://philkotse.com/suzuki-celerio-for-sale-in-pasig/2019-10-gl-mt-for-sale-aid6644931
suzuki,https://philkotse.com/suzuki-ciaz-for-sale-in-pasig/2019-14-gl-at-for-sale-aid6644881
suzuki,https://philkotse.com/suzuki-ciaz-for-sale-in-pasig/2019-14-glx-at-for-sale-aid6644891
suzuki,https://philkotse.com/suzuki-apv-for-sale-in-pasig/2019-16-utility-van-mt-for-sale-aid6644851
suzuki,https://philkotse.com/suzuki-alto-for-sale-in-pasig/2019-08-standard-mt-for-sale-aid6644861
suzuki,https://philkotse.com/suzuki-apv-for-sale-in-pasig/2019-16-glx-mt-for-sale-aid6644811
suzuki,https://philkotse.com/suzuki-celerio-for-sale-in-pasig/2019-10-gl-at-for-sale-aid6644821
suzuki,https://philkotse.com/suzuki-apv-for-sale-in-pasig/2019-16-ga-mt-for-sale-aid6644831
suzuki,https://philkotse.com/suzuki-multi-cab-for-sale-in-cagayan-de-oro/2001-multicab-for-sale-aid6640501
suzuki,https://philkotse.com/suzuki-apv-for-sale-in-manila/2014-gasoline-for-sale-aid6640071
suzuki,https://philkotse.com/suzuki-ertiga-for-sale-in-pasig/2017-for-sale-aid6632871
suzuki,https://philkotse.com/suzuki-multi-cab-for-sale-in-cebu-city/2017-for-sale-aid6631131
suzuki,https://philkotse.com/suzuki-swift-for-sale-in-manila/2016-gasoline-for-sale-aid6629371
suzuki,https://philkotse.com/suzuki-kizashi-for-sale-in-manila/2013-for-sale-aid6629391
suzuki,https://philkotse.com/suzuki-multi-cab-for-sale-in-marikina/2001-multicab-for-sale-aid6627921
suzuki,https://philkotse.com/suzuki-multi-cab-for-sale-in-marikina/2000-multicab-for-sale-aid6627911
suzuki,https://philkotse.com/suzuki-celerio-for-sale-in-davao-city/2017-for-sale-aid6625051
suzuki,https://philkotse.com/suzuki-multi-cab-for-sale-in-cebu-city/2017-for-sale-aid6623411
suzuki,https://philkotse.com/suzuki-wagon-r-for-sale-in-davao-city/2015-for-sale-aid6613351
suzuki,https://philkotse.com/suzuki-alto-for-sale-in-manila/2019-for-sale-aid6612781
suzuki,https://philkotse.com/suzuki-vitara-for-sale-in-manila/2015-for-sale-aid6612801
suzuki,https://philkotse.com/suzuki-vitara-for-sale-in-manila/2015-gasoline-for-sale-aid6612771
suzuki,https://philkotse.com/suzuki-multi-cab-for-sale-in-lapu-lapu/2017-for-sale-aid6612581
suzuki,https://philkotse.com/suzuki-jimny-for-sale-in-manila/2012-for-sale-aid6612031
suzuki,https://philkotse.com/suzuki-multi-cab-for-sale-in-santo-tomas180/2012-for-sale-aid6611891
suzuki,https://philkotse.com/suzuki-ertiga-for-sale-in-manila/2018-for-sale-aid6611121
suzuki,https://philkotse.com/suzuki-kizashi-for-sale-in-makati/2012-p448000-for-sale-aid6611021
suzuki,https://philkotse.com/suzuki-vitara-for-sale-in-manila/2015-for-sale-aid6610591
suzuki,https://philkotse.com/suzuki-swift-for-sale-in-manila/2014-for-sale-aid6610341
suzuki,https://philkotse.com/suzuki-swift-for-sale-in-makati/2008-for-sale-aid6609691
suzuki,https://philkotse.com/suzuki-swift-for-sale-in-quezon-city/2018-for-sale-aid6609441
suzuki,https://philkotse.com/suzuki-ertiga-for-sale-in-quezon-city/2019-for-sale-aid6609411
suzuki,https://philkotse.com/suzuki-ciaz-for-sale-in-quezon-city/2018-for-sale-aid6609371
suzuki,https://philkotse.com/suzuki-vitara-for-sale-in-manila/2007-for-sale-aid6609111
suzuki,https://philkotse.com/suzuki-apv-for-sale-in-manila/2013-for-sale-aid6608851
suzuki,https://philkotse.com/suzuki-multi-cab-for-sale-in-manila/2017-for-sale-aid6607431
suzuki,https://philkotse.com/suzuki-multi-cab-for-sale-in-cebu-city/2011-for-sale-aid6606641
