audi,https://philkotse.com/audi-rs-5-for-sale-in-manila/sell-2019-at-198-km-in-aid7076822
audi,https://philkotse.com/audi-s3-for-sale-in-manila/blue-2016-at-5000-km-for-sale-aid7076832
audi,https://philkotse.com/audi-a4-for-sale-in-mandaluyong/2nd-hand-sedan-blue-1998-manual-for-sale-aid6748102
audi,https://philkotse.com/audi-rs-5-for-sale-in-cebu-city/2011-for-sale-aid6744813
audi,https://philkotse.com/audi-rs-5-for-sale-in-cebu-city/2011-for-sale-aid6750042
audi,https://philkotse.com/audi-a4-for-sale-in-manila/grey-2006-at-65000-km-for-sale-aid7083571
audi,https://philkotse.com/audi-q7-for-sale-in-pasig/2nd-hand-2008-automatic-gasoline-for-sale-in-aid7071741
audi,https://philkotse.com/audi-a6-for-sale-in-bacoor/2013-automatic-diesel-for-sale-in-aid7066611
audi,https://philkotse.com/audi-a6-for-sale-in-pasay/2nd-hand-2013-automatic-diesel-for-sale-in-aid7062151
audi,https://philkotse.com/audi-a4-for-sale-in-quezon-city/selling-white-2012-in-aid7060611
audi,https://philkotse.com/audi-q5-for-sale-in-baguio/selling-2013-at-80000-km-in-aid7058471
audi,https://philkotse.com/audi-a6-for-sale-in-consolacion/2004-for-sale-in-aid7056271
audi,https://philkotse.com/audi-a6-for-sale-in-iriga/selling-2020-automatic-gasoline-in-aid7055151
audi,https://philkotse.com/audi-rs-5-for-sale-in-manila/brand-new-2019-for-sale-in-aid7053161
audi,https://philkotse.com/audi-s3-for-sale-in-quezon-city/2016-automatic-gasoline-for-sale-in-aid7049151
audi,https://philkotse.com/audi-s5-for-sale-in-olongapo/selling-white-2012-automatic-gasoline-at-29000-km-aid7046621
audi,https://philkotse.com/audi-rs-5-for-sale-in-quezon-city/sell-2019-coupe-in-aid7035361
audi,https://philkotse.com/audi-a4-for-sale-in-manila/sell-brand-new-2019-automatic-gasoline-at-1000-km-in-aid7032191
audi,https://philkotse.com/audi-q7-for-sale-in-muntinlupa/2nd-hand-2011-for-sale-in-aid7030771
audi,https://philkotse.com/audi-a3-for-sale-in-quezon-city/selling-2016-automatic-diesel-in-aid7030571
audi,https://philkotse.com/audi-a6-for-sale-in-paranaque/2011-automatic-diesel-for-sale-in-paraaque-aid7027881
audi,https://philkotse.com/audi-a7-for-sale-in-quezon-city/2nd-hand-2012-automatic-gasoline-for-sale-in-aid7027691
audi,https://philkotse.com/audi-a6-for-sale-in-quezon-city/2nd-hand-2005-automatic-gasoline-for-sale-in-aid7025541
audi,https://philkotse.com/audi-quattro-for-sale-in-quezon-city/2nd-hand-2012-for-sale-in-aid7024971
audi,https://philkotse.com/audi-q7-for-sale-in-quezon-city/sell-2nd-hand-2012-at-84000-km-in-aid7022631
audi,https://philkotse.com/audi-a3-for-sale-in-quezon-city/2nd-hand-2016-automatic-diesel-for-sale-in-aid7014531
audi,https://philkotse.com/audi-rs-5-for-sale-in-bacoor/2nd-hand-2011-at-20000-km-for-sale-in-aid7008291
audi,https://philkotse.com/audi-a7-for-sale-in-quezon-city/2012-automatic-gasoline-for-sale-in-aid7003811
audi,https://philkotse.com/audi-quattro-for-sale-in-quezon-city/sell-2nd-hand-2011-in-aid7003631
audi,https://philkotse.com/audi-a4-for-sale-in-cebu-city/selling-white-2016-automatic-diesel-at-18279-km-aid7001091
audi,https://philkotse.com/audi-a6-for-sale-in-manila/black-2004-for-sale-in-aid6998241
audi,https://philkotse.com/audi-a4-for-sale-in-quezon-city/2010-automatic-diesel-for-sale-in-aid6992281
audi,https://philkotse.com/audi-q5-for-sale-in-pasig/selling-2018-at-10000-km-in-aid6990071
audi,https://philkotse.com/audi-q5-for-sale-in-san-juan/used-2015-for-sale-in-aid6989271
audi,https://philkotse.com/audi-a4-for-sale-in-quezon-city/used-2008-automatic-gasoline-for-sale-in-aid6988231
audi,https://philkotse.com/audi-a4-for-sale-in-quezon-city/selling-2010-automatic-gasoline-in-aid6986681
audi,https://philkotse.com/audi-quattro-for-sale-in-pasay/selling-2012-in-aid6985031
audi,https://philkotse.com/audi-q5-for-sale-in-muntinlupa/2018-for-sale-in-aid6984901
audi,https://philkotse.com/audi-r8-for-sale-in-pasig/2013-for-sale-in-aid6983741
audi,https://philkotse.com/audi-rs-5-for-sale-in-quezon-city/selling-2019-automatic-gasoline-in-aid6982781
audi,https://philkotse.com/audi-quattro-for-sale-in-quezon-city/used-2010-at-50000-km-for-sale-aid6982131
audi,https://philkotse.com/audi-a6-for-sale-in-mandaluyong/2013-for-sale-in-aid6980831
audi,https://philkotse.com/audi-a6-for-sale-in-quezon-city/used-2010-for-sale-in-aid6980421
audi,https://philkotse.com/audi-a6-for-sale-in-pasig/selling-2008-automatic-gasoline-in-aid6975431
audi,https://philkotse.com/audi-q3-for-sale-in-taguig/sell-white-2015-in-aid6973671
audi,https://philkotse.com/audi-rs4-for-sale-in-pasig/2nd-hand-2014-automatic-gasoline-for-sale-in-aid6960341
audi,https://philkotse.com/audi-tt-for-sale-in-pasig/2007-coupe-automatic-gasoline-for-sale-in-aid6958311
audi,https://philkotse.com/audi-a5-for-sale-in-pasig/selling-2nd-hand-2010-in-aid6956141
audi,https://philkotse.com/audi-a6-for-sale-in-manila/2nd-hand-2016-automatic-diesel-for-sale-in-aid6953661
audi,https://philkotse.com/audi-a4-for-sale-in-quezon-city/white-2009-automatic-for-sale-aid6914571
audi,https://philkotse.com/audi-a4-for-sale-in-cebu-city/sell-white-2014-at-23500-km-for-sale-aid6802261
audi,https://philkotse.com/audi-a4-for-sale-in-quezon-city/selling-white-2012-at-21000-km-aid6783541
audi,https://philkotse.com/audi-q7-for-sale-in-san-juan/2007-for-sale-aid6712031
audi,https://philkotse.com/audi-a4-for-sale-in-manila/2008-for-sale-aid6711671
audi,https://philkotse.com/audi-a4-for-sale-in-manila/2011-for-sale-aid6632131
audi,https://philkotse.com/audi-a4-for-sale-in-paranaque/2011-for-sale-aid6614791
audi,https://philkotse.com/audi-tt-for-sale-in-valenzuela/2003-for-sale-aid6613361
audi,https://philkotse.com/audi-a4-for-sale-in-muntinlupa/2014-for-sale-aid6611911
audi,https://philkotse.com/audi-q7-for-sale-in-manila/2019-for-sale-aid6611181
audi,https://philkotse.com/audi-a4-for-sale-in-manila/2019-for-sale-aid6609261
audi,https://philkotse.com/audi-a4-for-sale-in-manila/2009-at-for-sale-aid6600231
